IDW_iters4_phase_shifts1_NaiveFTFracDir_full_pi_is_0
 0.625067 0.472987 0.522454 0.440106 0.886644 0.765364 0.812557 0.656161 0.595033 0.400103 0.5259 0.632377 0.550018 0.653007 0.611865 0.616276 0.619891 0.72444 0.860721 0.835091 0.924256 0.965152 0.885373 0.805098 0.884151 0.849557 0.880339 0.455146 0.660883 0.611467 0.621337 0.659281 0.665467 0.693294 0.723843 0.725988 
IDW_iters4_phase_shifts1_NaiveFTFracDir_full_pi_is_1
 0.625067 0.472987 0.522454 0.440106 0.886644 0.765364 0.812557 0.656161 0.595033 0.400103 0.5259 0.632377 0.550018 0.653007 0.611865 0.616276 0.619891 0.72444 0.860721 0.835091 0.924256 0.965152 0.885373 0.805098 0.884151 0.849557 0.880339 0.455146 0.660883 0.611467 0.621337 0.659281 0.665467 0.693294 0.723843 0.725988 
IDW_iters4_phase_shifts1_Naive_full_pi_is_0
 0.625067 0.472987 0.522454 0.440106 0.886644 0.765364 0.812557 0.656161 0.595033 0.400103 0.5259 0.632377 0.550018 0.653007 0.611865 0.616276 0.619891 0.72444 0.860721 0.835091 0.924256 0.965152 0.885373 0.805098 0.884151 0.849557 0.880339 0.455146 0.660883 0.611467 0.621337 0.659281 0.665467 0.693294 0.723843 0.725988 
IDW_iters4_phase_shifts1_Naive_full_pi_is_1
 0.625067 0.472987 0.522454 0.440106 0.886644 0.765364 0.812557 0.656161 0.595033 0.400103 0.5259 0.632377 0.550018 0.653007 0.611865 0.616276 0.619891 0.72444 0.860721 0.835091 0.924256 0.965152 0.885373 0.805098 0.884151 0.849557 0.880339 0.455146 0.660883 0.611467 0.621337 0.659281 0.665467 0.693294 0.723843 0.725988 
IDW_iters2_phase_shifts1_Naive_full_pi_is_1
 0.811448 0.531101 0.530234 0.563046 0.808868 1.00677 1.00301 0.826662 0.748578 0.369973 0.41498 0.545492 0.635479 0.542149 0.614073 0.661078 0.662364 0.66975 0.682528 0.852173 0.838112 0.880137 0.985614 0.755719 0.77354 0.673692 0.730087 0.537836 0.698501 0.622226 0.688108 0.593252 0.647142 0.684064 0.653252 0.674453 
IDW_iters2_phase_shifts1_Naive_full_pi_is_0
 0.811448 0.531101 0.530234 0.563046 0.808868 1.00677 1.00301 0.826662 0.748578 0.369973 0.41498 0.545492 0.635479 0.542149 0.614073 0.661078 0.662364 0.66975 0.682528 0.852173 0.838112 0.880137 0.985614 0.755719 0.77354 0.673692 0.730087 0.537836 0.698501 0.622226 0.688108 0.593252 0.647142 0.684064 0.653252 0.674453 
IDW_iters2_phase_shifts1_NaiveFTFracDir_full_pi_is_1
 0.811448 0.531101 0.530234 0.563046 0.808868 1.00677 1.00301 0.826662 0.748578 0.369973 0.41498 0.545492 0.635479 0.542149 0.614073 0.661078 0.662364 0.66975 0.682528 0.852173 0.838112 0.880137 0.985614 0.755719 0.77354 0.673692 0.730087 0.537836 0.698501 0.622226 0.688108 0.593252 0.647142 0.684064 0.653252 0.674453 
IDW_iters2_phase_shifts1_NaiveFTFracDir_full_pi_is_0
 0.811448 0.531101 0.530234 0.563046 0.808868 1.00677 1.00301 0.826662 0.748578 0.369973 0.41498 0.545492 0.635479 0.542149 0.614073 0.661078 0.662364 0.66975 0.682528 0.852173 0.838112 0.880137 0.985614 0.755719 0.77354 0.673692 0.730087 0.537836 0.698501 0.622226 0.688108 0.593252 0.647142 0.684064 0.653252 0.674453 
IDW_iters5_phase_shifts1_NaiveFTFracDir_full_pi_is_0
 0.738879 0.499899 0.521302 0.456636 0.817816 0.766866 0.767557 0.658681 0.588687 0.434742 0.528295 0.632486 0.590723 0.598073 0.620795 0.643194 0.659475 0.685316 0.62504 0.80002 0.906263 0.976233 0.919313 1.05691 1.02657 0.879395 0.932237 0.656375 0.726444 0.60042 0.601367 0.648328 0.675499 0.709572 0.726002 0.70126 
IDW_iters5_phase_shifts1_NaiveFTFracDir_full_pi_is_1
 0.738879 0.499899 0.521302 0.456636 0.817816 0.766866 0.767557 0.658681 0.588687 0.434742 0.528295 0.632486 0.590723 0.598073 0.620795 0.643194 0.659475 0.685316 0.62504 0.80002 0.906263 0.976233 0.919313 1.05691 1.02657 0.879395 0.932237 0.656375 0.726444 0.60042 0.601367 0.648328 0.675499 0.709572 0.726002 0.70126 
IDW_iters5_phase_shifts1_Naive_full_pi_is_0
 0.738879 0.499899 0.521302 0.456636 0.817816 0.766866 0.767557 0.658681 0.588687 0.434742 0.528295 0.632486 0.590723 0.598073 0.620795 0.643194 0.659475 0.685316 0.62504 0.80002 0.906263 0.976233 0.919313 1.05691 1.02657 0.879395 0.932237 0.656375 0.726444 0.60042 0.601367 0.648328 0.675499 0.709572 0.726002 0.70126 
IDW_iters5_phase_shifts1_Naive_full_pi_is_1
 0.738879 0.499899 0.521302 0.456636 0.817816 0.766866 0.767557 0.658681 0.588687 0.434742 0.528295 0.632486 0.590723 0.598073 0.620795 0.643194 0.659475 0.685316 0.62504 0.80002 0.906263 0.976233 0.919313 1.05691 1.02657 0.879395 0.932237 0.656375 0.726444 0.60042 0.601367 0.648328 0.675499 0.709572 0.726002 0.70126 
Makima_iters2_phase_shifts5_NaiveFTFracDir_full_pi_is_1
 0.693401 0.503658 0.538527 0.654775 0.826172 0.994883 0.955341 0.906348 0.881842 0.511703 0.502947 0.548374 0.590489 0.60863 0.696663 0.629338 0.692985 0.7829 0.645763 0.728575 0.84297 0.860073 0.932321 0.804117 0.702488 0.778847 0.799569 0.521584 0.7396 0.571699 0.718927 0.64978 0.704189 0.695427 0.736086 0.753592 
IDW_iters7_phase_shifts1_Naive_full_pi_is_1
 0.758484 0.532496 0.767319 0.438499 0.871761 0.711567 0.71699 0.654143 0.607504 0.469092 0.611145 0.667951 0.655572 0.709084 0.683847 0.711601 0.710273 0.756921 0.512467 0.767931 0.929978 0.939906 0.904546 0.987536 1.05042 0.723305 0.971633 0.614639 0.762578 0.585152 0.517838 0.613458 0.639782 0.723637 0.706682 0.700004 
IDW_iters7_phase_shifts1_Naive_full_pi_is_0
 0.758484 0.532496 0.767319 0.438499 0.871761 0.711567 0.71699 0.654143 0.607504 0.469092 0.611145 0.667951 0.655572 0.709084 0.683847 0.711601 0.710273 0.756921 0.512467 0.767931 0.929978 0.939906 0.904546 0.987536 1.05042 0.723305 0.971633 0.614639 0.762578 0.585152 0.517838 0.613458 0.639782 0.723637 0.706682 0.700004 
IDW_iters7_phase_shifts1_NaiveFTFracDir_full_pi_is_1
 0.758484 0.532496 0.767319 0.438499 0.871761 0.711567 0.71699 0.654143 0.607504 0.469092 0.611145 0.667951 0.655572 0.709084 0.683847 0.711601 0.710273 0.756921 0.512467 0.767931 0.929978 0.939906 0.904546 0.987536 1.05042 0.723305 0.971633 0.614639 0.762578 0.585152 0.517838 0.613458 0.639782 0.723637 0.706682 0.700004 
IDW_iters7_phase_shifts1_NaiveFTFracDir_full_pi_is_0
 0.758484 0.532496 0.767319 0.438499 0.871761 0.711567 0.71699 0.654143 0.607504 0.469092 0.611145 0.667951 0.655572 0.709084 0.683847 0.711601 0.710273 0.756921 0.512467 0.767931 0.929978 0.939906 0.904546 0.987536 1.05042 0.723305 0.971633 0.614639 0.762578 0.585152 0.517838 0.613458 0.639782 0.723637 0.706682 0.700004 
RBFTPS_iters2_phase_shifts8_NaiveFTFracDir_full_pi_is_1
 0.532225 0.513288 0.514983 0.623523 0.864199 0.967899 0.966723 0.966653 0.93362 0.429256 0.434458 0.571218 0.609014 0.675468 0.646577 0.650438 0.724372 0.66265 0.661576 0.790124 0.890896 0.801702 0.835421 0.861919 0.808503 0.873533 0.784447 0.450117 0.700056 0.59774 0.732763 0.690221 0.732534 0.751155 0.763721 0.761258 
Makima_iters7_phase_shifts1_NaiveFTFracDir_full_pi_is_0
 1.0591 0.581205 0.604749 0.39666 0.752028 0.726787 0.776903 0.721527 0.662464 0.389722 0.546809 0.54946 0.559353 0.61394 0.757228 0.717819 0.736576 0.75928 0.660306 0.855882 1.02508 1.00357 0.938106 0.900111 0.830699 0.69006 0.925493 0.52525 0.71141 0.588279 0.633203 0.730504 0.668118 0.682681 0.73478 0.73736 
Makima_iters7_phase_shifts1_NaiveFTFracDir_full_pi_is_1
 1.0591 0.581205 0.604749 0.39666 0.752028 0.726787 0.776903 0.721527 0.662464 0.389722 0.546809 0.54946 0.559353 0.61394 0.757228 0.717819 0.736576 0.75928 0.660306 0.855882 1.02508 1.00357 0.938106 0.900111 0.830699 0.69006 0.925493 0.52525 0.71141 0.588279 0.633203 0.730504 0.668118 0.682681 0.73478 0.73736 
Makima_iters7_phase_shifts1_Naive_full_pi_is_0
 1.0591 0.581205 0.604749 0.39666 0.752028 0.726787 0.776903 0.721527 0.662464 0.389722 0.546809 0.54946 0.559353 0.61394 0.757228 0.717819 0.736576 0.75928 0.660306 0.855882 1.02508 1.00357 0.938106 0.900111 0.830699 0.69006 0.925493 0.52525 0.71141 0.588279 0.633203 0.730504 0.668118 0.682681 0.73478 0.73736 
Makima_iters7_phase_shifts1_Naive_full_pi_is_1
 1.0591 0.581205 0.604749 0.39666 0.752028 0.726787 0.776903 0.721527 0.662464 0.389722 0.546809 0.54946 0.559353 0.61394 0.757228 0.717819 0.736576 0.75928 0.660306 0.855882 1.02508 1.00357 0.938106 0.900111 0.830699 0.69006 0.925493 0.52525 0.71141 0.588279 0.633203 0.730504 0.668118 0.682681 0.73478 0.73736 
Makima_iters8_phase_shifts1_NaiveFTFracDir_full_pi_is_0
 0.985488 0.517476 0.547112 0.477281 0.816277 0.767269 0.839136 0.711231 0.694648 0.394246 0.574038 0.469463 0.573046 0.601798 0.708788 0.696235 0.683921 0.742513 0.606215 0.848722 1.02813 1.0083 0.955199 0.924019 0.854358 0.711147 0.982143 0.534624 0.702997 0.603589 0.574439 0.725776 0.683745 0.696575 0.745747 0.737564 
Makima_iters8_phase_shifts1_NaiveFTFracDir_full_pi_is_1
 0.985488 0.517476 0.547112 0.477281 0.816277 0.767269 0.839136 0.711231 0.694648 0.394246 0.574038 0.469463 0.573046 0.601798 0.708788 0.696235 0.683921 0.742513 0.606215 0.848722 1.02813 1.0083 0.955199 0.924019 0.854358 0.711147 0.982143 0.534624 0.702997 0.603589 0.574439 0.725776 0.683745 0.696575 0.745747 0.737564 
Makima_iters8_phase_shifts1_Naive_full_pi_is_0
 0.985488 0.517476 0.547112 0.477281 0.816277 0.767269 0.839136 0.711231 0.694648 0.394246 0.574038 0.469463 0.573046 0.601798 0.708788 0.696235 0.683921 0.742513 0.606215 0.848722 1.02813 1.0083 0.955199 0.924019 0.854358 0.711147 0.982143 0.534624 0.702997 0.603589 0.574439 0.725776 0.683745 0.696575 0.745747 0.737564 
Makima_iters8_phase_shifts1_Naive_full_pi_is_1
 0.985488 0.517476 0.547112 0.477281 0.816277 0.767269 0.839136 0.711231 0.694648 0.394246 0.574038 0.469463 0.573046 0.601798 0.708788 0.696235 0.683921 0.742513 0.606215 0.848722 1.02813 1.0083 0.955199 0.924019 0.854358 0.711147 0.982143 0.534624 0.702997 0.603589 0.574439 0.725776 0.683745 0.696575 0.745747 0.737564 
Makima_iters6_phase_shifts1_Naive_full_pi_is_1
 1.0293 0.546449 0.580634 0.410311 0.749076 0.772967 0.769767 0.711165 0.655229 0.531282 0.551897 0.81575 0.540456 0.599333 0.657502 0.692816 0.699799 0.704509 0.706661 0.828529 1.00705 1.00646 0.928452 0.73872 0.816002 0.924365 0.891186 0.506248 0.726412 0.575961 0.675683 0.733743 0.688221 0.694317 0.728964 0.739767 
Makima_iters6_phase_shifts1_Naive_full_pi_is_0
 1.0293 0.546449 0.580634 0.410311 0.749076 0.772967 0.769767 0.711165 0.655229 0.531282 0.551897 0.81575 0.540456 0.599333 0.657502 0.692816 0.699799 0.704509 0.706661 0.828529 1.00705 1.00646 0.928452 0.73872 0.816002 0.924365 0.891186 0.506248 0.726412 0.575961 0.675683 0.733743 0.688221 0.694317 0.728964 0.739767 
IDW_iters6_phase_shifts1_NaiveFTFracDir_full_pi_is_0
 0.729068 0.546342 0.535119 0.47006 0.904788 0.734378 0.764011 0.634773 0.593725 0.472605 0.559387 0.634672 0.635649 0.64925 0.673581 0.692185 0.723402 0.71502 0.596244 0.820482 0.956383 0.994769 0.996678 1.03369 0.922877 0.969511 0.965513 0.486688 0.729187 0.587944 0.598144 0.64214 0.728441 0.727468 0.716107 0.706752 
IDW_iters6_phase_shifts1_NaiveFTFracDir_full_pi_is_1
 0.729068 0.546342 0.535119 0.47006 0.904788 0.734378 0.764011 0.634773 0.593725 0.472605 0.559387 0.634672 0.635649 0.64925 0.673581 0.692185 0.723402 0.71502 0.596244 0.820482 0.956383 0.994769 0.996678 1.03369 0.922877 0.969511 0.965513 0.486688 0.729187 0.587944 0.598144 0.64214 0.728441 0.727468 0.716107 0.706752 
IDW_iters6_phase_shifts1_Naive_full_pi_is_0
 0.729068 0.546342 0.535119 0.47006 0.904788 0.734378 0.764011 0.634773 0.593725 0.472605 0.559387 0.634672 0.635649 0.64925 0.673581 0.692185 0.723402 0.71502 0.596244 0.820482 0.956383 0.994769 0.996678 1.03369 0.922877 0.969511 0.965513 0.486688 0.729187 0.587944 0.598144 0.64214 0.728441 0.727468 0.716107 0.706752 
IDW_iters6_phase_shifts1_Naive_full_pi_is_1
 0.729068 0.546342 0.535119 0.47006 0.904788 0.734378 0.764011 0.634773 0.593725 0.472605 0.559387 0.634672 0.635649 0.64925 0.673581 0.692185 0.723402 0.71502 0.596244 0.820482 0.956383 0.994769 0.996678 1.03369 0.922877 0.969511 0.965513 0.486688 0.729187 0.587944 0.598144 0.64214 0.728441 0.727468 0.716107 0.706752 
IDW_iters1_phase_shifts3_Naive_full_pi_is_1
 0.960773 0.661923 0.658968 0.70756 0.961053 0.917904 0.915186 0.970822 0.916227 0.374248 0.459571 0.517569 0.573237 0.56856 0.628597 0.579725 0.62745 0.611764 0.803036 0.949671 0.776623 0.776079 0.795395 0.70076 0.680096 0.72026 0.682808 0.427228 0.676329 0.665292 0.772191 0.798504 0.749751 0.781333 0.770769 0.773412 
IDW_iters0_phase_shifts3_Naive_full_pi_is_1
 0.960773 0.661923 0.658968 0.70756 0.961053 0.917904 0.915186 0.970822 0.916227 0.374248 0.459571 0.517569 0.573237 0.56856 0.628597 0.579725 0.62745 0.611764 0.803036 0.949671 0.776623 0.776079 0.795395 0.70076 0.680096 0.72026 0.682808 0.427228 0.676329 0.665292 0.772191 0.798504 0.749751 0.781333 0.770769 0.773412 
RBFTPS_iters3_phase_shifts1_NaiveFTFracDir_full_pi_is_0
 0.949292 0.536666 0.544885 0.47713 0.794107 0.767398 0.768952 0.764652 0.699246 0.39417 0.428426 0.529067 0.601513 0.55735 0.626965 0.652488 0.687959 0.707202 0.759715 0.957873 1.01355 1.0319 0.964343 0.786482 0.78365 0.772641 0.950853 0.544679 0.645149 0.65377 0.823255 0.783625 0.692018 0.754279 0.742572 0.716277 
RBFTPS_iters3_phase_shifts1_NaiveFTFracDir_full_pi_is_1
 0.949292 0.536666 0.544885 0.47713 0.794107 0.767398 0.768952 0.764652 0.699246 0.39417 0.428426 0.529067 0.601513 0.55735 0.626965 0.652488 0.687959 0.707202 0.759715 0.957873 1.01355 1.0319 0.964343 0.786482 0.78365 0.772641 0.950853 0.544679 0.645149 0.65377 0.823255 0.783625 0.692018 0.754279 0.742572 0.716277 
RBFTPS_iters3_phase_shifts1_Naive_full_pi_is_0
 0.949292 0.536666 0.544885 0.47713 0.794107 0.767398 0.768952 0.764652 0.699246 0.39417 0.428426 0.529067 0.601513 0.55735 0.626965 0.652488 0.687959 0.707202 0.759715 0.957873 1.01355 1.0319 0.964343 0.786482 0.78365 0.772641 0.950853 0.544679 0.645149 0.65377 0.823255 0.783625 0.692018 0.754279 0.742572 0.716277 
RBFTPS_iters3_phase_shifts1_Naive_full_pi_is_1
 0.949292 0.536666 0.544885 0.47713 0.794107 0.767398 0.768952 0.764652 0.699246 0.39417 0.428426 0.529067 0.601513 0.55735 0.626965 0.652488 0.687959 0.707202 0.759715 0.957873 1.01355 1.0319 0.964343 0.786482 0.78365 0.772641 0.950853 0.544679 0.645149 0.65377 0.823255 0.783625 0.692018 0.754279 0.742572 0.716277 
Makima_iters0_phase_shifts2_NaiveFTFracDir_full_pi_is_0
 0.985335 0.616369 0.614264 0.661423 0.779781 0.895294 0.920615 0.823119 0.875503 0.430975 0.463182 0.502716 0.553833 0.603599 0.585005 0.588766 0.611251 0.590656 0.832768 1.08921 0.849422 0.859401 0.817052 0.687828 0.680899 0.762168 0.703702 0.964501 0.708701 0.605283 0.74126 0.785781 0.674468 0.684127 0.708855 0.694394 
Makima_iters1_phase_shifts2_NaiveFTFracDir_full_pi_is_0
 0.985335 0.616369 0.614264 0.661423 0.779781 0.895294 0.920615 0.823119 0.875503 0.430975 0.463182 0.502716 0.553833 0.603599 0.585005 0.588766 0.611251 0.590656 0.832768 1.08921 0.849422 0.859401 0.817052 0.687828 0.680899 0.762168 0.703702 0.964501 0.708701 0.605283 0.74126 0.785781 0.674468 0.684127 0.708855 0.694394 
Makima_iters6_phase_shifts1_NaiveFTFracDir_full_pi_is_1
 1.0293 0.546449 0.580634 0.410311 0.749076 0.772967 0.769767 0.711165 0.655229 0.531282 0.551897 0.81575 0.540456 0.599333 0.657502 0.692816 0.699799 0.704509 0.706661 0.828529 1.00705 1.00646 0.928452 0.73872 0.816002 0.924365 0.891186 0.506248 0.726412 0.575961 0.702779 0.755877 0.705769 0.705197 0.737441 0.747786 
Makima_iters6_phase_shifts1_NaiveFTFracDir_full_pi_is_0
 1.0293 0.546449 0.580634 0.410311 0.749076 0.772967 0.769767 0.711165 0.655229 0.531282 0.551897 0.81575 0.540456 0.599333 0.657502 0.692816 0.699799 0.704509 0.706661 0.828529 1.00705 1.00646 0.928452 0.73872 0.816002 0.924365 0.891186 0.506248 0.726412 0.575961 0.702779 0.755877 0.705769 0.705197 0.737441 0.747786 
IDW_iters8_phase_shifts1_Naive_full_pi_is_1
 0.784098 0.544529 0.672707 0.473468 0.866441 0.724041 0.661694 0.659027 0.749972 0.45082 0.60337 0.660051 0.694559 0.719665 0.744653 0.733957 0.735299 0.748249 0.492801 0.758221 0.950944 0.948049 0.912689 0.978257 1.02897 0.767768 1.03808 0.476046 0.726767 0.631032 0.629819 0.664953 0.66116 0.720559 0.706011 0.700763 
IDW_iters8_phase_shifts1_Naive_full_pi_is_0
 0.784098 0.544529 0.672707 0.473468 0.866441 0.724041 0.661694 0.659027 0.749972 0.45082 0.60337 0.660051 0.694559 0.719665 0.744653 0.733957 0.735299 0.748249 0.492801 0.758221 0.950944 0.948049 0.912689 0.978257 1.02897 0.767768 1.03808 0.476046 0.726767 0.631032 0.629819 0.664953 0.66116 0.720559 0.706011 0.700763 
IDW_iters8_phase_shifts1_NaiveFTFracDir_full_pi_is_1
 0.784098 0.544529 0.672707 0.473468 0.866441 0.724041 0.661694 0.659027 0.749972 0.45082 0.60337 0.660051 0.694559 0.719665 0.744653 0.733957 0.735299 0.748249 0.492801 0.758221 0.950944 0.948049 0.912689 0.978257 1.02897 0.767768 1.03808 0.476046 0.726767 0.631032 0.629819 0.664953 0.66116 0.720559 0.706011 0.700763 
IDW_iters8_phase_shifts1_NaiveFTFracDir_full_pi_is_0
 0.784098 0.544529 0.672707 0.473468 0.866441 0.724041 0.661694 0.659027 0.749972 0.45082 0.60337 0.660051 0.694559 0.719665 0.744653 0.733957 0.735299 0.748249 0.492801 0.758221 0.950944 0.948049 0.912689 0.978257 1.02897 0.767768 1.03808 0.476046 0.726767 0.631032 0.629819 0.664953 0.66116 0.720559 0.706011 0.700763 
IDW_iters4_phase_shifts2_NaiveFTFracDir_full_pi_is_0
 0.824972 0.902537 0.604451 0.612816 0.681926 0.722221 0.763906 0.700803 0.641572 0.456499 0.463451 0.580613 0.579206 0.622362 0.642428 0.659014 0.698409 0.736624 0.966296 0.962231 0.931217 0.973475 0.913963 0.722232 0.734888 0.730273 0.861128 0.551475 0.759881 0.626917 0.699595 0.687458 0.779773 0.731016 0.811123 0.796053 
Makima_iters3_phase_shifts1_Naive_full_pi_is_1
 1.15723 0.653753 0.634738 0.559175 0.819135 0.78672 0.790441 0.744888 0.651802 0.39839 0.448975 0.55151 0.518726 0.541429 0.627697 0.63918 0.647163 0.689158 0.760027 0.970919 1.00321 0.980991 0.931627 0.816001 0.988428 0.815416 0.901948 0.451465 0.799662 0.548414 0.68338 0.693888 0.607736 0.729833 0.662176 0.649099 
Makima_iters3_phase_shifts1_Naive_full_pi_is_0
 1.15723 0.653753 0.634738 0.559175 0.819135 0.78672 0.790441 0.744888 0.651802 0.39839 0.448975 0.55151 0.518726 0.541429 0.627697 0.63918 0.647163 0.689158 0.760027 0.970919 1.00321 0.980991 0.931627 0.816001 0.988428 0.815416 0.901948 0.451465 0.799662 0.548414 0.68338 0.693888 0.607736 0.729833 0.662176 0.649099 
IDW_iters2_phase_shifts8_NaiveFTFracDir_full_pi_is_1
 0.702593 0.515193 0.590477 0.693808 0.855215 0.909868 0.904214 1.02267 0.911144 0.396229 0.421925 0.563501 0.575206 0.58384 0.627626 0.643698 0.680215 0.72016 0.596855 0.765019 1.10979 0.768452 0.989154 0.721399 0.696092 0.771462 0.840591 0.726122 0.685148 0.592491 0.813288 0.652729 0.710692 0.740053 0.762659 0.748773 
Makima_iters4_phase_shifts1_Naive_full_pi_is_1
 1.05931 0.625433 0.588331 0.479883 0.748938 0.751482 0.757737 0.748226 0.666999 0.411053 0.454897 0.675754 0.535133 0.552825 0.636449 0.671709 0.660082 0.735837 0.811177 0.947626 0.972049 0.950949 1.15087 0.916338 0.83333 0.849876 0.897985 0.53308 0.732635 0.547458 0.683014 0.666763 0.616377 0.648562 0.723296 0.695694 
Makima_iters4_phase_shifts1_Naive_full_pi_is_0
 1.05931 0.625433 0.588331 0.479883 0.748938 0.751482 0.757737 0.748226 0.666999 0.411053 0.454897 0.675754 0.535133 0.552825 0.636449 0.671709 0.660082 0.735837 0.811177 0.947626 0.972049 0.950949 1.15087 0.916338 0.83333 0.849876 0.897985 0.53308 0.732635 0.547458 0.683014 0.666763 0.616377 0.648562 0.723296 0.695694 
Makima_iters4_phase_shifts1_NaiveFTFracDir_full_pi_is_1
 1.05931 0.625433 0.588331 0.479883 0.748938 0.751482 0.757737 0.748226 0.666999 0.411053 0.454897 0.675754 0.535133 0.552825 0.636449 0.671709 0.660082 0.735837 0.811177 0.947626 0.972049 0.950949 1.15087 0.916338 0.83333 0.849876 0.897985 0.53308 0.732635 0.547458 0.683014 0.666763 0.616377 0.648562 0.723296 0.695694 
Makima_iters4_phase_shifts1_NaiveFTFracDir_full_pi_is_0
 1.05931 0.625433 0.588331 0.479883 0.748938 0.751482 0.757737 0.748226 0.666999 0.411053 0.454897 0.675754 0.535133 0.552825 0.636449 0.671709 0.660082 0.735837 0.811177 0.947626 0.972049 0.950949 1.15087 0.916338 0.83333 0.849876 0.897985 0.53308 0.732635 0.547458 0.683014 0.666763 0.616377 0.648562 0.723296 0.695694 
Makima_iters3_phase_shifts1_NaiveFTFracDir_full_pi_is_1
 1.15723 0.653753 0.634738 0.559175 0.819135 0.78672 0.790441 0.744888 0.651802 0.39839 0.448975 0.55151 0.518726 0.541429 0.627697 0.63918 0.647163 0.689158 0.751842 0.983124 1.01161 0.98848 0.93573 0.818066 0.990543 0.817196 0.903101 0.451465 0.799662 0.548414 0.68338 0.693888 0.607736 0.729833 0.662176 0.649099 
Makima_iters3_phase_shifts1_NaiveFTFracDir_full_pi_is_0
 1.15723 0.653753 0.634738 0.559175 0.819135 0.78672 0.790441 0.744888 0.651802 0.39839 0.448975 0.55151 0.518726 0.541429 0.627697 0.63918 0.647163 0.689158 0.751842 0.983124 1.01161 0.98848 0.93573 0.818066 0.990543 0.817196 0.903101 0.451465 0.799662 0.548414 0.68338 0.693888 0.607736 0.729833 0.662176 0.649099 
IDW_iters1_phase_shifts4_Naive_full_pi_is_1
 0.840305 0.674793 0.672484 0.721507 0.96674 0.927897 1.04776 0.957831 0.923196 0.358767 0.435704 0.50628 0.58656 0.566134 0.626966 0.580398 0.633359 0.618024 0.814975 0.95435 0.80442 0.778679 0.792916 0.697775 0.68258 0.731531 0.691229 0.41772 0.654642 0.690626 0.76713 0.814846 0.752747 0.778154 0.777056 0.784104 
IDW_iters0_phase_shifts4_Naive_full_pi_is_1
 0.840305 0.674793 0.672484 0.721507 0.96674 0.927897 1.04776 0.957831 0.923196 0.358767 0.435704 0.50628 0.58656 0.566134 0.626966 0.580398 0.633359 0.618024 0.814975 0.95435 0.80442 0.778679 0.792916 0.697775 0.68258 0.731531 0.691229 0.41772 0.654642 0.690626 0.76713 0.814846 0.752747 0.778154 0.777056 0.784104 
IDW_iters3_phase_shifts2_NaiveFTFracDir_full_pi_is_0
 0.839834 0.613158 0.569484 0.591065 0.746028 0.776644 0.783785 0.776145 0.66681 0.412753 0.450253 0.528826 0.524484 0.633922 0.627728 0.636531 0.650998 0.696637 1.52015 0.915336 0.903474 0.930016 0.945453 0.728677 0.695034 0.719584 0.83189 0.434154 0.72599 0.619531 0.711602 0.65245 0.706466 0.717832 0.770754 0.75144 
Makima_iters2_phase_shifts4_NaiveFTFracDir_full_pi_is_1
 0.607888 0.823401 0.761067 0.647691 0.787036 0.884937 0.949975 0.90824 0.827766 0.473715 0.453982 0.496286 0.58533 0.59222 0.667523 0.607548 0.640192 0.658143 0.645409 0.761788 1.22967 0.851099 0.783312 0.832123 0.779904 0.790034 0.989354 0.526158 0.693916 0.656062 0.76318 0.677386 0.723749 0.668768 0.682962 0.679079 
RBFTPS_iters2_phase_shifts5_NaiveFTFracDir_full_pi_is_1
 0.651807 0.61338 0.537757 0.665669 0.874604 1.01663 0.94043 0.952664 0.943512 0.499966 0.462938 0.525389 0.59631 0.617317 0.668104 0.666228 0.686675 0.68029 0.688987 0.758827 0.929201 0.824875 0.822933 0.933012 0.770512 0.830539 0.760465 0.529253 0.670512 0.659762 0.772448 0.706463 0.72081 0.726283 0.756538 0.766358 
Makima_iters2_phase_shifts7_NaiveFTFracDir_full_pi_is_1
 0.661658 0.59938 0.580361 0.716088 0.860374 0.885776 0.939217 0.969143 0.894454 0.399467 0.384509 0.45024 0.575071 0.579867 0.630194 0.626082 0.671026 0.677781 0.585938 0.736186 1.18974 0.880283 1.01218 0.81513 0.81023 0.764318 0.822748 0.784171 0.788297 0.599727 0.6694 0.626361 0.686728 0.694638 0.756699 0.723549 
Makima_iters0_phase_shifts3_Naive_full_pi_is_1
 0.986504 0.632662 0.644017 0.673121 0.899547 0.907127 0.901797 0.946126 0.838297 0.417678 0.446151 0.495768 0.548506 0.576146 0.602027 0.573751 0.613045 0.595373 0.781973 1.03367 0.800119 0.768361 0.766748 0.695127 0.671791 0.673819 0.633894 0.853468 0.659003 0.867832 0.894818 0.743133 0.758663 0.764656 0.768262 0.775169 
Makima_iters1_phase_shifts3_Naive_full_pi_is_1
 0.986504 0.632662 0.644017 0.673121 0.899547 0.907127 0.901797 0.946126 0.838297 0.417678 0.446151 0.495768 0.548506 0.576146 0.602027 0.573751 0.613045 0.595373 0.781973 1.03367 0.800119 0.768361 0.766748 0.695127 0.671791 0.673819 0.633894 0.853468 0.659003 0.867832 0.894818 0.743133 0.758663 0.764656 0.768262 0.775169 
Makima_iters9_phase_shifts1_Naive_full_pi_is_0
 0.993546 0.568794 0.568632 0.485082 0.830909 0.827665 0.851782 0.708936 0.707348 0.441143 0.521649 0.564593 0.555363 0.582991 0.683351 0.699966 0.718247 0.748861 0.63732 0.845828 1.02884 0.993944 0.940057 0.976159 0.851285 0.715048 1.00717 0.525142 0.703305 0.622118 0.592624 0.735785 0.693448 0.704819 0.762556 0.754205 
Makima_iters9_phase_shifts1_Naive_full_pi_is_1
 0.993546 0.568794 0.568632 0.485082 0.830909 0.827665 0.851782 0.708936 0.707348 0.441143 0.521649 0.564593 0.555363 0.582991 0.683351 0.699966 0.718247 0.748861 0.63732 0.845828 1.02884 0.993944 0.940057 0.976159 0.851285 0.715048 1.00717 0.525142 0.703305 0.622118 0.592624 0.735785 0.693448 0.704819 0.762556 0.754205 
Makima_iters9_phase_shifts1_NaiveFTFracDir_full_pi_is_1
 0.993546 0.568794 0.568632 0.485082 0.830909 0.827665 0.851782 0.708936 0.707348 0.441143 0.521649 0.564593 0.555363 0.582991 0.683351 0.699966 0.718247 0.748861 0.63732 0.845828 1.02884 0.993944 0.940057 0.976159 0.851285 0.715048 1.00717 0.525142 0.703305 0.622118 0.592624 0.735785 0.693448 0.704819 0.762556 0.754205 
Makima_iters9_phase_shifts1_NaiveFTFracDir_full_pi_is_0
 0.993546 0.568794 0.568632 0.485082 0.830909 0.827665 0.851782 0.708936 0.707348 0.441143 0.521649 0.564593 0.555363 0.582991 0.683351 0.699966 0.718247 0.748861 0.63732 0.845828 1.02884 0.993944 0.940057 0.976159 0.851285 0.715048 1.00717 0.525142 0.703305 0.622118 0.592624 0.735785 0.693448 0.704819 0.762556 0.754205 
IDW_iters9_phase_shifts1_Naive_full_pi_is_1
 0.803916 0.557614 0.571789 0.476383 0.890321 0.877033 0.682387 0.666159 0.569414 0.438263 0.627671 0.709759 0.684628 0.67148 0.677895 0.747002 0.768918 0.747247 0.470129 0.76422 0.972472 0.947639 0.92404 1.00792 0.971727 0.798728 1.05371 0.575051 0.711445 0.660163 0.652344 0.68155 0.677966 0.747227 0.728774 0.720113 
IDW_iters9_phase_shifts1_NaiveFTFracDir_full_pi_is_0
 0.803916 0.557614 0.571789 0.476383 0.890321 0.877033 0.682387 0.666159 0.569414 0.438263 0.627671 0.709759 0.684628 0.67148 0.677895 0.747002 0.768918 0.747247 0.470129 0.76422 0.972472 0.947639 0.92404 1.00792 0.971727 0.798728 1.05371 0.575051 0.711445 0.660163 0.652344 0.68155 0.677966 0.747227 0.728774 0.720113 
IDW_iters9_phase_shifts1_Naive_full_pi_is_0
 0.803916 0.557614 0.571789 0.476383 0.890321 0.877033 0.682387 0.666159 0.569414 0.438263 0.627671 0.709759 0.684628 0.67148 0.677895 0.747002 0.768918 0.747247 0.470129 0.76422 0.972472 0.947639 0.92404 1.00792 0.971727 0.798728 1.05371 0.575051 0.711445 0.660163 0.652344 0.68155 0.677966 0.747227 0.728774 0.720113 
IDW_iters9_phase_shifts1_NaiveFTFracDir_full_pi_is_1
 0.803916 0.557614 0.571789 0.476383 0.890321 0.877033 0.682387 0.666159 0.569414 0.438263 0.627671 0.709759 0.684628 0.67148 0.677895 0.747002 0.768918 0.747247 0.470129 0.76422 0.972472 0.947639 0.92404 1.00792 0.971727 0.798728 1.05371 0.575051 0.711445 0.660163 0.652344 0.68155 0.677966 0.747227 0.728774 0.720113 
IDW_iters2_phase_shifts7_NaiveFTFracDir_full_pi_is_1
 0.740461 0.579355 0.62884 0.819016 0.872693 0.911308 0.912389 0.966904 0.946727 0.339273 0.429198 0.49538 0.578177 0.560287 0.614806 0.68268 0.68358 0.71509 0.626448 0.766498 1.05139 0.776544 0.991109 0.717359 0.7083 0.772001 0.821349 0.640068 0.722483 0.610547 0.810082 0.664051 0.781301 0.753604 0.765193 0.766316 
Makima_iters2_phase_shifts8_NaiveFTFracDir_full_pi_is_1
 0.675318 0.504857 0.530141 0.656542 0.762072 0.936028 0.943149 0.87218 0.85614 0.366904 0.420293 0.517617 0.592939 0.591489 0.729401 0.608996 0.686315 0.67226 0.61803 0.745757 1.22104 0.875049 1.11552 0.947005 0.876217 0.874628 0.967032 0.663022 0.69098 0.533818 0.625815 0.619361 0.646784 0.661097 0.700622 0.675173 
IDW_iters2_phase_shifts2_NaiveFTFracDir_full_pi_is_0
 0.922387 0.557237 0.667884 0.680164 0.797771 0.870149 0.874875 1.10414 0.88779 0.373185 0.375768 0.498944 0.52698 0.548867 0.614141 0.676118 0.681503 0.671472 0.732035 0.952679 0.865973 1.02196 0.971301 0.920313 0.809015 0.643776 0.747541 0.551471 0.737594 0.64217 0.672379 0.698671 0.684948 0.708984 0.72303 0.723459 
Makima_iters5_phase_shifts1_NaiveFTFracDir_full_pi_is_1
 1.18775 0.665535 0.634973 0.486669 0.769346 0.78014 0.774016 0.72508 0.659059 0.418883 0.485933 0.75743 0.555922 0.588134 0.656589 0.695485 0.717524 0.787929 0.835132 0.888269 0.979257 0.992142 0.983091 0.721786 0.760207 0.812056 0.819752 0.561268 0.753876 0.575201 0.71922 0.715212 0.667908 0.678137 0.790907 0.687274 
Makima_iters5_phase_shifts1_Naive_full_pi_is_0
 1.18775 0.665535 0.634973 0.486669 0.769346 0.78014 0.774016 0.72508 0.659059 0.418883 0.485933 0.75743 0.555922 0.588134 0.656589 0.695485 0.717524 0.787929 0.835132 0.888269 0.979257 0.992142 0.983091 0.721786 0.760207 0.812056 0.819752 0.561268 0.753876 0.575201 0.71922 0.715212 0.667908 0.678137 0.790907 0.687274 
Makima_iters5_phase_shifts1_Naive_full_pi_is_1
 1.18775 0.665535 0.634973 0.486669 0.769346 0.78014 0.774016 0.72508 0.659059 0.418883 0.485933 0.75743 0.555922 0.588134 0.656589 0.695485 0.717524 0.787929 0.835132 0.888269 0.979257 0.992142 0.983091 0.721786 0.760207 0.812056 0.819752 0.561268 0.753876 0.575201 0.71922 0.715212 0.667908 0.678137 0.790907 0.687274 
Makima_iters5_phase_shifts1_NaiveFTFracDir_full_pi_is_0
 1.18775 0.665535 0.634973 0.486669 0.769346 0.78014 0.774016 0.72508 0.659059 0.418883 0.485933 0.75743 0.555922 0.588134 0.656589 0.695485 0.717524 0.787929 0.835132 0.888269 0.979257 0.992142 0.983091 0.721786 0.760207 0.812056 0.819752 0.561268 0.753876 0.575201 0.71922 0.715212 0.667908 0.678137 0.790907 0.687274 
Makima_iters3_phase_shifts8_NaiveFTFracDir_full_pi_is_1
 0.720202 0.593716 0.624878 0.672063 0.700222 0.867367 0.875806 1.04908 0.731195 0.408567 0.428099 0.525658 0.548242 0.540278 0.548483 0.588018 0.62086 0.633815 0.626894 0.607324 1.07945 0.887392 1.04953 1.15878 1.03959 1.06433 0.995126 0.493751 0.752421 0.542239 0.647746 0.594612 0.644114 0.665792 0.689103 0.691829 
RBFTPS_iters2_phase_shifts9_NaiveFTFracDir_full_pi_is_1
 0.516455 0.540829 0.540667 0.691859 0.892316 0.937208 0.911362 0.987874 0.971438 0.445572 0.42714 0.486728 0.586329 0.655993 0.740849 0.667704 0.687558 0.719419 0.646379 0.771181 0.886774 0.784658 0.902095 0.86819 0.782511 0.912572 0.972744 0.640042 0.782244 0.626963 0.761078 0.688947 0.716663 0.718964 0.747176 0.739248 
RBFTPS_iters3_phase_shifts2_NaiveFTFracDir_full_pi_is_0
 0.609362 0.563262 0.507641 0.55603 0.727671 0.760059 0.765812 0.874677 0.750422 0.412491 0.417837 0.580496 0.532225 0.559397 0.678431 0.670924 0.682052 0.703603 0.69271 0.930682 0.984319 1.00832 1.05393 0.631282 0.74041 0.778345 0.936492 1.02895 0.907315 0.663926 0.808574 0.783784 0.684021 0.765309 0.773909 0.758636 
Makima_iters2_phase_shifts9_NaiveFTFracDir_full_pi_is_1
 0.681151 0.528634 0.548598 0.699423 0.766891 0.897699 0.902932 0.896398 0.886733 0.379186 0.394871 0.475511 0.61374 0.584283 0.625356 0.615555 0.779946 0.709802 0.602767 0.714223 1.21848 0.885774 1.00512 0.905056 0.818551 0.904556 0.883761 0.680012 0.70018 0.699441 0.690855 0.666826 0.714508 0.709587 0.741201 0.712955 
Makima_iters3_phase_shifts2_NaiveFTFracDir_full_pi_is_0
 0.934713 0.548203 0.56205 0.631629 0.657762 0.750147 0.746478 0.859302 0.70333 0.444947 0.451243 0.669344 0.550236 0.529997 0.616269 0.639744 0.647258 0.634499 0.728366 0.860514 0.972651 0.982903 1.01993 0.866645 0.839526 0.834768 0.841512 1.00419 0.855387 0.618815 0.756037 0.715696 0.643347 0.747616 0.771146 0.775417 
IDW_iters2_phase_shifts5_NaiveFTFracDir_full_pi_is_1
 0.690347 0.557253 0.579503 0.691241 0.937793 0.953027 0.943026 1.08256 0.945554 0.402878 0.449005 0.511371 0.574327 0.577126 0.672876 0.657187 0.723344 0.70631 0.650215 0.778861 1.2096 0.758958 0.940565 0.821396 0.668256 0.76112 0.760548 0.618886 0.693872 0.586958 0.687075 0.666556 0.755428 0.745515 0.774694 0.750653 
IDW_iters0_phase_shifts1_Naive_full_pi_is_0
 1.01166 0.697208 0.692787 0.63072 0.899237 0.984409 0.978429 0.864373 0.880682 0.364597 0.40951 0.546038 0.588084 0.543918 0.532316 0.583947 0.626592 0.590652 0.843164 0.989027 0.833405 0.87909 0.834156 0.617472 0.655479 0.668707 0.708177 1.16983 0.720443 0.666329 0.689916 0.764682 0.687217 0.710777 0.695104 0.701068 
IDW_iters0_phase_shifts1_Naive_full_pi_is_1
 1.01166 0.697208 0.692787 0.63072 0.899237 0.984409 0.978429 0.864373 0.880682 0.364597 0.40951 0.546038 0.588084 0.543918 0.532316 0.583947 0.626592 0.590652 0.843164 0.989027 0.833405 0.87909 0.834156 0.617472 0.655479 0.668707 0.708177 1.16983 0.720443 0.666329 0.689916 0.764682 0.687217 0.710777 0.695104 0.701068 
IDW_iters0_phase_shifts1_NaiveFTFracDir_full_pi_is_0
 1.01166 0.697208 0.692787 0.63072 0.899237 0.984409 0.978429 0.864373 0.880682 0.364597 0.40951 0.546038 0.588084 0.543918 0.532316 0.583947 0.626592 0.590652 0.843164 0.989027 0.833405 0.87909 0.834156 0.617472 0.655479 0.668707 0.708177 1.16983 0.720443 0.666329 0.689916 0.764682 0.687217 0.710777 0.695104 0.701068 
IDW_iters0_phase_shifts1_NaiveFTFracDir_full_pi_is_1
 1.01166 0.697208 0.692787 0.63072 0.899237 0.984409 0.978429 0.864373 0.880682 0.364597 0.40951 0.546038 0.588084 0.543918 0.532316 0.583947 0.626592 0.590652 0.843164 0.989027 0.833405 0.87909 0.834156 0.617472 0.655479 0.668707 0.708177 1.16983 0.720443 0.666329 0.689916 0.764682 0.687217 0.710777 0.695104 0.701068 
IDW_iters1_phase_shifts1_Naive_full_pi_is_1
 1.01166 0.697208 0.692787 0.63072 0.899237 0.984409 0.978429 0.864373 0.880682 0.364597 0.40951 0.546038 0.588084 0.543918 0.532316 0.583947 0.626592 0.590652 0.843164 0.989027 0.833405 0.87909 0.834156 0.617472 0.655479 0.668707 0.708177 1.16983 0.720443 0.666329 0.689916 0.764682 0.687217 0.710777 0.695104 0.701068 
IDW_iters1_phase_shifts1_Naive_full_pi_is_0
 1.01166 0.697208 0.692787 0.63072 0.899237 0.984409 0.978429 0.864373 0.880682 0.364597 0.40951 0.546038 0.588084 0.543918 0.532316 0.583947 0.626592 0.590652 0.843164 0.989027 0.833405 0.87909 0.834156 0.617472 0.655479 0.668707 0.708177 1.16983 0.720443 0.666329 0.689916 0.764682 0.687217 0.710777 0.695104 0.701068 
IDW_iters1_phase_shifts1_NaiveFTFracDir_full_pi_is_1
 1.01166 0.697208 0.692787 0.63072 0.899237 0.984409 0.978429 0.864373 0.880682 0.364597 0.40951 0.546038 0.588084 0.543918 0.532316 0.583947 0.626592 0.590652 0.843164 0.989027 0.833405 0.87909 0.834156 0.617472 0.655479 0.668707 0.708177 1.16983 0.720443 0.666329 0.689916 0.764682 0.687217 0.710777 0.695104 0.701068 
IDW_iters1_phase_shifts1_NaiveFTFracDir_full_pi_is_0
 1.01166 0.697208 0.692787 0.63072 0.899237 0.984409 0.978429 0.864373 0.880682 0.364597 0.40951 0.546038 0.588084 0.543918 0.532316 0.583947 0.626592 0.590652 0.843164 0.989027 0.833405 0.87909 0.834156 0.617472 0.655479 0.668707 0.708177 1.16983 0.720443 0.666329 0.689916 0.764682 0.687217 0.710777 0.695104 0.701068 
IDW_iters3_phase_shifts5_NaiveFTFracDir_full_pi_is_0
 0.982219 0.664816 0.655535 0.652944 0.774408 0.83045 0.936131 0.856279 0.750187 0.356844 0.463846 0.522359 0.5574 0.58594 0.642843 0.649168 0.674442 0.705007 0.692481 0.965566 0.897376 0.938781 0.920589 0.815691 0.967535 0.701856 0.788515 0.389069 0.873616 0.724155 0.784474 0.68193 0.769805 0.698902 0.765397 0.766223 
RBFTPS_iters2_phase_shifts1_NaiveFTFracDir_full_pi_is_1
 0.76624 0.481435 0.497844 0.464158 0.807733 0.809789 0.806757 0.916777 0.82624 0.390483 0.449118 0.615849 0.573175 0.616703 0.595414 0.715424 0.640609 0.653605 0.707822 1.05399 1.00259 0.997602 0.931552 0.693523 0.672795 0.731499 0.825749 1.22343 0.788956 0.658136 0.794258 0.793974 0.691754 0.686488 0.702422 0.707925 
RBFTPS_iters2_phase_shifts1_Naive_full_pi_is_1
 0.76624 0.481435 0.497844 0.464158 0.807733 0.809789 0.806757 0.916777 0.82624 0.390483 0.449118 0.615849 0.573175 0.616703 0.595414 0.715424 0.640609 0.653605 0.707822 1.05399 1.00259 0.997602 0.931552 0.693523 0.672795 0.731499 0.825749 1.22343 0.788956 0.658136 0.794258 0.793974 0.691754 0.686488 0.702422 0.707925 
RBFTPS_iters2_phase_shifts1_Naive_full_pi_is_0
 0.76624 0.481435 0.497844 0.464158 0.807733 0.809789 0.806757 0.916777 0.82624 0.390483 0.449118 0.615849 0.573175 0.616703 0.595414 0.715424 0.640609 0.653605 0.707822 1.05399 1.00259 0.997602 0.931552 0.693523 0.672795 0.731499 0.825749 1.22343 0.788956 0.658136 0.794258 0.793974 0.691754 0.686488 0.702422 0.707925 
RBFTPS_iters2_phase_shifts1_NaiveFTFracDir_full_pi_is_0
 0.76624 0.481435 0.497844 0.464158 0.807733 0.809789 0.806757 0.916777 0.82624 0.390483 0.449118 0.615849 0.573175 0.616703 0.595414 0.715424 0.640609 0.653605 0.707822 1.05399 1.00259 0.997602 0.931552 0.693523 0.672795 0.731499 0.825749 1.22343 0.788956 0.658136 0.794258 0.793974 0.691754 0.686488 0.702422 0.707925 
IDW_iters3_phase_shifts1_Naive_full_pi_is_1
 0.708117 0.472132 0.521399 0.427459 0.809374 0.808596 0.802735 0.733017 0.640891 0.416255 0.429034 0.649737 0.545539 0.559008 0.657522 0.683804 0.65884 0.733896 1.58653 0.848612 0.899851 0.93268 0.962391 0.957112 1.04709 0.768616 0.837967 0.489143 0.719055 0.63921 0.644827 0.659277 0.669262 0.687969 0.671011 0.670291 
IDW_iters3_phase_shifts1_Naive_full_pi_is_0
 0.708117 0.472132 0.521399 0.427459 0.809374 0.808596 0.802735 0.733017 0.640891 0.416255 0.429034 0.649737 0.545539 0.559008 0.657522 0.683804 0.65884 0.733896 1.58653 0.848612 0.899851 0.93268 0.962391 0.957112 1.04709 0.768616 0.837967 0.489143 0.719055 0.63921 0.644827 0.659277 0.669262 0.687969 0.671011 0.670291 
IDW_iters3_phase_shifts1_NaiveFTFracDir_full_pi_is_1
 0.708117 0.472132 0.521399 0.427459 0.809374 0.808596 0.802735 0.733017 0.640891 0.416255 0.429034 0.649737 0.545539 0.559008 0.657522 0.683804 0.65884 0.733896 1.58653 0.848612 0.899851 0.93268 0.962391 0.957112 1.04709 0.768616 0.837967 0.489143 0.719055 0.63921 0.644827 0.659277 0.669262 0.687969 0.671011 0.670291 
IDW_iters3_phase_shifts1_NaiveFTFracDir_full_pi_is_0
 0.708117 0.472132 0.521399 0.427459 0.809374 0.808596 0.802735 0.733017 0.640891 0.416255 0.429034 0.649737 0.545539 0.559008 0.657522 0.683804 0.65884 0.733896 1.58653 0.848612 0.899851 0.93268 0.962391 0.957112 1.04709 0.768616 0.837967 0.489143 0.719055 0.63921 0.644827 0.659277 0.669262 0.687969 0.671011 0.670291 
Makima_iters0_phase_shifts2_Naive_full_pi_is_1
 1.05417 0.590185 0.588912 0.641939 0.923382 0.87906 0.879523 0.870636 1.05781 0.408105 0.459041 0.493634 0.541934 0.57257 0.590729 0.560128 0.601483 0.607795 0.76757 0.979991 0.796325 0.759181 0.759088 0.758163 0.740541 0.735923 0.72078 0.909981 0.875721 0.844392 0.785126 0.720562 0.732986 0.74863 0.770922 0.768381 
Makima_iters1_phase_shifts2_Naive_full_pi_is_1
 1.05417 0.590185 0.588912 0.641939 0.923382 0.87906 0.879523 0.870636 1.05781 0.408105 0.459041 0.493634 0.541934 0.57257 0.590729 0.560128 0.601483 0.607795 0.76757 0.979991 0.796325 0.759181 0.759088 0.758163 0.740541 0.735923 0.72078 0.909981 0.875721 0.844392 0.785126 0.720562 0.732986 0.74863 0.770922 0.768381 
Makima_iters2_phase_shifts6_NaiveFTFracDir_full_pi_is_1
 0.652597 0.569724 0.537902 0.700967 0.875187 0.972516 0.97918 0.948302 0.906947 0.465888 0.444202 0.464086 0.586491 0.615363 0.647983 0.650174 0.692074 0.694887 0.67661 0.763932 0.905234 0.864737 1.02017 0.922262 0.893701 0.886982 0.930676 0.685039 0.834753 0.584727 0.727922 0.643759 0.674079 0.687458 0.712706 0.698619 
RBFTPS_iters2_phase_shifts7_NaiveFTFracDir_full_pi_is_1
 0.544597 0.595958 0.594091 0.693827 0.893689 0.918174 0.921739 0.999687 0.898614 0.453858 0.440401 0.491537 0.565158 0.623102 0.641183 0.659123 0.704122 0.691898 0.655453 0.802739 1.11774 0.778327 0.891254 0.951911 0.800769 0.873697 0.771822 0.708356 0.755247 0.693844 0.766888 0.696191 0.719675 0.73838 0.771682 0.765456 
IDW_iters0_phase_shifts3_NaiveFTFracDir_full_pi_is_0
 0.951791 0.762015 0.793985 0.721339 0.794532 0.950808 0.9467 0.992456 0.948576 0.339682 0.415625 0.452015 0.6023 0.612797 0.69522 0.680458 0.6995 0.685682 0.753003 0.945076 0.798225 0.840765 0.794976 0.653463 0.702697 0.7594 0.610837 0.951877 0.703378 0.643515 0.695213 0.787917 0.825661 0.70628 0.737843 0.697632 
IDW_iters1_phase_shifts3_NaiveFTFracDir_full_pi_is_0
 0.951791 0.762015 0.793985 0.721339 0.794532 0.950808 0.9467 0.992456 0.948576 0.339682 0.415625 0.452015 0.6023 0.612797 0.69522 0.680458 0.6995 0.685682 0.753003 0.945076 0.798225 0.840765 0.794976 0.653463 0.702697 0.7594 0.610837 0.951877 0.703378 0.643515 0.695213 0.787917 0.825661 0.70628 0.737843 0.697632 
RBFTPS_iters4_phase_shifts1_NaiveFTFracDir_full_pi_is_1
 1.01422 0.597318 0.582991 0.484905 0.875407 0.816586 0.818273 0.785632 0.690328 0.382049 0.458774 0.645852 0.547602 0.606735 0.65666 0.672907 0.648531 0.687028 0.79382 0.903902 0.999721 1.02072 0.967175 0.899478 0.86491 0.815987 0.976328 0.533826 0.765653 0.631609 0.768341 0.719554 0.702102 0.785232 0.729808 0.730645 
RBFTPS_iters4_phase_shifts1_Naive_full_pi_is_0
 1.01422 0.597318 0.582991 0.484905 0.875407 0.816586 0.818273 0.785632 0.690328 0.382049 0.458774 0.645852 0.547602 0.606735 0.65666 0.672907 0.648531 0.687028 0.79382 0.903902 0.999721 1.02072 0.967175 0.899478 0.86491 0.815987 0.976328 0.533826 0.765653 0.631609 0.768341 0.719554 0.702102 0.785232 0.729808 0.730645 
RBFTPS_iters4_phase_shifts1_NaiveFTFracDir_full_pi_is_0
 1.01422 0.597318 0.582991 0.484905 0.875407 0.816586 0.818273 0.785632 0.690328 0.382049 0.458774 0.645852 0.547602 0.606735 0.65666 0.672907 0.648531 0.687028 0.79382 0.903902 0.999721 1.02072 0.967175 0.899478 0.86491 0.815987 0.976328 0.533826 0.765653 0.631609 0.768341 0.719554 0.702102 0.785232 0.729808 0.730645 
RBFTPS_iters4_phase_shifts1_Naive_full_pi_is_1
 1.01422 0.597318 0.582991 0.484905 0.875407 0.816586 0.818273 0.785632 0.690328 0.382049 0.458774 0.645852 0.547602 0.606735 0.65666 0.672907 0.648531 0.687028 0.79382 0.903902 0.999721 1.02072 0.967175 0.899478 0.86491 0.815987 0.976328 0.533826 0.765653 0.631609 0.768341 0.719554 0.702102 0.785232 0.729808 0.730645 
Makima_iters0_phase_shifts7_NaiveFTFracDir_full_pi_is_0
 1.08992 0.736922 0.710246 0.756227 0.957814 1.03249 1.05187 0.952358 0.949725 0.424468 0.434729 0.463024 0.550546 0.631794 0.594912 0.635552 0.659511 0.612942 0.798886 1.05361 0.864526 0.855935 0.809726 0.739477 0.682135 0.804398 0.619327 0.372017 0.718775 0.645044 0.711768 0.784623 0.712745 0.676861 0.6889 0.671218 
Makima_iters1_phase_shifts7_NaiveFTFracDir_full_pi_is_0
 1.08992 0.736922 0.710246 0.756227 0.957814 1.03249 1.05187 0.952358 0.949725 0.424468 0.434729 0.463024 0.550546 0.631794 0.594912 0.635552 0.659511 0.612942 0.798886 1.05361 0.864526 0.855935 0.809726 0.739477 0.682135 0.804398 0.619327 0.372017 0.718775 0.645044 0.711768 0.784623 0.712745 0.676861 0.6889 0.671218 
Makima_iters1_phase_shifts4_NaiveFTFracDir_full_pi_is_1
 0.842815 0.689743 0.672442 0.680122 0.907857 0.975381 0.96782 0.920647 0.982554 0.417363 0.436456 0.459313 0.594957 0.600148 0.632979 0.636653 0.652641 0.626859 1.2487 0.952159 0.738818 0.778502 0.73291 0.710375 0.692044 0.80303 0.648072 0.603826 0.678486 0.661358 0.699083 0.836112 0.82229 0.768024 0.758199 0.743817 
Makima_iters0_phase_shifts4_NaiveFTFracDir_full_pi_is_1
 0.842815 0.689743 0.672442 0.680122 0.907857 0.975381 0.96782 0.920647 0.982554 0.417363 0.436456 0.459313 0.594957 0.600148 0.632979 0.636653 0.652641 0.626859 1.2487 0.952159 0.738818 0.778502 0.73291 0.710375 0.692044 0.80303 0.648072 0.603826 0.678486 0.661358 0.699083 0.836112 0.82229 0.768024 0.758199 0.743817 
RBFTPS_iters5_phase_shifts1_NaiveFTFracDir_full_pi_is_0
 0.956677 0.574265 0.563004 0.482687 0.892669 0.824329 0.825934 0.74957 0.708549 0.378584 0.399398 0.616917 0.567067 0.578171 0.640994 0.675031 0.70475 0.724369 0.941975 0.842123 1.01189 1.03664 0.988713 0.836462 0.844859 0.728482 0.920902 0.627314 0.777503 0.634549 0.780988 0.744966 0.731298 0.819626 0.750415 0.749731 
RBFTPS_iters5_phase_shifts1_Naive_full_pi_is_1
 0.956677 0.574265 0.563004 0.482687 0.892669 0.824329 0.825934 0.74957 0.708549 0.378584 0.399398 0.616917 0.567067 0.578171 0.640994 0.675031 0.70475 0.724369 0.941975 0.842123 1.01189 1.03664 0.988713 0.836462 0.844859 0.728482 0.920902 0.627314 0.777503 0.634549 0.780988 0.744966 0.731298 0.819626 0.750415 0.749731 
RBFTPS_iters5_phase_shifts1_NaiveFTFracDir_full_pi_is_1
 0.956677 0.574265 0.563004 0.482687 0.892669 0.824329 0.825934 0.74957 0.708549 0.378584 0.399398 0.616917 0.567067 0.578171 0.640994 0.675031 0.70475 0.724369 0.941975 0.842123 1.01189 1.03664 0.988713 0.836462 0.844859 0.728482 0.920902 0.627314 0.777503 0.634549 0.780988 0.744966 0.731298 0.819626 0.750415 0.749731 
RBFTPS_iters5_phase_shifts1_Naive_full_pi_is_0
 0.956677 0.574265 0.563004 0.482687 0.892669 0.824329 0.825934 0.74957 0.708549 0.378584 0.399398 0.616917 0.567067 0.578171 0.640994 0.675031 0.70475 0.724369 0.941975 0.842123 1.01189 1.03664 0.988713 0.836462 0.844859 0.728482 0.920902 0.627314 0.777503 0.634549 0.780988 0.744966 0.731298 0.819626 0.750415 0.749731 
IDW_iters0_phase_shifts2_Naive_full_pi_is_0
 0.953258 0.716457 0.742875 0.733763 0.814306 1.02057 1.01564 0.950932 0.982143 0.338371 0.448009 0.554521 0.608119 0.580756 0.6306 0.580623 0.633167 0.668912 0.80289 0.932461 0.823454 0.892091 0.803224 0.648073 0.631761 0.601057 0.675161 0.907119 0.714803 0.705748 0.764068 0.726361 0.83705 0.743795 0.757408 0.7427 
IDW_iters1_phase_shifts2_Naive_full_pi_is_0
 0.953258 0.716457 0.742875 0.733763 0.814306 1.02057 1.01564 0.950932 0.982143 0.338371 0.448009 0.554521 0.608119 0.580756 0.6306 0.580623 0.633167 0.668912 0.80289 0.932461 0.823454 0.892091 0.803224 0.648073 0.631761 0.601057 0.675161 0.907119 0.714803 0.705748 0.764068 0.726361 0.83705 0.743795 0.757408 0.7427 
IDW_iters1_phase_shifts8_Naive_full_pi_is_1
 0.853048 0.678871 0.67806 0.734142 0.89027 1.12153 1.11321 1.01279 0.991093 0.377243 0.456505 0.513669 0.593032 0.577071 0.635188 0.583184 0.653993 0.617744 0.805103 0.951053 0.795871 0.776578 0.800674 0.717406 0.704392 0.75714 0.707997 0.41045 0.667437 0.685404 0.775933 0.814645 0.769833 0.780175 0.779568 0.785553 
IDW_iters0_phase_shifts8_Naive_full_pi_is_1
 0.853048 0.678871 0.67806 0.734142 0.89027 1.12153 1.11321 1.01279 0.991093 0.377243 0.456505 0.513669 0.593032 0.577071 0.635188 0.583184 0.653993 0.617744 0.805103 0.951053 0.795871 0.776578 0.800674 0.717406 0.704392 0.75714 0.707997 0.41045 0.667437 0.685404 0.775933 0.814645 0.769833 0.780175 0.779568 0.785553 
RBFTPS_iters7_phase_shifts1_NaiveFTFracDir_full_pi_is_0
 0.966543 0.57574 0.559911 0.464567 0.909422 0.829092 0.833251 0.731065 0.704498 0.414624 0.376007 0.632993 0.57046 0.58857 0.650313 0.69483 0.698266 0.718581 0.868083 0.820113 0.99263 1.01618 0.94808 0.869172 0.880594 0.765632 0.940231 0.480448 0.817145 0.668217 0.777048 0.757872 0.762807 0.829711 0.770215 0.76865 
RBFTPS_iters7_phase_shifts1_NaiveFTFracDir_full_pi_is_1
 0.966543 0.57574 0.559911 0.464567 0.909422 0.829092 0.833251 0.731065 0.704498 0.414624 0.376007 0.632993 0.57046 0.58857 0.650313 0.69483 0.698266 0.718581 0.868083 0.820113 0.99263 1.01618 0.94808 0.869172 0.880594 0.765632 0.940231 0.480448 0.817145 0.668217 0.777048 0.757872 0.762807 0.829711 0.770215 0.76865 
RBFTPS_iters7_phase_shifts1_Naive_full_pi_is_0
 0.966543 0.57574 0.559911 0.464567 0.909422 0.829092 0.833251 0.731065 0.704498 0.414624 0.376007 0.632993 0.57046 0.58857 0.650313 0.69483 0.698266 0.718581 0.868083 0.820113 0.99263 1.01618 0.94808 0.869172 0.880594 0.765632 0.940231 0.480448 0.817145 0.668217 0.777048 0.757872 0.762807 0.829711 0.770215 0.76865 
RBFTPS_iters7_phase_shifts1_Naive_full_pi_is_1
 0.966543 0.57574 0.559911 0.464567 0.909422 0.829092 0.833251 0.731065 0.704498 0.414624 0.376007 0.632993 0.57046 0.58857 0.650313 0.69483 0.698266 0.718581 0.868083 0.820113 0.99263 1.01618 0.94808 0.869172 0.880594 0.765632 0.940231 0.480448 0.817145 0.668217 0.777048 0.757872 0.762807 0.829711 0.770215 0.76865 
IDW_iters1_phase_shifts2_NaiveFTFracDir_full_pi_is_0
 0.936414 0.768162 0.762498 0.776377 0.841548 0.942999 0.938354 0.947427 0.913865 0.407251 0.445969 0.524472 0.587121 0.584148 0.634895 0.634373 0.651383 0.664703 0.80916 0.972959 0.82283 0.825641 0.803239 0.861595 0.604089 0.700008 0.626022 1.06814 0.729244 0.678195 0.682639 0.724428 0.7138 0.714917 0.749729 0.720052 
IDW_iters0_phase_shifts2_NaiveFTFracDir_full_pi_is_0
 0.936414 0.768162 0.762498 0.776377 0.841548 0.942999 0.938354 0.947427 0.913865 0.407251 0.445969 0.524472 0.587121 0.584148 0.634895 0.634373 0.651383 0.664703 0.80916 0.972959 0.82283 0.825641 0.803239 0.861595 0.604089 0.700008 0.626022 1.06814 0.729244 0.678195 0.682639 0.724428 0.7138 0.714917 0.749729 0.720052 
Makima_iters2_phase_shifts2_Naive_full_pi_is_1
 0.682348 0.954308 0.940004 1.03571 0.973383 0.866717 0.869106 0.901954 0.842094 0.417499 0.429294 0.495319 0.554679 0.558659 0.545406 0.591064 0.599909 0.620365 0.661636 0.771832 0.774876 0.783317 0.782524 0.757736 0.745802 0.760407 0.847271 0.94349 0.860268 0.723665 0.759702 0.790438 0.729194 0.718099 0.740966 0.719434 
IDW_iters2_phase_shifts6_NaiveFTFracDir_full_pi_is_1
 0.81085 0.628041 0.652195 0.862921 0.929938 0.929769 0.946415 1.04885 0.934565 0.424005 0.43917 0.505986 0.587407 0.596617 0.620536 0.650839 0.717094 0.694633 0.650593 0.779471 1.1157 0.828196 0.954829 0.916828 0.755745 0.750101 0.780226 0.451568 0.750456 0.582305 0.657608 0.672653 0.742927 0.739413 0.769025 0.784484 
RBFTPS_iters9_phase_shifts1_Naive_full_pi_is_1
 1.00285 0.565503 0.610368 0.474675 0.927147 0.829941 0.834627 0.729093 0.63711 0.407659 0.414643 0.667402 0.557048 0.599916 0.696825 0.71301 0.710254 0.713823 0.723679 0.699834 1.004 1.02065 0.970245 0.716338 0.929526 0.800477 0.95907 0.567154 0.643512 0.671979 0.831358 0.768837 0.801683 0.869784 0.795449 0.864995 
RBFTPS_iters9_phase_shifts1_NaiveFTFracDir_full_pi_is_0
 1.00285 0.565503 0.610368 0.474675 0.927147 0.829941 0.834627 0.729093 0.63711 0.407659 0.414643 0.667402 0.557048 0.599916 0.696825 0.71301 0.710254 0.713823 0.723679 0.699834 1.004 1.02065 0.970245 0.716338 0.929526 0.800477 0.95907 0.567154 0.643512 0.671979 0.831358 0.768837 0.801683 0.869784 0.795449 0.864995 
RBFTPS_iters9_phase_shifts1_NaiveFTFracDir_full_pi_is_1
 1.00285 0.565503 0.610368 0.474675 0.927147 0.829941 0.834627 0.729093 0.63711 0.407659 0.414643 0.667402 0.557048 0.599916 0.696825 0.71301 0.710254 0.713823 0.723679 0.699834 1.004 1.02065 0.970245 0.716338 0.929526 0.800477 0.95907 0.567154 0.643512 0.671979 0.831358 0.768837 0.801683 0.869784 0.795449 0.864995 
RBFTPS_iters9_phase_shifts1_Naive_full_pi_is_0
 1.00285 0.565503 0.610368 0.474675 0.927147 0.829941 0.834627 0.729093 0.63711 0.407659 0.414643 0.667402 0.557048 0.599916 0.696825 0.71301 0.710254 0.713823 0.723679 0.699834 1.004 1.02065 0.970245 0.716338 0.929526 0.800477 0.95907 0.567154 0.643512 0.671979 0.831358 0.768837 0.801683 0.869784 0.795449 0.864995 
IDW_iters1_phase_shifts5_Naive_full_pi_is_1
 0.879301 0.701121 0.69779 0.747204 0.976239 1.12881 1.12283 1.02022 1.0018 0.362672 0.432676 0.50546 0.583668 0.564305 0.622344 0.581983 0.632705 0.610667 0.80446 0.95257 0.806992 0.780925 0.794142 0.698917 0.68166 0.738195 0.692852 0.393611 0.659274 0.692071 0.775738 0.824196 0.754711 0.782397 0.782877 0.78869 
IDW_iters0_phase_shifts5_Naive_full_pi_is_1
 0.879301 0.701121 0.69779 0.747204 0.976239 1.12881 1.12283 1.02022 1.0018 0.362672 0.432676 0.50546 0.583668 0.564305 0.622344 0.581983 0.632705 0.610667 0.80446 0.95257 0.806992 0.780925 0.794142 0.698917 0.68166 0.738195 0.692852 0.393611 0.659274 0.692071 0.775738 0.824196 0.754711 0.782397 0.782877 0.78869 
Makima_iters1_phase_shifts4_NaiveFTFracDir_full_pi_is_0
 0.964876 0.661956 0.617749 0.743127 0.921163 0.983756 0.976036 0.894237 0.920671 0.440839 0.481319 0.474625 0.532195 0.605769 0.595704 0.625668 0.646498 0.606781 0.988618 1.09963 0.939668 0.945223 0.836944 0.744091 0.705108 0.802499 0.685556 0.635347 0.762923 0.690831 0.709972 0.776284 0.695029 0.666306 0.680679 0.673008 
Makima_iters0_phase_shifts4_NaiveFTFracDir_full_pi_is_0
 0.964876 0.661956 0.617749 0.743127 0.921163 0.983756 0.976036 0.894237 0.920671 0.440839 0.481319 0.474625 0.532195 0.605769 0.595704 0.625668 0.646498 0.606781 0.988618 1.09963 0.939668 0.945223 0.836944 0.744091 0.705108 0.802499 0.685556 0.635347 0.762923 0.690831 0.709972 0.776284 0.695029 0.666306 0.680679 0.673008 
RBFTPS_iters2_phase_shifts2_Naive_full_pi_is_1
 0.647693 0.607704 0.630236 0.712688 0.887236 0.91588 0.916789 0.936485 0.917024 0.479928 0.50933 0.553168 0.675963 0.650375 0.601006 0.645547 0.662405 0.660544 0.731736 0.850691 0.828736 0.821693 0.822035 0.825858 0.834309 0.799717 1.01506 0.388377 0.897309 0.808715 0.837734 0.778555 0.691057 0.775442 0.805626 0.778928 
Makima_iters1_phase_shifts7_NaiveFTFracDir_full_pi_is_1
 1.0211 0.728123 0.75397 0.762821 0.950023 1.10131 1.08845 0.919775 0.935343 0.367747 0.416672 0.482262 0.567025 0.588521 0.611889 0.635193 0.648708 0.634933 1.12239 0.959194 0.725362 0.760034 0.732554 0.703726 0.638973 0.795728 0.606448 0.606933 0.708097 0.630179 0.681676 0.757094 0.788237 0.743324 0.747352 0.734813 
Makima_iters0_phase_shifts7_NaiveFTFracDir_full_pi_is_1
 1.0211 0.728123 0.75397 0.762821 0.950023 1.10131 1.08845 0.919775 0.935343 0.367747 0.416672 0.482262 0.567025 0.588521 0.611889 0.635193 0.648708 0.634933 1.12239 0.959194 0.725362 0.760034 0.732554 0.703726 0.638973 0.795728 0.606448 0.606933 0.708097 0.630179 0.681676 0.757094 0.788237 0.743324 0.747352 0.734813 
RBFTPS_iters1_phase_shifts1_Naive_full_pi_is_0
 1.01852 0.585295 0.573346 0.567039 0.877935 0.898379 0.894521 0.954788 0.903932 0.512244 0.477786 0.518517 0.584257 0.626194 0.594028 0.557522 0.598282 0.596336 0.92834 1.06186 0.859397 0.872143 0.836009 0.720208 0.699945 0.761354 0.780079 0.952599 0.725491 0.762504 0.800003 0.818242 0.750419 0.725576 0.760941 0.710134 
RBFTPS_iters0_phase_shifts1_Naive_full_pi_is_1
 1.01852 0.585295 0.573346 0.567039 0.877935 0.898379 0.894521 0.954788 0.903932 0.512244 0.477786 0.518517 0.584257 0.626194 0.594028 0.557522 0.598282 0.596336 0.92834 1.06186 0.859397 0.872143 0.836009 0.720208 0.699945 0.761354 0.780079 0.952599 0.725491 0.762504 0.800003 0.818242 0.750419 0.725576 0.760941 0.710134 
RBFTPS_iters0_phase_shifts1_Naive_full_pi_is_0
 1.01852 0.585295 0.573346 0.567039 0.877935 0.898379 0.894521 0.954788 0.903932 0.512244 0.477786 0.518517 0.584257 0.626194 0.594028 0.557522 0.598282 0.596336 0.92834 1.06186 0.859397 0.872143 0.836009 0.720208 0.699945 0.761354 0.780079 0.952599 0.725491 0.762504 0.800003 0.818242 0.750419 0.725576 0.760941 0.710134 
RBFTPS_iters0_phase_shifts1_NaiveFTFracDir_full_pi_is_1
 1.01852 0.585295 0.573346 0.567039 0.877935 0.898379 0.894521 0.954788 0.903932 0.512244 0.477786 0.518517 0.584257 0.626194 0.594028 0.557522 0.598282 0.596336 0.92834 1.06186 0.859397 0.872143 0.836009 0.720208 0.699945 0.761354 0.780079 0.952599 0.725491 0.762504 0.800003 0.818242 0.750419 0.725576 0.760941 0.710134 
RBFTPS_iters0_phase_shifts1_NaiveFTFracDir_full_pi_is_0
 1.01852 0.585295 0.573346 0.567039 0.877935 0.898379 0.894521 0.954788 0.903932 0.512244 0.477786 0.518517 0.584257 0.626194 0.594028 0.557522 0.598282 0.596336 0.92834 1.06186 0.859397 0.872143 0.836009 0.720208 0.699945 0.761354 0.780079 0.952599 0.725491 0.762504 0.800003 0.818242 0.750419 0.725576 0.760941 0.710134 
RBFTPS_iters1_phase_shifts1_NaiveFTFracDir_full_pi_is_0
 1.01852 0.585295 0.573346 0.567039 0.877935 0.898379 0.894521 0.954788 0.903932 0.512244 0.477786 0.518517 0.584257 0.626194 0.594028 0.557522 0.598282 0.596336 0.92834 1.06186 0.859397 0.872143 0.836009 0.720208 0.699945 0.761354 0.780079 0.952599 0.725491 0.762504 0.800003 0.818242 0.750419 0.725576 0.760941 0.710134 
RBFTPS_iters1_phase_shifts1_NaiveFTFracDir_full_pi_is_1
 1.01852 0.585295 0.573346 0.567039 0.877935 0.898379 0.894521 0.954788 0.903932 0.512244 0.477786 0.518517 0.584257 0.626194 0.594028 0.557522 0.598282 0.596336 0.92834 1.06186 0.859397 0.872143 0.836009 0.720208 0.699945 0.761354 0.780079 0.952599 0.725491 0.762504 0.800003 0.818242 0.750419 0.725576 0.760941 0.710134 
RBFTPS_iters1_phase_shifts1_Naive_full_pi_is_1
 1.01852 0.585295 0.573346 0.567039 0.877935 0.898379 0.894521 0.954788 0.903932 0.512244 0.477786 0.518517 0.584257 0.626194 0.594028 0.557522 0.598282 0.596336 0.92834 1.06186 0.859397 0.872143 0.836009 0.720208 0.699945 0.761354 0.780079 0.952599 0.725491 0.762504 0.800003 0.818242 0.750419 0.725576 0.760941 0.710134 
RBFTPS_iters8_phase_shifts1_NaiveFTFracDir_full_pi_is_1
 1.00248 0.564149 0.602987 0.476684 0.929744 0.821723 0.826546 0.742483 0.636753 0.405741 0.424956 0.612451 0.570435 0.590316 0.681333 0.706678 0.697469 0.697996 0.729712 0.789501 0.981731 1.0044 0.94555 0.934435 0.903741 0.763423 0.949483 0.566098 0.76495 0.673001 0.818314 0.787718 0.790107 0.860887 0.794273 0.791088 
RBFTPS_iters8_phase_shifts1_Naive_full_pi_is_0
 1.00248 0.564149 0.602987 0.476684 0.929744 0.821723 0.826546 0.742483 0.636753 0.405741 0.424956 0.612451 0.570435 0.590316 0.681333 0.706678 0.697469 0.697996 0.729712 0.789501 0.981731 1.0044 0.94555 0.934435 0.903741 0.763423 0.949483 0.566098 0.76495 0.673001 0.818314 0.787718 0.790107 0.860887 0.794273 0.791088 
RBFTPS_iters8_phase_shifts1_NaiveFTFracDir_full_pi_is_0
 1.00248 0.564149 0.602987 0.476684 0.929744 0.821723 0.826546 0.742483 0.636753 0.405741 0.424956 0.612451 0.570435 0.590316 0.681333 0.706678 0.697469 0.697996 0.729712 0.789501 0.981731 1.0044 0.94555 0.934435 0.903741 0.763423 0.949483 0.566098 0.76495 0.673001 0.818314 0.787718 0.790107 0.860887 0.794273 0.791088 
RBFTPS_iters8_phase_shifts1_Naive_full_pi_is_1
 1.00248 0.564149 0.602987 0.476684 0.929744 0.821723 0.826546 0.742483 0.636753 0.405741 0.424956 0.612451 0.570435 0.590316 0.681333 0.706678 0.697469 0.697996 0.729712 0.789501 0.981731 1.0044 0.94555 0.934435 0.903741 0.763423 0.949483 0.566098 0.76495 0.673001 0.818314 0.787718 0.790107 0.860887 0.794273 0.791088 
Makima_iters0_phase_shifts5_NaiveFTFracDir_full_pi_is_1
 0.841893 0.738888 0.725771 0.760746 0.937522 1.09961 1.05344 0.924774 0.978291 0.464477 0.430156 0.501436 0.598042 0.594588 0.640962 0.665338 0.681128 0.634674 1.0982 0.971804 0.740871 0.77402 0.730267 0.671009 0.615737 0.789987 0.586709 0.571548 0.728344 0.734002 0.717898 0.882742 0.75754 0.722488 0.726216 0.711943 
Makima_iters1_phase_shifts5_NaiveFTFracDir_full_pi_is_1
 0.841893 0.738888 0.725771 0.760746 0.937522 1.09961 1.05344 0.924774 0.978291 0.464477 0.430156 0.501436 0.598042 0.594588 0.640962 0.665338 0.681128 0.634674 1.0982 0.971804 0.740871 0.77402 0.730267 0.671009 0.615737 0.789987 0.586709 0.571548 0.728344 0.734002 0.717898 0.882742 0.75754 0.722488 0.726216 0.711943 
Makima_iters0_phase_shifts1_Naive_full_pi_is_0
 1.0926 0.672696 0.678685 0.602513 0.856199 0.966566 0.84781 0.852209 0.904537 0.438637 0.422925 0.498644 0.589744 0.595549 0.579911 0.557623 0.61231 0.595466 0.879097 1.16546 0.871727 0.886581 0.841631 0.798693 0.787867 0.802702 0.807236 0.950505 0.689946 0.549652 0.795518 0.795055 0.723855 0.661807 0.717377 0.699517 
Makima_iters1_phase_shifts1_Naive_full_pi_is_1
 1.0926 0.672696 0.678685 0.602513 0.856199 0.966566 0.84781 0.852209 0.904537 0.438637 0.422925 0.498644 0.589744 0.595549 0.579911 0.557623 0.61231 0.595466 0.879097 1.16546 0.871727 0.886581 0.841631 0.798693 0.787867 0.802702 0.807236 0.950505 0.689946 0.549652 0.795518 0.795055 0.723855 0.661807 0.717377 0.699517 
Makima_iters0_phase_shifts1_NaiveFTFracDir_full_pi_is_0
 1.0926 0.672696 0.678685 0.602513 0.856199 0.966566 0.84781 0.852209 0.904537 0.438637 0.422925 0.498644 0.589744 0.595549 0.579911 0.557623 0.61231 0.595466 0.879097 1.16546 0.871727 0.886581 0.841631 0.798693 0.787867 0.802702 0.807236 0.950505 0.689946 0.549652 0.795518 0.795055 0.723855 0.661807 0.717377 0.699517 
Makima_iters0_phase_shifts1_NaiveFTFracDir_full_pi_is_1
 1.0926 0.672696 0.678685 0.602513 0.856199 0.966566 0.84781 0.852209 0.904537 0.438637 0.422925 0.498644 0.589744 0.595549 0.579911 0.557623 0.61231 0.595466 0.879097 1.16546 0.871727 0.886581 0.841631 0.798693 0.787867 0.802702 0.807236 0.950505 0.689946 0.549652 0.795518 0.795055 0.723855 0.661807 0.717377 0.699517 
Makima_iters0_phase_shifts1_Naive_full_pi_is_1
 1.0926 0.672696 0.678685 0.602513 0.856199 0.966566 0.84781 0.852209 0.904537 0.438637 0.422925 0.498644 0.589744 0.595549 0.579911 0.557623 0.61231 0.595466 0.879097 1.16546 0.871727 0.886581 0.841631 0.798693 0.787867 0.802702 0.807236 0.950505 0.689946 0.549652 0.795518 0.795055 0.723855 0.661807 0.717377 0.699517 
Makima_iters1_phase_shifts1_Naive_full_pi_is_0
 1.0926 0.672696 0.678685 0.602513 0.856199 0.966566 0.84781 0.852209 0.904537 0.438637 0.422925 0.498644 0.589744 0.595549 0.579911 0.557623 0.61231 0.595466 0.879097 1.16546 0.871727 0.886581 0.841631 0.798693 0.787867 0.802702 0.807236 0.950505 0.689946 0.549652 0.795518 0.795055 0.723855 0.661807 0.717377 0.699517 
Makima_iters1_phase_shifts1_NaiveFTFracDir_full_pi_is_1
 1.0926 0.672696 0.678685 0.602513 0.856199 0.966566 0.84781 0.852209 0.904537 0.438637 0.422925 0.498644 0.589744 0.595549 0.579911 0.557623 0.61231 0.595466 0.879097 1.16546 0.871727 0.886581 0.841631 0.798693 0.787867 0.802702 0.807236 0.950505 0.689946 0.549652 0.795518 0.795055 0.723855 0.661807 0.717377 0.699517 
Makima_iters1_phase_shifts1_NaiveFTFracDir_full_pi_is_0
 1.0926 0.672696 0.678685 0.602513 0.856199 0.966566 0.84781 0.852209 0.904537 0.438637 0.422925 0.498644 0.589744 0.595549 0.579911 0.557623 0.61231 0.595466 0.879097 1.16546 0.871727 0.886581 0.841631 0.798693 0.787867 0.802702 0.807236 0.950505 0.689946 0.549652 0.795518 0.795055 0.723855 0.661807 0.717377 0.699517 
RBFTPS_iters0_phase_shifts2_Naive_full_pi_is_1
 1.0924 0.625512 0.6218 0.667231 0.999268 0.935833 0.933945 0.97323 0.882953 0.393141 0.513624 0.51187 0.620655 0.569275 0.619515 0.60273 0.625082 0.604537 0.933954 0.907465 0.797499 0.778289 0.771454 0.76379 0.729009 0.755069 0.735493 0.625132 0.87767 0.718974 0.784675 0.783679 0.789223 0.808661 0.789408 0.788856 
RBFTPS_iters1_phase_shifts2_Naive_full_pi_is_1
 1.0924 0.625512 0.6218 0.667231 0.999268 0.935833 0.933945 0.97323 0.882953 0.393141 0.513624 0.51187 0.620655 0.569275 0.619515 0.60273 0.625082 0.604537 0.933954 0.907465 0.797499 0.778289 0.771454 0.76379 0.729009 0.755069 0.735493 0.625132 0.87767 0.718974 0.784675 0.783679 0.789223 0.808661 0.789408 0.788856 
IDW_iters1_phase_shifts7_Naive_full_pi_is_1
 0.89028 0.71524 0.711424 0.7672 0.901508 1.1327 1.12678 1.02038 1.00117 0.37568 0.45395 0.513409 0.591414 0.575359 0.634058 0.58326 0.649288 0.616616 0.803895 0.950744 0.79674 0.778536 0.800147 0.730508 0.716706 0.757987 0.707193 0.41481 0.672344 0.686876 0.781253 0.815446 0.769645 0.779413 0.7786 0.78447 
IDW_iters0_phase_shifts7_Naive_full_pi_is_1
 0.89028 0.71524 0.711424 0.7672 0.901508 1.1327 1.12678 1.02038 1.00117 0.37568 0.45395 0.513409 0.591414 0.575359 0.634058 0.58326 0.649288 0.616616 0.803895 0.950744 0.79674 0.778536 0.800147 0.730508 0.716706 0.757987 0.707193 0.41481 0.672344 0.686876 0.781253 0.815446 0.769645 0.779413 0.7786 0.78447 
RBFTPS_iters6_phase_shifts1_NaiveFTFracDir_full_pi_is_1
 0.970317 0.57522 0.574357 0.475621 0.904229 0.819031 0.820043 0.722869 0.700854 0.439609 0.367625 0.611172 0.562651 0.590747 0.650861 0.691419 0.707485 0.728007 0.887618 0.895224 1.03908 1.06229 1.0055 0.857203 0.848369 0.753719 0.932234 0.438968 0.80703 0.643663 0.816689 0.7723 0.77948 0.838508 0.780748 0.772477 
RBFTPS_iters6_phase_shifts1_Naive_full_pi_is_0
 0.970317 0.57522 0.574357 0.475621 0.904229 0.819031 0.820043 0.722869 0.700854 0.439609 0.367625 0.611172 0.562651 0.590747 0.650861 0.691419 0.707485 0.728007 0.887618 0.895224 1.03908 1.06229 1.0055 0.857203 0.848369 0.753719 0.932234 0.438968 0.80703 0.643663 0.816689 0.7723 0.77948 0.838508 0.780748 0.772477 
RBFTPS_iters6_phase_shifts1_NaiveFTFracDir_full_pi_is_0
 0.970317 0.57522 0.574357 0.475621 0.904229 0.819031 0.820043 0.722869 0.700854 0.439609 0.367625 0.611172 0.562651 0.590747 0.650861 0.691419 0.707485 0.728007 0.887618 0.895224 1.03908 1.06229 1.0055 0.857203 0.848369 0.753719 0.932234 0.438968 0.80703 0.643663 0.816689 0.7723 0.77948 0.838508 0.780748 0.772477 
RBFTPS_iters6_phase_shifts1_Naive_full_pi_is_1
 0.970317 0.57522 0.574357 0.475621 0.904229 0.819031 0.820043 0.722869 0.700854 0.439609 0.367625 0.611172 0.562651 0.590747 0.650861 0.691419 0.707485 0.728007 0.887618 0.895224 1.03908 1.06229 1.0055 0.857203 0.848369 0.753719 0.932234 0.438968 0.80703 0.643663 0.816689 0.7723 0.77948 0.838508 0.780748 0.772477 
RBFTPS_iters2_phase_shifts2_NaiveFTFracDir_full_pi_is_0
 0.706014 0.529374 0.534896 0.547015 0.789834 0.866968 0.861549 0.964239 0.884229 0.398236 0.440677 0.546105 0.58203 0.645724 0.58667 0.679048 0.75368 0.695362 0.770162 1.01774 0.99911 1.00031 0.94547 0.637133 0.761733 0.778324 0.908461 1.05287 0.780002 0.664364 0.774958 0.885538 0.69956 0.712141 0.759342 0.737244 
IDW_iters2_phase_shifts3_NaiveFTFracDir_full_pi_is_0
 1.59682 0.544704 0.546711 0.635133 0.73159 0.836914 0.847049 1.02367 0.878004 0.354735 0.431261 0.553794 0.56525 0.569912 0.612128 0.685668 0.707039 0.712446 0.66729 0.962141 0.846645 0.880766 0.93854 0.918625 0.696873 0.707477 0.751005 0.379704 0.714744 0.659308 0.803488 0.763751 0.71928 0.733889 0.754937 0.737988 
RBFTPS_iters0_phase_shifts2_NaiveFTFracDir_full_pi_is_0
 0.944302 0.605458 0.563264 0.657903 0.821918 0.862863 0.845687 0.956646 0.876141 0.564629 0.527918 0.548279 0.585956 0.624156 0.645739 0.68244 0.627041 0.621989 0.824302 1.07644 0.835389 0.847498 0.819152 0.949564 0.684337 0.803156 0.777825 0.930376 0.767088 0.766091 0.780912 0.829849 0.735 0.695833 0.729378 0.715976 
RBFTPS_iters1_phase_shifts2_NaiveFTFracDir_full_pi_is_0
 0.944302 0.605458 0.563264 0.657903 0.821918 0.862863 0.845687 0.956646 0.876141 0.564629 0.527918 0.548279 0.585956 0.624156 0.645739 0.68244 0.627041 0.621989 0.824302 1.07644 0.835389 0.847498 0.819152 0.949564 0.684337 0.803156 0.777825 0.930376 0.767088 0.766091 0.780912 0.829849 0.735 0.695833 0.729378 0.715976 
Makima_iters1_phase_shifts5_NaiveFTFracDir_full_pi_is_0
 0.980127 0.692446 0.657241 0.72993 0.939138 0.999087 0.99448 1.01856 0.91442 0.396443 0.441806 0.482569 0.546637 0.612938 0.594547 0.630667 0.644952 0.616277 0.957415 1.12988 0.92029 0.916115 0.808446 0.687703 0.698072 0.83334 0.635834 0.79018 0.707634 0.616434 0.686702 0.777288 0.7283 0.687725 0.69332 0.681181 
Makima_iters0_phase_shifts5_NaiveFTFracDir_full_pi_is_0
 0.980127 0.692446 0.657241 0.72993 0.939138 0.999087 0.99448 1.01856 0.91442 0.396443 0.441806 0.482569 0.546637 0.612938 0.594547 0.630667 0.644952 0.616277 0.957415 1.12988 0.92029 0.916115 0.808446 0.687703 0.698072 0.83334 0.635834 0.79018 0.707634 0.616434 0.686702 0.777288 0.7283 0.687725 0.69332 0.681181 
Makima_iters3_phase_shifts9_NaiveFTFracDir_full_pi_is_1
 0.534732 0.514983 0.539419 0.709719 0.675578 0.824765 0.827884 1.05848 0.977045 0.378672 0.376 0.553541 0.512748 0.496793 0.61973 0.654897 0.632897 0.709098 0.591459 0.597572 1.01746 0.832822 1.05762 1.19178 1.05059 1.06333 0.97807 0.592883 0.86813 0.691199 0.734381 0.635566 0.753951 0.747001 0.798541 0.761615 
IDW_iters0_phase_shifts6_Naive_full_pi_is_1
 0.889532 0.708571 0.705888 0.753733 0.892919 1.13008 1.12435 1.15388 0.998476 0.360784 0.428774 0.50275 0.586231 0.567212 0.627852 0.581099 0.637583 0.615112 0.804206 0.951192 0.809155 0.780863 0.801883 0.709983 0.69702 0.750813 0.701931 0.420481 0.670686 0.692213 0.779505 0.818197 0.770651 0.782364 0.781055 0.786807 
IDW_iters1_phase_shifts6_Naive_full_pi_is_1
 0.889532 0.708571 0.705888 0.753733 0.892919 1.13008 1.12435 1.15388 0.998476 0.360784 0.428774 0.50275 0.586231 0.567212 0.627852 0.581099 0.637583 0.615112 0.804206 0.951192 0.809155 0.780863 0.801883 0.709983 0.69702 0.750813 0.701931 0.420481 0.670686 0.692213 0.779505 0.818197 0.770651 0.782364 0.781055 0.786807 
RBFTPS_iters1_phase_shifts3_NaiveFTFracDir_full_pi_is_0
 0.827966 0.615959 0.645909 0.69203 0.86673 0.934128 0.927912 1.02027 0.908194 0.466613 0.46343 0.477323 0.577013 0.6011 0.636371 0.646856 0.669335 0.622462 0.836835 1.07272 0.897799 0.916634 0.838921 0.735445 0.698967 0.874819 0.714545 0.967363 0.745476 0.75282 0.753316 0.767108 0.749179 0.7234 0.71663 0.69789 
RBFTPS_iters0_phase_shifts3_NaiveFTFracDir_full_pi_is_0
 0.827966 0.615959 0.645909 0.69203 0.86673 0.934128 0.927912 1.02027 0.908194 0.466613 0.46343 0.477323 0.577013 0.6011 0.636371 0.646856 0.669335 0.622462 0.836835 1.07272 0.897799 0.916634 0.838921 0.735445 0.698967 0.874819 0.714545 0.967363 0.745476 0.75282 0.753316 0.767108 0.749179 0.7234 0.71663 0.69789 
IDW_iters3_phase_shifts8_NaiveFTFracDir_full_pi_is_1
 0.817361 1.16754 0.857175 0.642408 0.868088 0.906344 0.887292 0.91616 0.90211 0.354173 0.419804 0.47884 0.561338 0.528722 0.622105 0.67639 0.66727 0.707306 0.775817 0.724146 0.949069 0.754657 1.00721 0.980154 0.79678 0.803877 0.841236 0.415831 0.831782 0.600571 0.736064 0.627863 0.716475 0.757242 0.786043 0.783003 
Makima_iters2_phase_shifts3_NaiveFTFracDir_full_pi_is_1
 0.604903 1.01909 0.58571 0.847487 0.982902 1.01662 1.01641 0.907288 0.869586 0.521 0.531419 0.547764 0.600053 0.586134 0.629725 0.694744 0.702588 0.676335 0.656495 0.77484 0.874616 0.7811 0.958046 0.80516 0.689848 0.755636 0.871603 0.511972 0.913287 0.677708 0.78417 0.79949 0.713614 0.719087 0.736445 0.738526 
IDW_iters2_phase_shifts9_NaiveFTFracDir_full_pi_is_1
 0.707062 0.552822 0.61259 0.741385 0.852054 0.918074 0.919519 1.06654 0.967608 0.34968 0.408191 0.533524 0.566598 0.582161 0.621229 0.645661 0.674655 0.72009 0.607424 0.779874 1.18013 0.76243 0.980699 0.893803 0.731844 0.807215 0.843626 0.968282 0.93497 0.588785 0.668123 0.662563 0.771645 0.739992 0.763032 0.753653 
RBFTPS_iters1_phase_shifts7_NaiveFTFracDir_full_pi_is_0
 0.877283 0.678011 0.695244 0.72713 0.913611 0.972256 0.981442 1.017 0.959013 0.420886 0.470639 0.52595 0.562605 0.614774 0.632964 0.660149 0.677757 0.641256 0.863127 1.11066 0.877424 0.873298 0.837091 0.722586 0.672691 0.870269 0.719144 0.324802 0.657217 0.780942 0.792631 0.905907 0.738023 0.703858 0.742896 0.729832 
RBFTPS_iters0_phase_shifts7_NaiveFTFracDir_full_pi_is_0
 0.877283 0.678011 0.695244 0.72713 0.913611 0.972256 0.981442 1.017 0.959013 0.420886 0.470639 0.52595 0.562605 0.614774 0.632964 0.660149 0.677757 0.641256 0.863127 1.11066 0.877424 0.873298 0.837091 0.722586 0.672691 0.870269 0.719144 0.324802 0.657217 0.780942 0.792631 0.905907 0.738023 0.703858 0.742896 0.729832 
Makima_iters0_phase_shifts3_NaiveFTFracDir_full_pi_is_0
 0.895589 0.569147 0.58809 0.674011 0.896887 0.966355 0.94914 0.904007 0.928039 0.421829 0.443326 0.465125 0.572788 0.619988 0.609752 0.630385 0.641119 0.615157 1.00052 1.11235 0.952679 0.957277 0.844267 0.775327 0.774622 0.83018 0.71999 1.00352 0.793867 0.631989 0.706885 0.739395 0.735486 0.663204 0.668517 0.650736 
Makima_iters1_phase_shifts3_NaiveFTFracDir_full_pi_is_0
 0.895589 0.569147 0.58809 0.674011 0.896887 0.966355 0.94914 0.904007 0.928039 0.421829 0.443326 0.465125 0.572788 0.619988 0.609752 0.630385 0.641119 0.615157 1.00052 1.11235 0.952679 0.957277 0.844267 0.775327 0.774622 0.83018 0.71999 1.00352 0.793867 0.631989 0.706885 0.739395 0.735486 0.663204 0.668517 0.650736 
IDW_iters1_phase_shifts9_Naive_full_pi_is_1
 0.933792 0.719699 0.715853 0.772162 0.908645 1.13571 1.13026 1.01111 1.00598 0.375621 0.457037 0.516433 0.595281 0.578492 0.636718 0.58614 0.655722 0.619251 0.805011 0.950506 0.795888 0.771146 0.797565 0.73208 0.718 0.759571 0.771769 0.40265 0.67059 0.688583 0.783635 0.814427 0.770569 0.781527 0.780771 0.786812 
IDW_iters0_phase_shifts9_Naive_full_pi_is_1
 0.933792 0.719699 0.715853 0.772162 0.908645 1.13571 1.13026 1.01111 1.00598 0.375621 0.457037 0.516433 0.595281 0.578492 0.636718 0.58614 0.655722 0.619251 0.805011 0.950506 0.795888 0.771146 0.797565 0.73208 0.718 0.759571 0.771769 0.40265 0.67059 0.688583 0.783635 0.814427 0.770569 0.781527 0.780771 0.786812 
Makima_iters4_phase_shifts3_Naive_full_pi_is_1
 0.553247 0.927996 0.895699 1.07842 0.978676 0.874794 0.875427 0.785199 0.751654 0.361594 0.439664 0.540709 0.58912 0.667164 0.626972 0.665557 0.689437 0.726406 0.645471 0.757571 0.867274 0.862562 0.803371 1.03497 0.850678 0.758913 0.812294 0.641751 0.861389 0.702284 0.798357 0.612332 0.719958 0.778909 0.786641 0.785038 
RBFGaussian_iters0_phase_shifts2_NaiveFTFracDir_full_pi_is_0
 0.890558 0.566817 0.56877 0.62725 0.839826 0.885434 0.87029 0.974631 0.951054 0.475607 0.477851 0.542407 0.570384 0.663597 0.681795 0.642221 0.62018 0.61382 0.865135 1.03264 0.872784 0.891897 0.865298 0.694676 0.673598 0.726872 0.839968 1.10365 0.74318 0.752633 0.772155 0.836913 0.752267 0.722112 0.766122 0.749862 
RBFGaussian_iters1_phase_shifts2_NaiveFTFracDir_full_pi_is_0
 0.890558 0.566817 0.56877 0.62725 0.839826 0.885434 0.87029 0.974631 0.951054 0.475607 0.477851 0.542407 0.570384 0.663597 0.681795 0.642221 0.62018 0.61382 0.865135 1.03264 0.872784 0.891897 0.865298 0.694676 0.673598 0.726872 0.839968 1.10365 0.74318 0.752633 0.772155 0.836913 0.752267 0.722112 0.766122 0.749862 
RBFBell_iters1_phase_shifts2_NaiveFTFracDir_full_pi_is_0
 0.890558 0.566817 0.56877 0.62725 0.839826 0.885434 0.87029 0.974631 0.951054 0.475607 0.477851 0.542407 0.570384 0.663597 0.681795 0.642221 0.62018 0.61382 0.865135 1.03264 0.872784 0.891897 0.865298 0.694676 0.673598 0.726872 0.839968 1.10365 0.74318 0.752633 0.772155 0.836913 0.752267 0.722112 0.766122 0.749862 
RBFBell_iters0_phase_shifts2_NaiveFTFracDir_full_pi_is_0
 0.890558 0.566817 0.56877 0.62725 0.839826 0.885434 0.87029 0.974631 0.951054 0.475607 0.477851 0.542407 0.570384 0.663597 0.681795 0.642221 0.62018 0.61382 0.865135 1.03264 0.872784 0.891897 0.865298 0.694676 0.673598 0.726872 0.839968 1.10365 0.74318 0.752633 0.772155 0.836913 0.752267 0.722112 0.766122 0.749862 
RBFGaussian_iters0_phase_shifts3_NaiveFTFracDir_full_pi_is_0
 0.831409 0.591531 0.604431 0.6638 0.82054 0.912859 0.90274 0.918894 0.996905 0.425358 0.422756 0.491016 0.623936 0.621702 0.64133 0.620294 0.676611 0.632727 0.862269 1.03227 0.880611 0.8894 0.852761 0.885114 0.763583 0.85017 0.752685 0.975482 0.890953 0.633487 0.743719 0.792008 0.74689 0.719477 0.731405 0.740719 
RBFBell_iters1_phase_shifts3_NaiveFTFracDir_full_pi_is_0
 0.831409 0.591531 0.604431 0.6638 0.82054 0.912859 0.90274 0.918894 0.996905 0.425358 0.422756 0.491016 0.623936 0.621702 0.64133 0.620294 0.676611 0.632727 0.862269 1.03227 0.880611 0.8894 0.852761 0.885114 0.763583 0.85017 0.752685 0.975482 0.890953 0.633487 0.743719 0.792008 0.74689 0.719477 0.731405 0.740719 
RBFBell_iters0_phase_shifts3_NaiveFTFracDir_full_pi_is_0
 0.831409 0.591531 0.604431 0.6638 0.82054 0.912859 0.90274 0.918894 0.996905 0.425358 0.422756 0.491016 0.623936 0.621702 0.64133 0.620294 0.676611 0.632727 0.862269 1.03227 0.880611 0.8894 0.852761 0.885114 0.763583 0.85017 0.752685 0.975482 0.890953 0.633487 0.743719 0.792008 0.74689 0.719477 0.731405 0.740719 
RBFGaussian_iters1_phase_shifts3_NaiveFTFracDir_full_pi_is_0
 0.831409 0.591531 0.604431 0.6638 0.82054 0.912859 0.90274 0.918894 0.996905 0.425358 0.422756 0.491016 0.623936 0.621702 0.64133 0.620294 0.676611 0.632727 0.862269 1.03227 0.880611 0.8894 0.852761 0.885114 0.763583 0.85017 0.752685 0.975482 0.890953 0.633487 0.743719 0.792008 0.74689 0.719477 0.731405 0.740719 
RBFTPS_iters2_phase_shifts6_NaiveFTFracDir_full_pi_is_1
 0.548221 0.573872 0.594461 0.717689 0.882157 0.96966 0.931408 0.958342 0.988114 0.438099 0.481305 0.479394 0.611784 0.636816 0.76296 0.680639 0.705041 0.702932 0.697847 0.850323 1.15959 0.81184 0.921673 0.910865 0.819119 0.917026 0.913767 0.654722 0.785853 0.61196 0.745817 0.682128 0.710102 0.7283 0.756741 0.751622 
IDW_iters3_phase_shifts4_NaiveFTFracDir_full_pi_is_0
 0.979641 0.799192 0.732861 0.782701 0.993135 0.85858 0.912902 0.875592 0.701231 0.377177 0.447868 0.540999 0.557959 0.612319 0.63756 0.674442 0.676865 0.716919 0.651946 0.957632 0.908848 0.961927 0.921918 0.78428 0.931468 0.739081 0.784227 0.545934 1.01892 0.644291 0.759814 0.694603 0.76811 0.708275 0.772112 0.764473 
Makima_iters2_phase_shifts1_NaiveFTFracDir_full_pi_is_0
 0.981081 0.610332 0.612587 0.599168 0.852307 0.841609 0.842236 0.914145 0.823582 0.373946 0.398645 0.539695 0.576596 0.518922 0.602956 0.661328 0.587853 0.642853 0.793274 1.13101 0.996282 1.0026 0.939197 1.13321 0.815963 0.824387 0.892681 1.1143 0.840396 0.56593 0.647002 0.716932 0.61418 0.604229 0.615002 0.61397 
Makima_iters2_phase_shifts1_NaiveFTFracDir_full_pi_is_1
 0.981081 0.610332 0.612587 0.599168 0.852307 0.841609 0.842236 0.914145 0.823582 0.373946 0.398645 0.539695 0.576596 0.518922 0.602956 0.661328 0.587853 0.642853 0.793274 1.13101 0.996282 1.0026 0.939197 1.13321 0.815963 0.824387 0.892681 1.1143 0.840396 0.56593 0.647002 0.716932 0.61418 0.604229 0.615002 0.61397 
Makima_iters2_phase_shifts7_NaiveFTFracDir_full_pi_is_0
 0.757664 0.560025 0.46883 0.648966 0.757065 0.919611 0.865592 0.987658 0.863164 0.394837 0.398093 0.48956 0.539344 0.511767 0.658289 0.593468 0.626469 0.633599 1.00524 1.12162 1.04981 1.04626 1.00643 1.06113 0.748727 0.835327 0.826114 0.377891 0.859665 0.71282 0.775863 0.812923 0.692879 0.711194 0.763934 0.726526 
Makima_iters2_phase_shifts1_Naive_full_pi_is_0
 0.981081 0.610332 0.612587 0.600681 0.853483 0.842565 0.843179 0.914958 0.824274 0.373946 0.398645 0.539695 0.576596 0.518922 0.602956 0.661328 0.587853 0.642853 0.793274 1.13101 0.996282 1.0026 0.939197 1.13321 0.815963 0.824387 0.892681 1.1143 0.840396 0.56593 0.647002 0.716932 0.61418 0.604229 0.615002 0.61397 
Makima_iters2_phase_shifts1_Naive_full_pi_is_1
 0.981081 0.610332 0.612587 0.600681 0.853483 0.842565 0.843179 0.914958 0.824274 0.373946 0.398645 0.539695 0.576596 0.518922 0.602956 0.661328 0.587853 0.642853 0.793274 1.13101 0.996282 1.0026 0.939197 1.13321 0.815963 0.824387 0.892681 1.1143 0.840396 0.56593 0.647002 0.716932 0.61418 0.604229 0.615002 0.61397 
IDW_iters0_phase_shifts7_NaiveFTFracDir_full_pi_is_0
 1.13635 0.852076 0.803459 0.805132 0.935826 1.04337 1.06689 0.988233 0.985237 0.368733 0.428095 0.538427 0.581548 0.640574 0.66928 0.686547 0.690446 0.65674 0.803396 0.994681 0.789448 0.847912 0.796353 0.661494 0.671318 0.815399 0.62054 0.421536 0.641988 0.683031 0.715137 0.770704 0.750961 0.715589 0.763934 0.705274 
IDW_iters1_phase_shifts7_NaiveFTFracDir_full_pi_is_0
 1.13635 0.852076 0.803459 0.805132 0.935826 1.04337 1.06689 0.988233 0.985237 0.368733 0.428095 0.538427 0.581548 0.640574 0.66928 0.686547 0.690446 0.65674 0.803396 0.994681 0.789448 0.847912 0.796353 0.661494 0.671318 0.815399 0.62054 0.421536 0.641988 0.683031 0.715137 0.770704 0.750961 0.715589 0.763934 0.705274 
RBFTPS_iters3_phase_shifts3_NaiveFTFracDir_full_pi_is_0
 0.787134 0.5157 0.495956 0.553505 0.722176 0.760061 0.761753 0.905469 0.780291 0.363377 0.44157 0.509584 0.556443 0.560711 0.669732 0.692845 0.702542 0.718376 0.805589 1.05128 1.08137 1.10655 0.985004 0.790168 0.786511 0.794822 0.942166 0.996803 0.804004 0.681884 0.851908 0.714214 0.745967 0.813801 0.798825 0.806055 
Makima_iters2_phase_shifts2_Naive_full_pi_is_0
 0.646136 0.622079 0.658418 0.682148 0.796656 0.852534 0.85391 0.936101 0.897154 0.353726 0.402016 0.455893 0.57656 0.580459 0.605916 0.622057 0.599999 0.657947 1.03841 0.912776 0.862762 0.897869 0.836241 0.831114 0.81178 0.84345 0.858313 1.04902 0.921696 0.750866 0.854391 0.822684 0.678447 0.780283 0.809238 0.802387 
RBFTPS_iters1_phase_shifts3_Naive_full_pi_is_1
 1.08021 0.677925 0.674264 0.756869 0.989727 0.925146 0.924212 1.0061 0.935288 0.403414 0.516064 0.523217 0.585709 0.61483 0.636666 0.622232 0.663604 0.62047 0.815365 0.863905 0.775999 0.753784 0.778026 0.794572 0.772123 0.767166 0.76581 0.715243 0.872653 0.720895 0.781094 0.802804 0.794689 0.8052 0.799904 0.796302 
RBFTPS_iters0_phase_shifts3_Naive_full_pi_is_1
 1.08021 0.677925 0.674264 0.756869 0.989727 0.925146 0.924212 1.0061 0.935288 0.403414 0.516064 0.523217 0.585709 0.61483 0.636666 0.622232 0.663604 0.62047 0.815365 0.863905 0.775999 0.753784 0.778026 0.794572 0.772123 0.767166 0.76581 0.715243 0.872653 0.720895 0.781094 0.802804 0.794689 0.8052 0.799904 0.796302 
Makima_iters2_phase_shifts5_NaiveFTFracDir_full_pi_is_0
 0.632178 0.555612 0.513267 0.667936 0.830565 0.913902 0.90479 0.983617 0.875356 0.381245 0.436867 0.476386 0.502017 0.508579 0.638035 0.585467 0.605554 0.6413 1.08164 1.12755 1.07134 1.03699 1.02789 1.04479 0.734428 0.855158 0.819578 0.988252 0.79513 0.56702 0.650555 0.756811 0.651742 0.625337 0.677434 0.647777 
Makima_iters1_phase_shifts6_NaiveFTFracDir_full_pi_is_0
 1.00558 0.668052 0.679682 0.743263 0.950581 1.01375 1.03006 1.0714 0.926723 0.404175 0.430973 0.484916 0.552237 0.574952 0.590736 0.635552 0.653656 0.610422 0.965995 1.14224 0.915636 0.910742 0.830952 0.746731 0.709354 0.803118 0.681965 0.660222 0.697956 0.648394 0.697551 0.78047 0.740497 0.695182 0.71641 0.704233 
Makima_iters0_phase_shifts6_NaiveFTFracDir_full_pi_is_0
 1.00558 0.668052 0.679682 0.743263 0.950581 1.01375 1.03006 1.0714 0.926723 0.404175 0.430973 0.484916 0.552237 0.574952 0.590736 0.635552 0.653656 0.610422 0.965995 1.14224 0.915636 0.910742 0.830952 0.746731 0.709354 0.803118 0.681965 0.660222 0.697956 0.648394 0.697551 0.78047 0.740497 0.695182 0.71641 0.704233 
Makima_iters1_phase_shifts9_NaiveFTFracDir_full_pi_is_1
 1.14441 0.835447 0.800523 0.757211 0.956981 1.10432 1.16857 0.9983 0.958618 0.395034 0.41441 0.490695 0.5401 0.62443 0.631545 0.644044 0.660984 0.641723 1.08251 0.872674 0.729593 0.76943 0.745258 0.778453 0.62561 0.814975 0.586612 0.508607 0.707887 0.69114 0.654621 0.771992 0.745669 0.705191 0.714948 0.705441 
Makima_iters0_phase_shifts9_NaiveFTFracDir_full_pi_is_1
 1.14441 0.835447 0.800523 0.757211 0.956981 1.10432 1.16857 0.9983 0.958618 0.395034 0.41441 0.490695 0.5401 0.62443 0.631545 0.644044 0.660984 0.641723 1.08251 0.872674 0.729593 0.76943 0.745258 0.778453 0.62561 0.814975 0.586612 0.508607 0.707887 0.69114 0.654621 0.771992 0.745669 0.705191 0.714948 0.705441 
Makima_iters1_phase_shifts5_Naive_full_pi_is_1
 0.980215 0.655146 0.665162 0.735118 0.922893 0.946688 0.879 0.942423 1.10297 0.403252 0.472132 0.529007 0.578929 0.586395 0.615507 0.589088 0.627344 0.598536 0.780367 1.03734 0.804868 0.74921 0.762547 0.807089 0.776534 0.765473 0.801967 0.86576 0.634167 0.900076 0.848406 0.75546 0.7744 0.781994 0.795615 0.796426 
Makima_iters0_phase_shifts5_Naive_full_pi_is_1
 0.980215 0.655146 0.665162 0.735118 0.922893 0.946688 0.879 0.942423 1.10297 0.403252 0.472132 0.529007 0.578929 0.586395 0.615507 0.589088 0.627344 0.598536 0.780367 1.03734 0.804868 0.74921 0.762547 0.807089 0.776534 0.765473 0.801967 0.86576 0.634167 0.900076 0.848406 0.75546 0.7744 0.781994 0.795615 0.796426 
Makima_iters1_phase_shifts4_Naive_full_pi_is_1
 0.981286 0.647894 0.657607 0.728665 0.913877 0.938724 0.936642 0.955068 1.09655 0.399381 0.453137 0.508332 0.564721 0.585844 0.611741 0.581919 0.619153 0.601733 0.781817 1.03456 0.804041 0.763228 0.764267 0.807476 0.775825 0.760858 0.80855 0.843446 0.644205 0.874165 0.924885 0.753133 0.764837 0.77294 0.787443 0.787952 
Makima_iters0_phase_shifts4_Naive_full_pi_is_1
 0.981286 0.647894 0.657607 0.728665 0.913877 0.938724 0.936642 0.955068 1.09655 0.399381 0.453137 0.508332 0.564721 0.585844 0.611741 0.581919 0.619153 0.601733 0.781817 1.03456 0.804041 0.763228 0.764267 0.807476 0.775825 0.760858 0.80855 0.843446 0.644205 0.874165 0.924885 0.753133 0.764837 0.77294 0.787443 0.787952 
Makima_iters2_phase_shifts3_NaiveFTFracDir_full_pi_is_0
 0.772335 0.57467 0.53174 0.577147 0.751345 0.803788 0.929312 0.978473 0.861691 0.343385 0.461449 0.500284 0.507493 0.539458 0.667085 0.590434 0.598557 0.663457 0.940089 1.09604 1.01778 1.01908 1.15384 0.786723 0.83937 0.863988 0.802361 1.00053 0.864679 0.639962 0.730031 0.781347 0.736077 0.686552 0.722482 0.674103 
IDW_iters1_phase_shifts4_NaiveFTFracDir_full_pi_is_0
 1.13179 0.805674 0.732936 0.812872 0.906374 0.991216 0.98492 1.05303 0.960597 0.351217 0.473421 0.56805 0.620869 0.615092 0.733928 0.653898 0.686453 0.685495 0.759013 0.975929 0.801794 0.847664 0.792865 0.670563 0.684301 0.750521 0.60922 0.987876 0.683926 0.615037 0.672446 0.747417 0.7446 0.690101 0.733625 0.700709 
IDW_iters0_phase_shifts4_NaiveFTFracDir_full_pi_is_0
 1.13179 0.805674 0.732936 0.812872 0.906374 0.991216 0.98492 1.05303 0.960597 0.351217 0.473421 0.56805 0.620869 0.615092 0.733928 0.653898 0.686453 0.685495 0.759013 0.975929 0.801794 0.847664 0.792865 0.670563 0.684301 0.750521 0.60922 0.987876 0.683926 0.615037 0.672446 0.747417 0.7446 0.690101 0.733625 0.700709 
IDW_iters2_phase_shifts3_NaiveFTFracDir_full_pi_is_1
 0.629621 0.731488 0.680569 0.784354 1.047 0.966747 1.0594 0.973094 0.941273 0.465911 0.477352 0.551477 0.658327 0.568915 0.68366 0.69926 0.741404 0.730969 0.624535 0.7837 1.11395 0.79787 0.983805 0.658804 0.694555 0.746774 0.790327 0.596966 0.784923 0.666425 0.781306 0.789403 0.77227 0.770746 0.803614 0.768587 
RBFTPS_iters2_phase_shifts3_NaiveFTFracDir_full_pi_is_0
 0.628681 0.446888 0.49221 0.578429 0.785215 0.844803 0.820427 0.995112 0.864883 0.474259 0.465494 0.503975 0.588693 0.660348 0.624443 0.670577 0.665912 0.655838 0.971258 1.08323 1.05306 1.05394 1.03667 0.861279 0.74221 0.754905 0.754359 0.988121 0.634926 0.72934 0.83878 0.882587 0.748818 0.741918 0.759327 0.742302 
RBFTPS_iters3_phase_shifts8_NaiveFTFracDir_full_pi_is_1
 0.527994 0.578133 0.559605 0.704783 0.868245 0.91457 0.918721 1.03388 0.885583 0.370659 0.38956 0.626847 0.568044 0.587389 0.594956 0.627928 0.664355 0.685894 0.582947 0.6863 1.17527 0.862248 1.07805 0.978908 0.931129 1.0025 1.08725 0.64307 0.710745 0.624996 0.79164 0.659876 0.782779 0.764005 0.766085 0.780144 
Makima_iters0_phase_shifts8_NaiveFTFracDir_full_pi_is_1
 1.11484 0.799664 0.766859 0.788101 0.965544 1.11262 1.08403 0.9312 0.984376 0.392611 0.4081 0.492365 0.624999 0.581954 0.616349 0.645481 0.6831 0.618677 1.24384 0.957041 0.73802 0.774462 0.734269 0.775083 0.660742 0.797787 0.678852 0.452044 0.733332 0.572426 0.604432 0.750295 0.743131 0.737055 0.731266 0.715698 
Makima_iters1_phase_shifts8_NaiveFTFracDir_full_pi_is_1
 1.11484 0.799664 0.766859 0.788101 0.965544 1.11262 1.08403 0.9312 0.984376 0.392611 0.4081 0.492365 0.624999 0.581954 0.616349 0.645481 0.6831 0.618677 1.24384 0.957041 0.73802 0.774462 0.734269 0.775083 0.660742 0.797787 0.678852 0.452044 0.733332 0.572426 0.604432 0.750295 0.743131 0.737055 0.731266 0.715698 
RBFTPS_iters1_phase_shifts9_NaiveFTFracDir_full_pi_is_1
 0.949522 0.796778 0.779344 0.745439 0.95401 1.07794 1.02244 1.0251 1.1134 0.466748 0.402641 0.491057 0.548914 0.600059 0.614904 0.663601 0.654263 0.627377 1.10932 0.932578 0.778485 0.689077 0.792694 0.79982 0.661055 0.832121 0.777458 0.411437 0.716774 0.655471 0.701194 0.851168 0.748601 0.715545 0.72238 0.711523 
RBFTPS_iters0_phase_shifts9_NaiveFTFracDir_full_pi_is_1
 0.949522 0.796778 0.779344 0.745439 0.95401 1.07794 1.02244 1.0251 1.1134 0.466748 0.402641 0.491057 0.548914 0.600059 0.614904 0.663601 0.654263 0.627377 1.10932 0.932578 0.778485 0.689077 0.792694 0.79982 0.661055 0.832121 0.777458 0.411437 0.716774 0.655471 0.701194 0.851168 0.748601 0.715545 0.72238 0.711523 
RBFTPS_iters1_phase_shifts7_NaiveFTFracDir_full_pi_is_1
 0.863833 0.776139 0.76912 0.789829 0.956946 1.11227 1.0896 0.90518 1.00989 0.486827 0.404511 0.469543 0.543564 0.600848 0.608269 0.64046 0.664105 0.635855 1.19377 0.973225 0.777273 0.7055 0.774848 0.791255 0.717024 0.860443 0.800785 0.478415 0.707859 0.546324 0.709755 0.84288 0.753343 0.730114 0.748607 0.737131 
RBFTPS_iters0_phase_shifts7_NaiveFTFracDir_full_pi_is_1
 0.863833 0.776139 0.76912 0.789829 0.956946 1.11227 1.0896 0.90518 1.00989 0.486827 0.404511 0.469543 0.543564 0.600848 0.608269 0.64046 0.664105 0.635855 1.19377 0.973225 0.777273 0.7055 0.774848 0.791255 0.717024 0.860443 0.800785 0.478415 0.707859 0.546324 0.709755 0.84288 0.753343 0.730114 0.748607 0.737131 
RBFTPS_iters3_phase_shifts2_Naive_full_pi_is_1
 0.581268 0.70228 0.762531 0.753183 0.906044 0.876176 0.87989 0.953636 0.892068 0.388223 0.406741 0.488351 0.616082 0.619401 0.683041 0.679109 0.706995 0.727451 0.708074 0.722911 0.811359 0.821398 0.834306 1.19337 0.83143 0.816627 0.970164 0.40807 0.889111 0.753323 0.877891 0.896945 0.748267 0.796892 0.822239 0.801504 
Makima_iters2_phase_shifts6_NaiveFTFracDir_full_pi_is_0
 0.756811 0.618804 0.59019 0.670474 0.678669 0.814387 0.74746 0.943818 0.787275 0.396771 0.463264 0.51998 0.508683 0.518377 0.634923 0.610832 0.633164 0.642588 1.01044 1.11372 1.0602 1.05514 1.05334 0.847903 0.772612 0.789609 0.826373 1.1318 0.795404 0.6747 0.755692 0.809331 0.704497 0.697077 0.785316 0.763665 
RBFTPS_iters2_phase_shifts4_NaiveFTFracDir_full_pi_is_1
 0.855029 0.644166 0.648055 0.755763 0.964044 0.935803 0.956589 0.962336 0.953279 0.508844 0.452977 0.565631 0.554491 0.660273 0.690925 0.682636 0.709172 0.687071 0.711096 0.831531 0.909647 0.834603 1.11983 0.765763 0.780125 0.88229 0.959159 0.373959 0.913619 0.669101 0.769307 0.671252 0.718427 0.757788 0.764985 0.765578 
IDW_iters3_phase_shifts9_NaiveFTFracDir_full_pi_is_0
 0.696522 0.782383 0.75965 0.73741 0.762267 0.910263 0.910586 0.839841 0.840089 0.393341 0.436078 0.520821 0.568992 0.57191 0.682536 0.690248 0.715355 0.779642 0.848464 0.974908 0.945042 0.982808 0.975162 0.816856 1.06599 0.721414 0.794304 0.376167 0.872845 0.685634 0.807177 0.744827 0.790498 0.762786 0.81151 0.810235 
RBFGaussian_iters1_phase_shifts7_NaiveFTFracDir_full_pi_is_1
 0.858233 0.757743 0.759918 0.780058 0.954858 1.08697 1.08944 1.00193 1.06423 0.390845 0.418821 0.488776 0.618195 0.590007 0.647998 0.61105 0.661772 0.649863 1.12468 0.930566 0.707762 0.666545 0.720949 0.729701 0.721646 0.842816 0.909821 0.587081 0.703571 0.625466 0.70217 0.75088 0.779486 0.774057 0.777256 0.769524 
RBFGaussian_iters0_phase_shifts7_NaiveFTFracDir_full_pi_is_1
 0.858233 0.757743 0.759918 0.780058 0.954858 1.08697 1.08944 1.00193 1.06423 0.390845 0.418821 0.488776 0.618195 0.590007 0.647998 0.61105 0.661772 0.649863 1.12468 0.930566 0.707762 0.666545 0.720949 0.729701 0.721646 0.842816 0.909821 0.587081 0.703571 0.625466 0.70217 0.75088 0.779486 0.774057 0.777256 0.769524 
RBFBell_iters1_phase_shifts7_NaiveFTFracDir_full_pi_is_1
 0.858233 0.757743 0.759918 0.780058 0.954858 1.08697 1.08944 1.00193 1.06423 0.390845 0.418821 0.488776 0.618195 0.590007 0.647998 0.61105 0.661772 0.649863 1.12468 0.930566 0.707762 0.666545 0.720949 0.729701 0.721646 0.842816 0.909821 0.587081 0.703571 0.625466 0.70217 0.75088 0.779486 0.774057 0.777256 0.769524 
RBFBell_iters0_phase_shifts7_NaiveFTFracDir_full_pi_is_1
 0.858233 0.757743 0.759918 0.780058 0.954858 1.08697 1.08944 1.00193 1.06423 0.390845 0.418821 0.488776 0.618195 0.590007 0.647998 0.61105 0.661772 0.649863 1.12468 0.930566 0.707762 0.666545 0.720949 0.729701 0.721646 0.842816 0.909821 0.587081 0.703571 0.625466 0.70217 0.75088 0.779486 0.774057 0.777256 0.769524 
Makima_iters4_phase_shifts3_NaiveFTFracDir_full_pi_is_0
 1.40436 0.886073 0.703976 0.919763 0.835871 0.772574 0.730753 0.785087 0.700089 0.434162 0.564021 0.522775 0.555102 0.611165 0.653826 0.696233 0.716233 0.692046 0.654504 0.866954 0.980596 0.988602 0.867606 0.859239 1.01119 0.845019 0.845803 0.360898 0.763765 0.597162 0.693178 0.674453 0.63865 0.768127 0.784667 0.814048 
IDW_iters3_phase_shifts6_NaiveFTFracDir_full_pi_is_0
 0.652291 0.682926 0.71443 0.684523 0.762754 1.22945 0.858977 0.828656 0.740654 0.344301 0.504643 0.534913 0.582445 0.603431 0.624364 0.632834 0.669288 0.707666 0.780144 1.04589 0.975471 1.00597 0.957852 0.787669 1.04279 0.73354 0.84419 0.370955 0.912354 0.690746 0.780351 0.699064 0.814922 0.815729 0.807887 0.808398 
Makima_iters3_phase_shifts3_NaiveFTFracDir_full_pi_is_0
 0.816483 0.564029 0.568286 0.694964 0.738928 0.943756 0.885177 0.953041 0.788362 0.348275 0.436907 0.586209 0.561753 0.575542 0.624201 0.652509 0.636541 0.634015 0.711819 0.911853 0.990694 0.99192 0.984559 1.04471 0.967631 0.854552 0.803946 1.01387 0.75619 0.670083 0.797885 0.792534 0.673736 0.775896 0.793705 0.791517 
IDW_iters4_phase_shifts2_Naive_full_pi_is_1
 0.518477 0.973583 1.18323 0.929553 0.773585 0.881805 0.885063 0.817844 0.763553 0.37514 0.455253 0.498736 0.664275 0.659668 0.679494 0.695551 0.734901 0.74711 0.679983 0.671797 0.788372 0.833151 0.865222 0.722696 0.849382 0.702863 0.874111 0.686533 0.925492 0.767467 0.792883 0.701345 0.792891 0.83601 0.873456 0.867803 
RBFTPS_iters5_phase_shifts2_NaiveFTFracDir_full_pi_is_0
 0.968595 0.695715 0.663132 0.719309 0.716308 0.766406 0.791567 0.776355 0.68797 0.398943 0.409648 0.537186 0.535792 0.583895 0.658699 0.675836 0.668508 0.702277 0.691626 0.991465 1.06963 1.1035 0.991058 0.627696 0.739924 0.744676 0.913442 1.05888 0.922145 0.768292 0.797227 0.740557 0.717601 0.819701 0.8508 0.852007 
IDW_iters2_phase_shifts4_Naive_full_pi_is_1
 0.843736 0.808965 0.958478 0.98051 0.930164 0.988345 0.988813 1.07541 0.984158 0.374399 0.411398 0.490209 0.632035 0.615003 0.630337 0.660226 0.642274 0.650819 0.724293 0.859519 0.788545 0.748182 0.770877 0.799085 0.78087 0.788849 0.739742 0.406616 0.776215 0.714316 0.835454 0.754257 0.740621 0.814038 0.839116 0.821046 
IDW_iters3_phase_shifts7_NaiveFTFracDir_full_pi_is_1
 0.831592 0.634583 0.981854 0.668325 1.06909 0.875342 0.991525 0.992676 0.901626 0.343486 0.426207 0.452917 0.575571 0.595415 0.621899 0.713089 0.723738 0.705443 0.728032 0.730892 0.925776 0.732554 1.0065 0.91922 0.804468 0.786174 0.873899 0.762232 0.889701 0.61864 0.792186 0.68548 0.726693 0.758426 0.769721 0.79067 
IDW_iters2_phase_shifts4_NaiveFTFracDir_full_pi_is_1
 0.732187 1.0461 0.633142 0.716377 0.871632 0.935692 0.922638 1.05067 0.967307 0.421058 0.420117 0.560656 0.545765 0.585956 0.627913 0.63213 0.66287 0.696219 0.645279 0.780378 1.24829 0.825219 1.09954 0.708022 0.701756 0.786267 0.809912 0.635173 0.905874 0.65077 0.722434 0.66278 0.762188 0.768771 0.777478 0.774824 
IDW_iters2_phase_shifts2_Naive_full_pi_is_1
 0.868312 0.736714 0.857812 0.882461 0.881264 0.924994 0.964574 1.06611 0.953586 0.384592 0.388437 0.504084 0.63738 0.586881 0.616308 0.706333 0.645755 0.741688 0.713792 0.858396 0.810333 0.820288 0.834841 0.853689 0.789738 0.825431 0.835411 0.442946 0.870818 0.708072 0.820548 0.739446 0.73347 0.849405 0.838282 0.816755 
Makima_iters0_phase_shifts8_NaiveFTFracDir_full_pi_is_0
 1.15691 0.719816 0.718438 0.779135 0.960243 1.01657 1.01838 1.0489 0.97182 0.389413 0.448612 0.453357 0.550931 0.61409 0.622862 0.645727 0.665539 0.618944 0.874758 1.04261 0.853646 0.852763 0.78633 0.747045 0.693552 0.827409 0.739856 0.521865 0.756982 0.693206 0.743125 0.831804 0.766059 0.737657 0.764781 0.748954 
Makima_iters1_phase_shifts8_NaiveFTFracDir_full_pi_is_0
 1.15691 0.719816 0.718438 0.779135 0.960243 1.01657 1.01838 1.0489 0.97182 0.389413 0.448612 0.453357 0.550931 0.61409 0.622862 0.645727 0.665539 0.618944 0.874758 1.04261 0.853646 0.852763 0.78633 0.747045 0.693552 0.827409 0.739856 0.521865 0.756982 0.693206 0.743125 0.831804 0.766059 0.737657 0.764781 0.748954 
IDW_iters0_phase_shifts9_NaiveFTFracDir_full_pi_is_0
 1.11501 0.76462 0.759742 0.838226 0.965259 1.05711 1.01951 1.0361 0.953906 0.350473 0.428546 0.536004 0.559591 0.598884 0.661409 0.672151 0.680914 0.648457 0.851448 1.01324 0.818047 0.848559 0.801258 0.685746 0.716284 0.768095 0.624354 0.457356 0.654854 0.75145 0.762279 0.824792 0.86312 0.764919 0.785038 0.750027 
IDW_iters1_phase_shifts9_NaiveFTFracDir_full_pi_is_0
 1.11501 0.76462 0.759742 0.838226 0.965259 1.05711 1.01951 1.0361 0.953906 0.350473 0.428546 0.536004 0.559591 0.598884 0.661409 0.672151 0.680914 0.648457 0.851448 1.01324 0.818047 0.848559 0.801258 0.685746 0.716284 0.768095 0.624354 0.457356 0.654854 0.75145 0.762279 0.824792 0.86312 0.764919 0.785038 0.750027 
IDW_iters2_phase_shifts5_NaiveFTFracDir_full_pi_is_0
 0.943945 0.67816 0.635099 0.738293 0.82941 0.902218 0.904905 1.21015 1.02215 0.348505 0.464865 0.524694 0.544383 0.548022 0.6003 0.640961 0.67415 0.681746 0.919005 0.979365 0.857824 0.873406 0.949781 0.837084 0.780534 0.700357 0.749986 0.88005 0.826728 0.737122 0.758738 0.69561 0.756675 0.76444 0.747526 0.754405 
Makima_iters1_phase_shifts6_NaiveFTFracDir_full_pi_is_1
 1.14496 0.824293 0.796011 0.783215 0.956454 1.14709 1.15178 0.959344 0.999461 0.382341 0.410537 0.476265 0.576474 0.619564 0.634586 0.641732 0.632756 0.621059 1.24753 0.968126 0.750308 0.765373 0.752632 0.689715 0.628445 0.733689 0.59294 0.434924 0.70401 0.621293 0.690295 0.838845 0.747117 0.73584 0.730868 0.718418 
Makima_iters0_phase_shifts6_NaiveFTFracDir_full_pi_is_1
 1.14496 0.824293 0.796011 0.783215 0.956454 1.14709 1.15178 0.959344 0.999461 0.382341 0.410537 0.476265 0.576474 0.619564 0.634586 0.641732 0.632756 0.621059 1.24753 0.968126 0.750308 0.765373 0.752632 0.689715 0.628445 0.733689 0.59294 0.434924 0.70401 0.621293 0.690295 0.838845 0.747117 0.73584 0.730868 0.718418 
IDW_iters2_phase_shifts7_NaiveFTFracDir_full_pi_is_0
 0.829989 0.732366 0.673847 0.758486 0.817858 0.941968 0.926411 1.15053 0.876608 0.366694 0.407611 0.533895 0.586745 0.557196 0.633774 0.666088 0.675627 0.698181 0.7856 1.06425 0.88932 0.906664 0.977484 0.751872 0.710849 0.738852 0.768144 0.909146 0.77492 0.752998 0.80716 0.821339 0.798121 0.720529 0.76162 0.774631 
RBFTPS_iters1_phase_shifts4_Naive_full_pi_is_1
 0.93084 0.701821 0.698676 0.777839 0.950083 0.978944 0.977027 1.14952 0.950388 0.411722 0.518596 0.514123 0.58401 0.614206 0.638149 0.614993 0.663911 0.620311 0.821872 0.862805 0.781391 0.740617 0.746606 0.820652 0.796414 0.784142 0.776619 0.819759 0.862673 0.721073 0.790979 0.800998 0.796697 0.809228 0.808547 0.801675 
RBFTPS_iters0_phase_shifts4_Naive_full_pi_is_1
 0.93084 0.701821 0.698676 0.777839 0.950083 0.978944 0.977027 1.14952 0.950388 0.411722 0.518596 0.514123 0.58401 0.614206 0.638149 0.614993 0.663911 0.620311 0.821872 0.862805 0.781391 0.740617 0.746606 0.820652 0.796414 0.784142 0.776619 0.819759 0.862673 0.721073 0.790979 0.800998 0.796697 0.809228 0.808547 0.801675 
Makima_iters0_phase_shifts6_Naive_full_pi_is_1
 0.980712 0.661269 0.671191 0.740986 0.927167 0.931827 0.929008 0.987396 1.13705 0.40489 0.471505 0.526861 0.576223 0.592347 0.623588 0.592919 0.630984 0.602777 0.781054 1.03816 0.805929 0.752618 0.762128 0.695138 0.671069 0.677243 0.743008 1.24564 0.696195 0.859183 0.814504 0.756662 0.767025 0.774897 0.790197 0.791307 
Makima_iters1_phase_shifts6_Naive_full_pi_is_1
 0.980712 0.661269 0.671191 0.740986 0.927167 0.931827 0.929008 0.987396 1.13705 0.40489 0.471505 0.526861 0.576223 0.592347 0.623588 0.592919 0.630984 0.602777 0.781054 1.03816 0.805929 0.752618 0.762128 0.695138 0.671069 0.677243 0.743008 1.24564 0.696195 0.859183 0.814504 0.756662 0.767025 0.774897 0.790197 0.791307 
RBFTPS_iters2_phase_shifts2_Naive_full_pi_is_0
 0.720414 0.57269 0.650046 0.757471 0.878549 0.87707 0.877611 0.992865 0.965238 0.404447 0.415707 0.544307 0.646733 0.64093 0.633103 0.650889 0.649288 0.675624 0.805429 1.01713 0.931512 0.966261 0.899564 0.706706 0.681063 0.742505 0.888204 0.900952 0.755461 0.763468 0.895975 0.922784 0.769856 0.784279 0.831847 0.796131 
IDW_iters4_phase_shifts3_NaiveFTFracDir_full_pi_is_0
 0.645107 0.78349 0.567807 0.810396 0.770914 0.862272 0.775936 0.809053 0.642968 0.467056 0.55088 0.562463 0.60582 0.676209 0.639956 0.683722 0.700538 0.786598 1.01505 1.10529 0.996502 1.03345 1.05297 0.858182 0.987287 0.798906 0.888494 0.37081 0.81775 0.623502 0.707868 0.689661 0.794034 0.797186 0.826016 0.804052 
IDW_iters3_phase_shifts9_NaiveFTFracDir_full_pi_is_1
 0.7469 1.18127 0.953267 0.849722 0.86403 0.898531 0.912708 1.08463 0.920347 0.340908 0.414167 0.489671 0.585384 0.574329 0.594552 0.746981 0.708622 0.703588 0.841522 0.770976 0.941314 0.757756 0.996366 0.850932 0.77642 0.797338 0.873615 0.489456 0.714017 0.603983 0.701318 0.642337 0.749618 0.770208 0.784264 0.80031 
RBFTPS_iters2_phase_shifts3_NaiveFTFracDir_full_pi_is_1
 0.583862 0.698559 0.644043 0.792551 0.936135 0.988126 0.981302 1.04774 0.9196 0.455997 0.462637 0.512026 0.619878 0.644259 0.630876 0.677048 0.689802 0.663117 0.715923 0.752013 0.934517 0.825274 1.02448 0.772334 0.729789 0.851645 0.920095 0.469597 0.959161 0.648317 0.886394 0.862469 0.826023 0.801534 0.809179 0.827269 
RBFTPS_iters3_phase_shifts4_NaiveFTFracDir_full_pi_is_1
 0.495878 0.625364 0.618798 0.736502 0.867506 0.906629 0.90931 0.963247 0.854541 0.471474 0.408604 0.595286 0.590736 0.629411 0.621136 0.642705 0.692532 0.706624 0.624063 0.675148 1.23519 0.902946 1.06948 0.897016 0.86315 0.993881 1.00806 0.59643 0.812835 0.652158 0.828359 0.643343 0.79776 0.830939 0.843442 0.82774 
RBFTPS_iters1_phase_shifts2_Naive_full_pi_is_0
 0.930046 0.658204 0.645013 0.650207 0.910936 0.998387 1.00295 1.06511 0.951737 0.420687 0.477358 0.523442 0.563784 0.616892 0.632831 0.581352 0.604918 0.605377 0.868001 1.02966 0.855443 0.892304 0.828774 0.719987 0.700258 0.806853 0.822523 0.868906 0.736687 0.80658 0.801811 0.85275 0.798747 0.773354 0.799219 0.799784 
RBFTPS_iters0_phase_shifts2_Naive_full_pi_is_0
 0.930046 0.658204 0.645013 0.650207 0.910936 0.998387 1.00295 1.06511 0.951737 0.420687 0.477358 0.523442 0.563784 0.616892 0.632831 0.581352 0.604918 0.605377 0.868001 1.02966 0.855443 0.892304 0.828774 0.719987 0.700258 0.806853 0.822523 0.868906 0.736687 0.80658 0.801811 0.85275 0.798747 0.773354 0.799219 0.799784 
RBFTPS_iters0_phase_shifts5_Naive_full_pi_is_1
 0.934085 0.718786 0.712385 0.791566 0.958445 0.985241 0.98335 1.02555 0.958939 0.412562 0.510539 0.518228 0.58747 0.599329 0.644866 0.621385 0.671365 0.617759 0.809625 0.87986 0.788262 0.733804 0.754939 0.820754 0.799966 0.794863 0.7844 0.762152 0.91561 0.747609 0.808994 0.824941 0.817841 0.801848 0.838093 0.819648 
RBFTPS_iters1_phase_shifts5_Naive_full_pi_is_1
 0.934085 0.718786 0.712385 0.791566 0.958445 0.985241 0.98335 1.02555 0.958939 0.412562 0.510539 0.518228 0.58747 0.599329 0.644866 0.621385 0.671365 0.617759 0.809625 0.87986 0.788262 0.733804 0.754939 0.820754 0.799966 0.794863 0.7844 0.762152 0.91561 0.747609 0.808994 0.824941 0.817841 0.801848 0.838093 0.819648 
IDW_iters5_phase_shifts2_NaiveFTFracDir_full_pi_is_0
 0.890535 0.702334 1.06549 0.860626 0.703825 0.9269 0.838305 0.777746 0.642547 0.403652 0.481082 0.634064 0.638268 0.673384 0.630375 0.671676 0.684882 0.764007 0.791652 1.00042 0.930984 1.00338 0.927717 0.935144 0.7674 0.808838 0.919487 0.512976 0.77337 0.639887 0.681106 0.714731 0.799454 0.81619 0.882207 0.820488 
RBFTPS_iters0_phase_shifts5_NaiveFTFracDir_full_pi_is_0
 0.903065 0.663973 0.69474 0.744783 0.893828 0.967117 0.979538 1.04301 0.961692 0.520394 0.472864 0.521834 0.565503 0.649679 0.636255 0.662276 0.667658 0.64444 0.970998 1.14464 0.912216 0.899904 0.838724 0.77957 0.694444 0.858059 0.698569 0.541017 0.776893 0.74321 0.779496 0.842188 0.766028 0.720222 0.759336 0.74713 
RBFTPS_iters1_phase_shifts5_NaiveFTFracDir_full_pi_is_0
 0.903065 0.663973 0.69474 0.744783 0.893828 0.967117 0.979538 1.04301 0.961692 0.520394 0.472864 0.521834 0.565503 0.649679 0.636255 0.662276 0.667658 0.64444 0.970998 1.14464 0.912216 0.899904 0.838724 0.77957 0.694444 0.858059 0.698569 0.541017 0.776893 0.74321 0.779496 0.842188 0.766028 0.720222 0.759336 0.74713 
RBFTPS_iters1_phase_shifts6_NaiveFTFracDir_full_pi_is_0
 0.962394 0.641591 0.678708 0.73994 0.89616 0.985901 0.943371 1.00559 0.90418 0.498807 0.473278 0.497583 0.583154 0.614379 0.630524 0.652928 0.674676 0.630838 0.993753 1.18054 0.909149 0.896977 0.857243 0.736411 0.703574 0.854583 0.694681 0.597592 0.734128 0.79765 0.770012 0.879907 0.776865 0.722535 0.769991 0.751565 
RBFTPS_iters0_phase_shifts6_NaiveFTFracDir_full_pi_is_0
 0.962394 0.641591 0.678708 0.73994 0.89616 0.985901 0.943371 1.00559 0.90418 0.498807 0.473278 0.497583 0.583154 0.614379 0.630524 0.652928 0.674676 0.630838 0.993753 1.18054 0.909149 0.896977 0.857243 0.736411 0.703574 0.854583 0.694681 0.597592 0.734128 0.79765 0.770012 0.879907 0.776865 0.722535 0.769991 0.751565 
RBFTPS_iters2_phase_shifts5_NaiveFTFracDir_full_pi_is_0
 0.657242 0.550398 0.528929 0.613475 0.814448 0.862378 0.860258 0.965413 0.869104 0.364529 0.464249 0.527468 0.614736 0.646031 0.656321 0.66016 0.685287 0.644991 0.914149 1.08772 1.0147 1.02499 1.05553 0.874711 0.7439 0.785907 0.764159 0.974396 0.830879 0.773034 0.846307 0.878533 0.762939 0.742055 0.767522 0.747877 
IDW_iters3_phase_shifts8_NaiveFTFracDir_full_pi_is_0
 0.733829 0.739845 0.690872 0.709536 0.813317 0.849023 0.844084 0.90152 0.849066 0.405948 0.462328 0.5239 0.578305 0.598879 0.689182 0.715995 0.726412 0.783667 0.832125 1.0243 0.958721 0.996796 0.979344 0.788025 1.16937 0.71793 0.846453 0.386828 0.740743 0.697235 0.809967 0.736061 0.826476 0.805522 0.827603 0.859276 
Makima_iters1_phase_shifts2_NaiveFTFracDir_full_pi_is_1
 1.08428 0.728974 0.730924 0.805297 0.959092 1.0846 1.00824 0.994555 1.04141 0.475365 0.483803 0.576112 0.658314 0.680182 0.708528 0.669162 0.712792 0.666265 1.28997 0.882169 0.73996 0.737412 0.723166 0.659909 0.673348 0.732161 0.7231 0.494945 0.528855 0.62878 0.772101 0.806859 0.787564 0.758327 0.747988 0.74175 
Makima_iters0_phase_shifts2_NaiveFTFracDir_full_pi_is_1
 1.08428 0.728974 0.730924 0.805297 0.959092 1.0846 1.00824 0.994555 1.04141 0.475365 0.483803 0.576112 0.658314 0.680182 0.708528 0.669162 0.712792 0.666265 1.28997 0.882169 0.73996 0.737412 0.723166 0.659909 0.673348 0.732161 0.7231 0.494945 0.528855 0.62878 0.772101 0.806859 0.787564 0.758327 0.747988 0.74175 
RBFTPS_iters1_phase_shifts6_NaiveFTFracDir_full_pi_is_1
 0.954776 0.742247 0.721124 0.767 0.966831 1.13973 1.16217 0.94238 0.987088 0.417238 0.429839 0.49127 0.563397 0.605454 0.619643 0.658614 0.655779 0.658022 1.26901 0.968522 0.787116 0.764344 0.777496 0.756686 0.69137 0.830276 0.753092 0.573924 0.715102 0.553262 0.706055 0.87917 0.724779 0.711413 0.73127 0.718298 
RBFTPS_iters0_phase_shifts6_NaiveFTFracDir_full_pi_is_1
 0.954776 0.742247 0.721124 0.767 0.966831 1.13973 1.16217 0.94238 0.987088 0.417238 0.429839 0.49127 0.563397 0.605454 0.619643 0.658614 0.655779 0.658022 1.26901 0.968522 0.787116 0.764344 0.777496 0.756686 0.69137 0.830276 0.753092 0.573924 0.715102 0.553262 0.706055 0.87917 0.724779 0.711413 0.73127 0.718298 
RBFTPS_iters2_phase_shifts3_Naive_full_pi_is_1
 0.653309 0.720747 0.740316 0.792153 0.91247 0.902779 0.905846 0.993458 1.01679 0.446469 0.460235 0.557741 0.654691 0.629398 0.614846 0.642241 0.675366 0.656184 0.769048 0.826725 0.819347 0.816974 0.809592 0.984366 0.935788 0.890866 1.02311 0.353628 0.899974 0.822699 0.865418 0.777336 0.716326 0.794105 0.809307 0.784864 
IDW_iters3_phase_shifts7_NaiveFTFracDir_full_pi_is_0
 0.728971 0.717325 0.724682 0.689036 0.742105 0.78112 0.775922 0.821196 0.726205 0.382542 0.447176 0.536835 0.565497 0.584368 0.653434 0.643245 0.677288 0.697011 1.46743 1.02239 0.970693 1.0042 0.965562 0.802942 1.03665 0.730924 0.853237 0.359865 0.874064 0.699862 0.781983 0.697306 0.779414 0.795179 0.80514 0.811141 
RBFBell_iters2_phase_shifts8_NaiveFTFracDir_full_pi_is_1
 0.535712 0.68312 0.66561 0.703401 0.87364 0.967553 0.961539 0.987281 0.979548 0.512875 0.513733 0.551908 0.599983 0.644124 0.68255 0.705911 0.74344 0.728831 0.638424 0.808842 0.854561 0.807544 1.13827 1.04951 0.935008 0.935998 1.02645 0.701101 0.638771 0.655941 0.771122 0.691344 0.725231 0.767033 0.73969 0.756056 
RBFGaussian_iters2_phase_shifts8_NaiveFTFracDir_full_pi_is_1
 0.535712 0.68312 0.66561 0.703401 0.87364 0.967553 0.961539 0.987281 0.979548 0.512875 0.513733 0.551908 0.599983 0.644124 0.68255 0.705911 0.74344 0.728831 0.638424 0.808842 0.854561 0.807544 1.13827 1.04951 0.935008 0.935998 1.02645 0.701101 0.638771 0.655941 0.771122 0.691344 0.725231 0.767033 0.73969 0.756056 
RBFGaussian_iters2_phase_shifts9_NaiveFTFracDir_full_pi_is_1
 0.389505 0.626357 0.648293 0.566862 0.85584 0.889036 0.893793 0.943308 1.02516 0.47197 0.492786 0.516588 0.593912 0.694292 0.682046 0.643311 0.710625 0.695893 0.637541 0.858274 1.15618 0.797931 1.1743 1.05001 0.930273 0.908794 0.947888 0.679143 0.803663 0.66258 0.845758 0.696212 0.725303 0.764031 0.755642 0.766731 
RBFBell_iters2_phase_shifts9_NaiveFTFracDir_full_pi_is_1
 0.389505 0.626357 0.648293 0.566862 0.85584 0.889036 0.893793 0.943308 1.02516 0.47197 0.492786 0.516588 0.593912 0.694292 0.682046 0.643311 0.710625 0.695893 0.637541 0.858274 1.15618 0.797931 1.1743 1.05001 0.930273 0.908794 0.947888 0.679143 0.803663 0.66258 0.845758 0.696212 0.725303 0.764031 0.755642 0.766731 
Makima_iters1_phase_shifts9_NaiveFTFracDir_full_pi_is_0
 1.05859 0.703055 0.69098 0.783758 0.976475 1.05905 1.04843 1.05209 0.993951 0.397245 0.407186 0.468622 0.533767 0.621464 0.606108 0.635239 0.652732 0.607313 1.06161 1.19715 0.942698 0.942006 0.826193 0.787263 0.716127 0.821967 0.688032 0.480317 0.788354 0.629006 0.639296 0.766694 0.695939 0.67411 0.692849 0.692994 
Makima_iters0_phase_shifts9_NaiveFTFracDir_full_pi_is_0
 1.05859 0.703055 0.69098 0.783758 0.976475 1.05905 1.04843 1.05209 0.993951 0.397245 0.407186 0.468622 0.533767 0.621464 0.606108 0.635239 0.652732 0.607313 1.06161 1.19715 0.942698 0.942006 0.826193 0.787263 0.716127 0.821967 0.688032 0.480317 0.788354 0.629006 0.639296 0.766694 0.695939 0.67411 0.692849 0.692994 
RBFTPS_iters1_phase_shifts9_NaiveFTFracDir_full_pi_is_0
 0.951694 0.651335 0.637814 0.761154 0.92404 1.0042 0.974667 1.04929 0.986043 0.500265 0.496701 0.502433 0.543183 0.610438 0.609437 0.67175 0.676353 0.635809 0.970952 1.17404 0.908766 0.887056 0.855645 0.774986 0.678839 0.873307 0.743467 0.438689 0.691459 0.784231 0.767733 0.912124 0.740799 0.71348 0.755503 0.744934 
RBFTPS_iters0_phase_shifts9_NaiveFTFracDir_full_pi_is_0
 0.951694 0.651335 0.637814 0.761154 0.92404 1.0042 0.974667 1.04929 0.986043 0.500265 0.496701 0.502433 0.543183 0.610438 0.609437 0.67175 0.676353 0.635809 0.970952 1.17404 0.908766 0.887056 0.855645 0.774986 0.678839 0.873307 0.743467 0.438689 0.691459 0.784231 0.767733 0.912124 0.740799 0.71348 0.755503 0.744934 
Makima_iters2_phase_shifts4_Naive_full_pi_is_1
 0.807745 1.021 1.0202 1.09238 0.965716 0.881282 0.88557 0.933392 0.867675 0.441103 0.449929 0.545858 0.570516 0.566289 0.555202 0.584596 0.607669 0.609821 0.675733 0.730942 0.791466 0.779792 0.77932 0.961816 0.936498 0.906701 0.922274 0.81654 0.804409 0.712944 0.794207 0.705387 0.737641 0.731679 0.768907 0.743448 
RBFBell_iters1_phase_shifts3_Naive_full_pi_is_1
 0.694754 0.645494 0.664427 0.683159 0.928576 1.11244 1.1076 1.03693 1.00319 0.498675 0.567897 0.59247 0.6358 0.668974 0.663276 0.637082 0.685463 0.703945 0.879037 0.91852 0.823763 0.768405 0.809465 0.796062 0.721632 0.876323 0.857904 0.428042 0.856687 0.757435 0.734689 0.827546 0.785767 0.790541 0.808327 0.816759 
RBFGaussian_iters1_phase_shifts3_Naive_full_pi_is_1
 0.694754 0.645494 0.664427 0.683159 0.928576 1.11244 1.1076 1.03693 1.00319 0.498675 0.567897 0.59247 0.6358 0.668974 0.663276 0.637082 0.685463 0.703945 0.879037 0.91852 0.823763 0.768405 0.809465 0.796062 0.721632 0.876323 0.857904 0.428042 0.856687 0.757435 0.734689 0.827546 0.785767 0.790541 0.808327 0.816759 
RBFGaussian_iters0_phase_shifts3_Naive_full_pi_is_1
 0.694754 0.645494 0.664427 0.683159 0.928576 1.11244 1.1076 1.03693 1.00319 0.498675 0.567897 0.59247 0.6358 0.668974 0.663276 0.637082 0.685463 0.703945 0.879037 0.91852 0.823763 0.768405 0.809465 0.796062 0.721632 0.876323 0.857904 0.428042 0.856687 0.757435 0.734689 0.827546 0.785767 0.790541 0.808327 0.816759 
RBFBell_iters0_phase_shifts3_Naive_full_pi_is_1
 0.694754 0.645494 0.664427 0.683159 0.928576 1.11244 1.1076 1.03693 1.00319 0.498675 0.567897 0.59247 0.6358 0.668974 0.663276 0.637082 0.685463 0.703945 0.879037 0.91852 0.823763 0.768405 0.809465 0.796062 0.721632 0.876323 0.857904 0.428042 0.856687 0.757435 0.734689 0.827546 0.785767 0.790541 0.808327 0.816759 
Makima_iters4_phase_shifts2_NaiveFTFracDir_full_pi_is_0
 1.10062 0.943413 0.702076 0.729373 0.765672 0.767293 0.692146 0.76017 0.587225 0.455433 0.46768 0.422688 0.540374 0.564452 0.634579 0.666842 0.668448 0.645616 1.04382 1.03778 1.04909 1.06105 0.998767 0.943353 0.916504 0.886064 0.890419 0.986727 0.784283 0.64606 0.690501 0.675981 0.642813 0.68781 0.752759 0.747442 
RBFTPS_iters0_phase_shifts5_NaiveFTFracDir_full_pi_is_1
 0.927901 0.83941 0.835589 0.842515 0.98665 0.942575 1.12569 0.96795 1.07268 0.503704 0.425593 0.499622 0.565453 0.613783 0.591586 0.658038 0.699322 0.647821 1.12827 0.967171 0.789719 0.720108 0.760439 0.820076 0.74251 0.870241 0.758039 0.358156 0.773395 0.633173 0.714395 0.850416 0.759786 0.731353 0.728071 0.731132 
RBFTPS_iters1_phase_shifts5_NaiveFTFracDir_full_pi_is_1
 0.927901 0.83941 0.835589 0.842515 0.98665 0.942575 1.12569 0.96795 1.07268 0.503704 0.425593 0.499622 0.565453 0.613783 0.591586 0.658038 0.699322 0.647821 1.12827 0.967171 0.789719 0.720108 0.760439 0.820076 0.74251 0.870241 0.758039 0.358156 0.773395 0.633173 0.714395 0.850416 0.759786 0.731353 0.728071 0.731132 
Makima_iters3_phase_shifts4_NaiveFTFracDir_full_pi_is_1
 0.659943 0.775486 0.657999 0.995057 0.798006 0.837988 0.939375 0.891312 0.903962 0.431493 0.450089 0.48764 0.579205 0.620467 0.638205 0.614941 0.685844 0.691586 0.537601 0.588157 1.038 0.924044 1.1188 1.01277 1.0354 1.01209 0.945855 0.414679 0.862429 0.763763 0.839796 0.659467 0.699522 0.794474 0.821731 0.812504 
Makima_iters0_phase_shifts7_Naive_full_pi_is_1
 1.00133 0.674375 0.682875 0.759245 0.940603 0.939877 0.937199 1.00182 1.1383 0.403567 0.471413 0.538098 0.579732 0.611781 0.628029 0.597641 0.635667 0.608398 0.780448 1.03996 0.809918 0.752366 0.763615 0.698107 0.674373 0.679617 0.75948 1.18037 0.676376 0.883958 0.84182 0.775264 0.785429 0.794597 0.807091 0.801955 
Makima_iters1_phase_shifts7_Naive_full_pi_is_1
 1.00133 0.674375 0.682875 0.759245 0.940603 0.939877 0.937199 1.00182 1.1383 0.403567 0.471413 0.538098 0.579732 0.611781 0.628029 0.597641 0.635667 0.608398 0.780448 1.03996 0.809918 0.752366 0.763615 0.698107 0.674373 0.679617 0.75948 1.18037 0.676376 0.883958 0.84182 0.775264 0.785429 0.794597 0.807091 0.801955 
IDW_iters7_phase_shifts2_NaiveFTFracDir_full_pi_is_0
 0.721672 0.808124 0.766768 0.884589 0.636376 0.683294 0.760598 0.707695 0.502273 0.502261 0.640542 0.707435 0.707857 0.708609 0.73038 0.752225 0.721989 0.795012 0.854762 1.07885 0.980507 1.04546 0.956018 1.02401 0.866581 0.713458 0.996255 0.460312 0.734026 0.770271 0.676548 0.718486 0.779728 0.805989 0.854183 0.850456 
IDW_iters3_phase_shifts3_NaiveFTFracDir_full_pi_is_0
 1.45625 0.583929 0.477275 0.607255 0.808124 0.873592 0.971249 0.849271 0.744691 0.431151 0.502632 0.5856 0.55645 0.601757 0.636435 0.65221 0.678454 0.716839 1.20979 0.914073 0.884587 0.946505 0.901757 0.777219 1.08978 0.70376 0.7859 0.374489 0.807562 0.653846 0.705953 0.711633 0.779541 0.756595 0.809124 0.808272 
Makima_iters0_phase_shifts2_Naive_full_pi_is_0
 0.984321 0.630895 0.656079 0.685227 0.909355 1.1009 1.0946 1.04646 0.989515 0.397739 0.417075 0.520246 0.490171 0.574084 0.639582 0.583479 0.638958 0.603012 0.78836 0.995607 0.818914 0.893092 0.819396 0.765569 0.784901 0.801341 0.803776 1.063 0.805788 0.700374 0.771102 0.826842 0.763265 0.741398 0.76731 0.763517 
Makima_iters1_phase_shifts2_Naive_full_pi_is_0
 0.984321 0.630895 0.656079 0.685227 0.909355 1.1009 1.0946 1.04646 0.989515 0.397739 0.417075 0.520246 0.490171 0.574084 0.639582 0.583479 0.638958 0.603012 0.78836 0.995607 0.818914 0.893092 0.819396 0.765569 0.784901 0.801341 0.803776 1.063 0.805788 0.700374 0.771102 0.826842 0.763265 0.741398 0.76731 0.763517 
RBFTPS_iters2_phase_shifts7_NaiveFTFracDir_full_pi_is_0
 0.725515 0.530694 0.557724 0.705902 0.790219 0.910122 0.899275 1.00471 0.888744 0.375345 0.508153 0.521284 0.645956 0.69545 0.676814 0.686621 0.724672 0.657195 0.880763 1.1286 0.997384 0.990229 1.02923 0.820308 0.732819 0.789169 0.744961 0.503036 1.02116 0.804802 0.837922 0.903753 0.774982 0.7418 0.782694 0.770295 
RBFBell_iters0_phase_shifts8_NaiveFTFracDir_full_pi_is_1
 1.03724 0.842539 0.816328 0.709891 0.968312 1.08126 1.09571 1.0575 1.03684 0.427814 0.417927 0.525169 0.59482 0.625374 0.647624 0.675474 0.681978 0.648402 1.10633 0.902084 0.70269 0.653449 0.67965 0.683529 0.761887 0.85803 0.874759 0.641322 0.744461 0.657908 0.71898 0.792295 0.770105 0.767889 0.762682 0.752017 
RBFGaussian_iters1_phase_shifts8_NaiveFTFracDir_full_pi_is_1
 1.03724 0.842539 0.816328 0.709891 0.968312 1.08126 1.09571 1.0575 1.03684 0.427814 0.417927 0.525169 0.59482 0.625374 0.647624 0.675474 0.681978 0.648402 1.10633 0.902084 0.70269 0.653449 0.67965 0.683529 0.761887 0.85803 0.874759 0.641322 0.744461 0.657908 0.71898 0.792295 0.770105 0.767889 0.762682 0.752017 
RBFBell_iters1_phase_shifts8_NaiveFTFracDir_full_pi_is_1
 1.03724 0.842539 0.816328 0.709891 0.968312 1.08126 1.09571 1.0575 1.03684 0.427814 0.417927 0.525169 0.59482 0.625374 0.647624 0.675474 0.681978 0.648402 1.10633 0.902084 0.70269 0.653449 0.67965 0.683529 0.761887 0.85803 0.874759 0.641322 0.744461 0.657908 0.71898 0.792295 0.770105 0.767889 0.762682 0.752017 
RBFGaussian_iters0_phase_shifts8_NaiveFTFracDir_full_pi_is_1
 1.03724 0.842539 0.816328 0.709891 0.968312 1.08126 1.09571 1.0575 1.03684 0.427814 0.417927 0.525169 0.59482 0.625374 0.647624 0.675474 0.681978 0.648402 1.10633 0.902084 0.70269 0.653449 0.67965 0.683529 0.761887 0.85803 0.874759 0.641322 0.744461 0.657908 0.71898 0.792295 0.770105 0.767889 0.762682 0.752017 
IDW_iters2_phase_shifts3_Naive_full_pi_is_1
 0.803042 0.79387 0.939188 1.06068 0.914503 0.962894 0.963531 1.05701 0.979134 0.364046 0.406393 0.489406 0.639234 0.591476 0.626744 0.627928 0.622212 0.665686 0.737143 0.893666 0.802573 0.775262 0.805109 0.919536 0.891464 0.8912 0.845047 0.395333 0.682216 0.708349 0.863148 0.741739 0.805483 0.813496 0.836599 0.814792 
IDW_iters2_phase_shifts2_Naive_full_pi_is_0
 0.800855 0.934835 0.891685 0.770553 0.847559 0.910098 0.908757 0.963791 0.824095 0.337782 0.384713 0.530657 0.640809 0.595031 0.63122 0.720678 0.667882 0.726948 0.859917 0.854925 0.837461 0.890624 0.84426 0.984871 0.835986 0.683689 0.744914 0.958613 0.811519 0.750867 0.784356 0.834013 0.795918 0.79005 0.797217 0.823433 
IDW_iters2_phase_shifts4_NaiveFTFracDir_full_pi_is_0
 0.853999 0.726836 0.722617 0.706502 0.806928 1.00355 0.997941 1.02422 0.980054 0.354155 0.417876 0.546538 0.526536 0.557498 0.599794 0.650524 0.703028 0.71929 0.913902 1.01472 0.896887 0.908812 0.978932 0.721369 0.974505 0.71295 0.755548 1.09147 0.770336 0.677556 0.706991 0.84403 0.72471 0.707485 0.751394 0.720564 
IDW_iters1_phase_shifts4_NaiveFTFracDir_full_pi_is_1
 1.14476 0.95908 0.91548 0.864415 0.987076 1.08625 1.08044 1.00823 1.05875 0.444619 0.434806 0.547577 0.591177 0.619631 0.646604 0.660462 0.697616 0.651488 1.08363 0.874228 0.800216 0.792932 0.764696 0.667366 0.587371 0.745231 0.672767 0.451537 0.71353 0.586234 0.706151 0.753333 0.76533 0.766509 0.7822 0.731734 
IDW_iters0_phase_shifts4_NaiveFTFracDir_full_pi_is_1
 1.14476 0.95908 0.91548 0.864415 0.987076 1.08625 1.08044 1.00823 1.05875 0.444619 0.434806 0.547577 0.591177 0.619631 0.646604 0.660462 0.697616 0.651488 1.08363 0.874228 0.800216 0.792932 0.764696 0.667366 0.587371 0.745231 0.672767 0.451537 0.71353 0.586234 0.706151 0.753333 0.76533 0.766509 0.7822 0.731734 
RBFTPS_iters4_phase_shifts8_NaiveFTFracDir_full_pi_is_1
 0.649775 0.702572 0.705389 0.778089 0.847843 0.880256 0.878501 0.895063 0.786981 0.363671 0.383788 0.526901 0.599945 0.589013 0.626308 0.679636 0.692408 0.708931 0.700091 0.667747 1.02847 0.864556 1.07415 1.19945 0.97085 1.04612 1.10331 0.519494 0.736056 0.658222 0.91625 0.659793 0.768993 0.79553 0.815267 0.833765 
RBFTPS_iters0_phase_shifts4_NaiveFTFracDir_full_pi_is_1
 1.02247 0.827552 0.777777 0.778847 0.945188 1.0801 1.01074 1.05316 1.00565 0.442241 0.447363 0.489355 0.5637 0.643148 0.660198 0.668875 0.732872 0.671694 1.33232 0.973103 0.795767 0.779642 0.796461 0.718835 0.710549 0.798928 0.728726 0.372937 0.692885 0.618614 0.677977 0.830367 0.75945 0.733202 0.73274 0.725283 
RBFTPS_iters1_phase_shifts4_NaiveFTFracDir_full_pi_is_1
 1.02247 0.827552 0.777777 0.778847 0.945188 1.0801 1.01074 1.05316 1.00565 0.442241 0.447363 0.489355 0.5637 0.643148 0.660198 0.668875 0.732872 0.671694 1.33232 0.973103 0.795767 0.779642 0.796461 0.718835 0.710549 0.798928 0.728726 0.372937 0.692885 0.618614 0.677977 0.830367 0.75945 0.733202 0.73274 0.725283 
Makima_iters1_phase_shifts8_Naive_full_pi_is_1
 1.00027 0.677111 0.686329 0.758797 0.941671 0.942164 0.939553 0.999625 1.14444 0.401085 0.471565 0.547691 0.582095 0.616279 0.629248 0.598873 0.637511 0.609491 0.782432 1.04131 0.811433 0.752118 0.764188 0.699076 0.67588 0.683514 0.762086 1.19697 0.690932 0.902442 0.844119 0.779268 0.78815 0.797154 0.809393 0.804102 
Makima_iters0_phase_shifts8_Naive_full_pi_is_1
 1.00027 0.677111 0.686329 0.758797 0.941671 0.942164 0.939553 0.999625 1.14444 0.401085 0.471565 0.547691 0.582095 0.616279 0.629248 0.598873 0.637511 0.609491 0.782432 1.04131 0.811433 0.752118 0.764188 0.699076 0.67588 0.683514 0.762086 1.19697 0.690932 0.902442 0.844119 0.779268 0.78815 0.797154 0.809393 0.804102 
IDW_iters2_phase_shifts6_NaiveFTFracDir_full_pi_is_0
 0.909763 0.683325 0.681721 0.744639 0.825725 0.926281 0.919457 1.1956 1.012 0.340756 0.418701 0.498437 0.542464 0.574175 0.613346 0.662543 0.713624 0.690576 0.928566 1.03566 0.889454 0.90608 0.990779 0.757956 0.70781 0.719769 0.759426 0.932422 0.781111 0.788973 0.807779 0.772355 0.78928 0.723117 0.760372 0.78849 
RBFTPS_iters0_phase_shifts6_Naive_full_pi_is_1
 0.93731 0.722214 0.718657 0.798383 0.964221 0.955543 0.989629 1.02482 0.962991 0.414602 0.517381 0.524061 0.590347 0.607457 0.651571 0.626093 0.676322 0.622132 0.808326 0.874497 0.788896 0.729079 0.741049 0.853394 0.824045 0.81444 0.803481 1.04152 0.852109 0.731084 0.79323 0.813972 0.80887 0.791359 0.819896 0.818097 
RBFTPS_iters1_phase_shifts6_Naive_full_pi_is_1
 0.93731 0.722214 0.718657 0.798383 0.964221 0.955543 0.989629 1.02482 0.962991 0.414602 0.517381 0.524061 0.590347 0.607457 0.651571 0.626093 0.676322 0.622132 0.808326 0.874497 0.788896 0.729079 0.741049 0.853394 0.824045 0.81444 0.803481 1.04152 0.852109 0.731084 0.79323 0.813972 0.80887 0.791359 0.819896 0.818097 
Makima_iters3_phase_shifts2_Naive_full_pi_is_1
 0.607362 1.0937 1.10001 1.02559 0.968218 0.874407 0.876192 0.901599 0.857168 0.39673 0.415399 0.554411 0.583376 0.632257 0.598529 0.639367 0.584966 0.680759 0.627585 0.793354 0.862186 0.889992 0.843213 0.8067 0.729739 0.740455 0.808825 1.04758 0.925124 0.713929 0.844705 0.887597 0.674776 0.746026 0.741264 0.756972 
Makima_iters3_phase_shifts6_NaiveFTFracDir_full_pi_is_1
 0.686176 0.710421 0.927594 0.825769 0.780058 0.810683 0.819608 0.95311 0.834684 0.363097 0.395964 0.573504 0.56656 0.587597 0.607477 0.667537 0.683985 0.704793 0.545313 0.55774 1.07639 0.919547 0.925269 1.26321 1.18242 1.02242 0.748506 0.75459 1.00865 0.622498 0.824406 0.626172 0.729139 0.729073 0.820342 0.764591 
IDW_iters1_phase_shifts7_NaiveFTFracDir_full_pi_is_1
 1.0893 0.903169 0.915581 0.905145 0.960407 1.14279 1.13453 1.09584 1.05686 0.400928 0.43397 0.476161 0.60667 0.582946 0.609997 0.644216 0.667214 0.658083 1.05386 0.883204 0.767328 0.775027 0.739305 0.664055 0.672575 0.808844 0.639534 0.6372 0.706688 0.54347 0.661389 0.73712 0.80336 0.764866 0.768052 0.736413 
IDW_iters0_phase_shifts7_NaiveFTFracDir_full_pi_is_1
 1.0893 0.903169 0.915581 0.905145 0.960407 1.14279 1.13453 1.09584 1.05686 0.400928 0.43397 0.476161 0.60667 0.582946 0.609997 0.644216 0.667214 0.658083 1.05386 0.883204 0.767328 0.775027 0.739305 0.664055 0.672575 0.808844 0.639534 0.6372 0.706688 0.54347 0.661389 0.73712 0.80336 0.764866 0.768052 0.736413 
RBFBell_iters1_phase_shifts1_Naive_full_pi_is_1
 0.883489 0.544975 0.563437 0.507608 0.936617 0.942471 0.928058 0.945412 0.990309 0.547603 0.540772 0.553943 0.587454 0.692624 0.611355 0.644367 0.690218 0.654389 0.902713 1.06188 0.929717 0.932348 0.898334 0.912979 0.676663 0.772592 0.881936 0.93248 0.929383 0.790473 0.724064 0.825543 0.759918 0.706473 0.782805 0.77349 
RBFBell_iters0_phase_shifts1_Naive_full_pi_is_1
 0.883489 0.544975 0.563437 0.507608 0.936617 0.942471 0.928058 0.945412 0.990309 0.547603 0.540772 0.553943 0.587454 0.692624 0.611355 0.644367 0.690218 0.654389 0.902713 1.06188 0.929717 0.932348 0.898334 0.912979 0.676663 0.772592 0.881936 0.93248 0.929383 0.790473 0.724064 0.825543 0.759918 0.706473 0.782805 0.77349 
RBFBell_iters1_phase_shifts1_Naive_full_pi_is_0
 0.883489 0.544975 0.563437 0.507608 0.936617 0.942471 0.928058 0.945412 0.990309 0.547603 0.540772 0.553943 0.587454 0.692624 0.611355 0.644367 0.690218 0.654389 0.902713 1.06188 0.929717 0.932348 0.898334 0.912979 0.676663 0.772592 0.881936 0.93248 0.929383 0.790473 0.724064 0.825543 0.759918 0.706473 0.782805 0.77349 
RBFBell_iters1_phase_shifts1_NaiveFTFracDir_full_pi_is_1
 0.883489 0.544975 0.563437 0.507608 0.936617 0.942471 0.928058 0.945412 0.990309 0.547603 0.540772 0.553943 0.587454 0.692624 0.611355 0.644367 0.690218 0.654389 0.902713 1.06188 0.929717 0.932348 0.898334 0.912979 0.676663 0.772592 0.881936 0.93248 0.929383 0.790473 0.724064 0.825543 0.759918 0.706473 0.782805 0.77349 
RBFBell_iters0_phase_shifts1_Naive_full_pi_is_0
 0.883489 0.544975 0.563437 0.507608 0.936617 0.942471 0.928058 0.945412 0.990309 0.547603 0.540772 0.553943 0.587454 0.692624 0.611355 0.644367 0.690218 0.654389 0.902713 1.06188 0.929717 0.932348 0.898334 0.912979 0.676663 0.772592 0.881936 0.93248 0.929383 0.790473 0.724064 0.825543 0.759918 0.706473 0.782805 0.77349 
RBFBell_iters1_phase_shifts1_NaiveFTFracDir_full_pi_is_0
 0.883489 0.544975 0.563437 0.507608 0.936617 0.942471 0.928058 0.945412 0.990309 0.547603 0.540772 0.553943 0.587454 0.692624 0.611355 0.644367 0.690218 0.654389 0.902713 1.06188 0.929717 0.932348 0.898334 0.912979 0.676663 0.772592 0.881936 0.93248 0.929383 0.790473 0.724064 0.825543 0.759918 0.706473 0.782805 0.77349 
RBFBell_iters0_phase_shifts1_NaiveFTFracDir_full_pi_is_1
 0.883489 0.544975 0.563437 0.507608 0.936617 0.942471 0.928058 0.945412 0.990309 0.547603 0.540772 0.553943 0.587454 0.692624 0.611355 0.644367 0.690218 0.654389 0.902713 1.06188 0.929717 0.932348 0.898334 0.912979 0.676663 0.772592 0.881936 0.93248 0.929383 0.790473 0.724064 0.825543 0.759918 0.706473 0.782805 0.77349 
RBFGaussian_iters0_phase_shifts1_NaiveFTFracDir_full_pi_is_0
 0.883489 0.544975 0.563437 0.507608 0.936617 0.942471 0.928058 0.945412 0.990309 0.547603 0.540772 0.553943 0.587454 0.692624 0.611355 0.644367 0.690218 0.654389 0.902713 1.06188 0.929717 0.932348 0.898334 0.912979 0.676663 0.772592 0.881936 0.93248 0.929383 0.790473 0.724064 0.825543 0.759918 0.706473 0.782805 0.77349 
RBFGaussian_iters0_phase_shifts1_NaiveFTFracDir_full_pi_is_1
 0.883489 0.544975 0.563437 0.507608 0.936617 0.942471 0.928058 0.945412 0.990309 0.547603 0.540772 0.553943 0.587454 0.692624 0.611355 0.644367 0.690218 0.654389 0.902713 1.06188 0.929717 0.932348 0.898334 0.912979 0.676663 0.772592 0.881936 0.93248 0.929383 0.790473 0.724064 0.825543 0.759918 0.706473 0.782805 0.77349 
RBFGaussian_iters0_phase_shifts1_Naive_full_pi_is_0
 0.883489 0.544975 0.563437 0.507608 0.936617 0.942471 0.928058 0.945412 0.990309 0.547603 0.540772 0.553943 0.587454 0.692624 0.611355 0.644367 0.690218 0.654389 0.902713 1.06188 0.929717 0.932348 0.898334 0.912979 0.676663 0.772592 0.881936 0.93248 0.929383 0.790473 0.724064 0.825543 0.759918 0.706473 0.782805 0.77349 
RBFGaussian_iters1_phase_shifts1_NaiveFTFracDir_full_pi_is_1
 0.883489 0.544975 0.563437 0.507608 0.936617 0.942471 0.928058 0.945412 0.990309 0.547603 0.540772 0.553943 0.587454 0.692624 0.611355 0.644367 0.690218 0.654389 0.902713 1.06188 0.929717 0.932348 0.898334 0.912979 0.676663 0.772592 0.881936 0.93248 0.929383 0.790473 0.724064 0.825543 0.759918 0.706473 0.782805 0.77349 
RBFGaussian_iters0_phase_shifts1_Naive_full_pi_is_1
 0.883489 0.544975 0.563437 0.507608 0.936617 0.942471 0.928058 0.945412 0.990309 0.547603 0.540772 0.553943 0.587454 0.692624 0.611355 0.644367 0.690218 0.654389 0.902713 1.06188 0.929717 0.932348 0.898334 0.912979 0.676663 0.772592 0.881936 0.93248 0.929383 0.790473 0.724064 0.825543 0.759918 0.706473 0.782805 0.77349 
RBFGaussian_iters1_phase_shifts1_NaiveFTFracDir_full_pi_is_0
 0.883489 0.544975 0.563437 0.507608 0.936617 0.942471 0.928058 0.945412 0.990309 0.547603 0.540772 0.553943 0.587454 0.692624 0.611355 0.644367 0.690218 0.654389 0.902713 1.06188 0.929717 0.932348 0.898334 0.912979 0.676663 0.772592 0.881936 0.93248 0.929383 0.790473 0.724064 0.825543 0.759918 0.706473 0.782805 0.77349 
RBFGaussian_iters1_phase_shifts1_Naive_full_pi_is_0
 0.883489 0.544975 0.563437 0.507608 0.936617 0.942471 0.928058 0.945412 0.990309 0.547603 0.540772 0.553943 0.587454 0.692624 0.611355 0.644367 0.690218 0.654389 0.902713 1.06188 0.929717 0.932348 0.898334 0.912979 0.676663 0.772592 0.881936 0.93248 0.929383 0.790473 0.724064 0.825543 0.759918 0.706473 0.782805 0.77349 
RBFBell_iters0_phase_shifts1_NaiveFTFracDir_full_pi_is_0
 0.883489 0.544975 0.563437 0.507608 0.936617 0.942471 0.928058 0.945412 0.990309 0.547603 0.540772 0.553943 0.587454 0.692624 0.611355 0.644367 0.690218 0.654389 0.902713 1.06188 0.929717 0.932348 0.898334 0.912979 0.676663 0.772592 0.881936 0.93248 0.929383 0.790473 0.724064 0.825543 0.759918 0.706473 0.782805 0.77349 
RBFGaussian_iters1_phase_shifts1_Naive_full_pi_is_1
 0.883489 0.544975 0.563437 0.507608 0.936617 0.942471 0.928058 0.945412 0.990309 0.547603 0.540772 0.553943 0.587454 0.692624 0.611355 0.644367 0.690218 0.654389 0.902713 1.06188 0.929717 0.932348 0.898334 0.912979 0.676663 0.772592 0.881936 0.93248 0.929383 0.790473 0.724064 0.825543 0.759918 0.706473 0.782805 0.77349 
RBFGaussian_iters3_phase_shifts7_NaiveFTFracDir_full_pi_is_0
 0.678814 0.638886 0.634831 0.796107 0.835812 0.783846 0.805367 0.855808 0.935988 0.520496 0.568812 0.603663 0.652705 0.717775 0.724374 0.78273 0.825859 0.817364 1.06676 0.958946 0.927808 0.948102 0.908668 0.665904 0.786327 0.669531 0.850055 0.506413 0.921417 0.768142 0.928572 0.780317 0.799529 0.809998 0.84062 0.817553 
RBFBell_iters3_phase_shifts7_NaiveFTFracDir_full_pi_is_0
 0.678814 0.638886 0.634831 0.796107 0.835812 0.783846 0.805367 0.855808 0.935988 0.520496 0.568812 0.603663 0.652705 0.717775 0.724374 0.78273 0.825859 0.817364 1.06676 0.958946 0.927808 0.948102 0.908668 0.665904 0.786327 0.669531 0.850055 0.506413 0.921417 0.768142 0.928572 0.780317 0.799529 0.809998 0.84062 0.817553 
IDW_iters1_phase_shifts5_NaiveFTFracDir_full_pi_is_0
 1.08454 0.865783 0.814639 0.829693 0.927385 1.02495 1.01992 1.05808 0.944694 0.428397 0.463287 0.572081 0.575262 0.597621 0.732701 0.685563 0.689011 0.703538 0.789298 0.979765 0.775372 0.830669 0.779899 0.640166 0.663759 0.750977 0.613922 0.986683 0.718962 0.690084 0.721907 0.782877 0.87858 0.763785 0.796674 0.764318 
IDW_iters0_phase_shifts5_NaiveFTFracDir_full_pi_is_0
 1.08454 0.865783 0.814639 0.829693 0.927385 1.02495 1.01992 1.05808 0.944694 0.428397 0.463287 0.572081 0.575262 0.597621 0.732701 0.685563 0.689011 0.703538 0.789298 0.979765 0.775372 0.830669 0.779899 0.640166 0.663759 0.750977 0.613922 0.986683 0.718962 0.690084 0.721907 0.782877 0.87858 0.763785 0.796674 0.764318 
IDW_iters0_phase_shifts8_NaiveFTFracDir_full_pi_is_0
 1.17981 0.774075 0.784095 0.856436 0.949878 1.05906 1.04524 1.05926 0.953225 0.333171 0.441187 0.492948 0.573166 0.614951 0.69373 0.689206 0.682349 0.699314 0.823384 0.998807 0.848251 0.84799 0.79521 0.685195 0.758973 0.815962 0.633085 0.441863 0.729362 0.712582 0.763811 0.835282 0.840004 0.770476 0.816482 0.76671 
IDW_iters1_phase_shifts8_NaiveFTFracDir_full_pi_is_0
 1.17981 0.774075 0.784095 0.856436 0.949878 1.05906 1.04524 1.05926 0.953225 0.333171 0.441187 0.492948 0.573166 0.614951 0.69373 0.689206 0.682349 0.699314 0.823384 0.998807 0.848251 0.84799 0.79521 0.685195 0.758973 0.815962 0.633085 0.441863 0.729362 0.712582 0.763811 0.835282 0.840004 0.770476 0.816482 0.76671 
RBFGaussian_iters2_phase_shifts4_NaiveFTFracDir_full_pi_is_1
 0.480127 0.663603 0.697545 0.743507 0.883534 0.926582 0.954086 1.02856 0.930609 0.494919 0.477285 0.521757 0.579557 0.680165 0.686793 0.691276 0.735744 0.721465 0.661702 0.863477 0.897708 0.864231 0.910901 0.949545 0.889347 0.907551 1.05937 0.653241 1.05743 0.728405 0.801503 0.683547 0.754476 0.802179 0.782728 0.79888 
RBFBell_iters2_phase_shifts4_NaiveFTFracDir_full_pi_is_1
 0.480127 0.663603 0.697545 0.743507 0.883534 0.926582 0.954086 1.02856 0.930609 0.494919 0.477285 0.521757 0.579557 0.680165 0.686793 0.691276 0.735744 0.721465 0.661702 0.863477 0.897708 0.864231 0.910901 0.949545 0.889347 0.907551 1.05937 0.653241 1.05743 0.728405 0.801503 0.683547 0.754476 0.802179 0.782728 0.79888 
RBFBell_iters1_phase_shifts2_Naive_full_pi_is_0
 1.03278 0.685224 0.706315 0.667459 0.937855 0.982416 0.977596 0.994731 0.973772 0.442944 0.52146 0.603338 0.624707 0.611007 0.654558 0.620016 0.657412 0.67515 0.862329 0.996339 0.888133 0.904247 0.846402 0.845317 0.689868 0.71976 0.842191 0.763985 0.763485 0.769154 0.763241 0.87141 0.819777 0.718111 0.810976 0.811747 
RBFGaussian_iters0_phase_shifts2_Naive_full_pi_is_0
 1.03278 0.685224 0.706315 0.667459 0.937855 0.982416 0.977596 0.994731 0.973772 0.442944 0.52146 0.603338 0.624707 0.611007 0.654558 0.620016 0.657412 0.67515 0.862329 0.996339 0.888133 0.904247 0.846402 0.845317 0.689868 0.71976 0.842191 0.763985 0.763485 0.769154 0.763241 0.87141 0.819777 0.718111 0.810976 0.811747 
RBFBell_iters0_phase_shifts2_Naive_full_pi_is_0
 1.03278 0.685224 0.706315 0.667459 0.937855 0.982416 0.977596 0.994731 0.973772 0.442944 0.52146 0.603338 0.624707 0.611007 0.654558 0.620016 0.657412 0.67515 0.862329 0.996339 0.888133 0.904247 0.846402 0.845317 0.689868 0.71976 0.842191 0.763985 0.763485 0.769154 0.763241 0.87141 0.819777 0.718111 0.810976 0.811747 
RBFGaussian_iters1_phase_shifts2_Naive_full_pi_is_0
 1.03278 0.685224 0.706315 0.667459 0.937855 0.982416 0.977596 0.994731 0.973772 0.442944 0.52146 0.603338 0.624707 0.611007 0.654558 0.620016 0.657412 0.67515 0.862329 0.996339 0.888133 0.904247 0.846402 0.845317 0.689868 0.71976 0.842191 0.763985 0.763485 0.769154 0.763241 0.87141 0.819777 0.718111 0.810976 0.811747 
RBFBell_iters0_phase_shifts9_NaiveFTFracDir_full_pi_is_1
 1.12465 0.863246 0.847576 0.645657 0.982448 1.22464 1.15114 1.08041 1.03954 0.396285 0.427434 0.51418 0.579395 0.601137 0.605525 0.625138 0.655507 0.641003 1.05173 0.912262 0.71812 0.68585 0.719889 0.81343 0.620221 0.822214 0.857017 0.489943 0.712441 0.630337 0.670026 0.806039 0.789402 0.769223 0.75692 0.766575 
RBFGaussian_iters1_phase_shifts9_NaiveFTFracDir_full_pi_is_1
 1.12465 0.863246 0.847576 0.645657 0.982448 1.22464 1.15114 1.08041 1.03954 0.396285 0.427434 0.51418 0.579395 0.601137 0.605525 0.625138 0.655507 0.641003 1.05173 0.912262 0.71812 0.68585 0.719889 0.81343 0.620221 0.822214 0.857017 0.489943 0.712441 0.630337 0.670026 0.806039 0.789402 0.769223 0.75692 0.766575 
RBFGaussian_iters0_phase_shifts9_NaiveFTFracDir_full_pi_is_1
 1.12465 0.863246 0.847576 0.645657 0.982448 1.22464 1.15114 1.08041 1.03954 0.396285 0.427434 0.51418 0.579395 0.601137 0.605525 0.625138 0.655507 0.641003 1.05173 0.912262 0.71812 0.68585 0.719889 0.81343 0.620221 0.822214 0.857017 0.489943 0.712441 0.630337 0.670026 0.806039 0.789402 0.769223 0.75692 0.766575 
RBFBell_iters1_phase_shifts9_NaiveFTFracDir_full_pi_is_1
 1.12465 0.863246 0.847576 0.645657 0.982448 1.22464 1.15114 1.08041 1.03954 0.396285 0.427434 0.51418 0.579395 0.601137 0.605525 0.625138 0.655507 0.641003 1.05173 0.912262 0.71812 0.68585 0.719889 0.81343 0.620221 0.822214 0.857017 0.489943 0.712441 0.630337 0.670026 0.806039 0.789402 0.769223 0.75692 0.766575 
IDW_iters0_phase_shifts3_Naive_full_pi_is_0
 1.07173 0.824544 0.81916 0.860889 0.870497 1.02956 1.02551 1.02662 1.06743 0.36906 0.414064 0.557452 0.598781 0.647248 0.707162 0.627817 0.679227 0.723073 0.855211 0.926702 0.789216 0.837436 0.777596 0.63653 0.620623 0.617401 0.67774 0.914871 0.726479 0.803698 0.825354 0.808771 0.886999 0.747704 0.784903 0.767542 
IDW_iters1_phase_shifts3_Naive_full_pi_is_0
 1.07173 0.824544 0.81916 0.860889 0.870497 1.02956 1.02551 1.02662 1.06743 0.36906 0.414064 0.557452 0.598781 0.647248 0.707162 0.627817 0.679227 0.723073 0.855211 0.926702 0.789216 0.837436 0.777596 0.63653 0.620623 0.617401 0.67774 0.914871 0.726479 0.803698 0.825354 0.808771 0.886999 0.747704 0.784903 0.767542 
Makima_iters2_phase_shifts4_NaiveFTFracDir_full_pi_is_0
 0.745009 0.627809 0.580626 0.666074 0.763542 0.893272 0.883875 0.971088 0.860048 0.398006 0.434956 0.46797 0.492889 0.516338 0.652142 0.599557 0.609366 0.637886 1.10972 1.17715 1.08973 1.0764 1.16297 0.805813 0.724004 0.806718 0.810945 1.11369 0.833833 0.642807 0.731514 0.825357 0.693715 0.707769 0.749952 0.72491 
RBFGaussian_iters0_phase_shifts4_NaiveFTFracDir_full_pi_is_0
 0.884309 0.566221 0.575723 0.592656 0.87646 0.917762 0.922684 0.97969 0.988832 0.479463 0.461453 0.516495 0.572121 0.604352 0.640155 0.637106 0.704449 0.627752 0.932287 1.11697 0.925545 0.928843 0.867173 0.959958 0.903047 0.842477 0.723016 1.04247 0.747138 0.677579 0.900496 0.812462 0.757644 0.720659 0.752395 0.750289 
RBFBell_iters0_phase_shifts4_NaiveFTFracDir_full_pi_is_0
 0.884309 0.566221 0.575723 0.592656 0.87646 0.917762 0.922684 0.97969 0.988832 0.479463 0.461453 0.516495 0.572121 0.604352 0.640155 0.637106 0.704449 0.627752 0.932287 1.11697 0.925545 0.928843 0.867173 0.959958 0.903047 0.842477 0.723016 1.04247 0.747138 0.677579 0.900496 0.812462 0.757644 0.720659 0.752395 0.750289 
RBFBell_iters1_phase_shifts4_NaiveFTFracDir_full_pi_is_0
 0.884309 0.566221 0.575723 0.592656 0.87646 0.917762 0.922684 0.97969 0.988832 0.479463 0.461453 0.516495 0.572121 0.604352 0.640155 0.637106 0.704449 0.627752 0.932287 1.11697 0.925545 0.928843 0.867173 0.959958 0.903047 0.842477 0.723016 1.04247 0.747138 0.677579 0.900496 0.812462 0.757644 0.720659 0.752395 0.750289 
RBFGaussian_iters1_phase_shifts4_NaiveFTFracDir_full_pi_is_0
 0.884309 0.566221 0.575723 0.592656 0.87646 0.917762 0.922684 0.97969 0.988832 0.479463 0.461453 0.516495 0.572121 0.604352 0.640155 0.637106 0.704449 0.627752 0.932287 1.11697 0.925545 0.928843 0.867173 0.959958 0.903047 0.842477 0.723016 1.04247 0.747138 0.677579 0.900496 0.812462 0.757644 0.720659 0.752395 0.750289 
Makima_iters4_phase_shifts2_Naive_full_pi_is_1
 0.644869 0.980587 0.963081 1.00945 0.962696 0.852442 0.853794 0.767049 0.737759 0.394466 0.453294 0.507857 0.57316 0.658894 0.642535 0.669602 0.650155 0.694601 0.659174 0.918148 0.980399 0.95084 0.902615 0.932631 0.852066 0.795427 0.852966 0.998466 0.88277 0.756752 0.866711 0.631195 0.695446 0.776684 0.766826 0.76956 
RBFTPS_iters1_phase_shifts8_NaiveFTFracDir_full_pi_is_1
 0.890636 0.842169 0.809113 0.824948 0.986102 1.14826 1.17375 1.00481 0.990256 0.403251 0.406912 0.494992 0.585779 0.618827 0.625429 0.689221 0.702141 0.649984 1.30446 0.946191 0.780194 0.692114 0.774757 0.786827 0.678176 0.808812 0.739481 0.38724 0.72283 0.581236 0.69246 0.860614 0.771219 0.759602 0.760002 0.741713 
RBFTPS_iters0_phase_shifts8_NaiveFTFracDir_full_pi_is_1
 0.890636 0.842169 0.809113 0.824948 0.986102 1.14826 1.17375 1.00481 0.990256 0.403251 0.406912 0.494992 0.585779 0.618827 0.625429 0.689221 0.702141 0.649984 1.30446 0.946191 0.780194 0.692114 0.774757 0.786827 0.678176 0.808812 0.739481 0.38724 0.72283 0.581236 0.69246 0.860614 0.771219 0.759602 0.760002 0.741713 
Makima_iters4_phase_shifts6_Naive_full_pi_is_1
 0.562314 1.09747 0.983234 1.16793 0.9017 0.821171 0.828783 0.815734 0.789463 0.388653 0.44911 0.546514 0.557667 0.640558 0.615545 0.65283 0.690854 0.719693 0.690373 0.52137 0.767216 0.826107 0.747265 1.22357 1.10244 0.975945 0.832874 0.622216 0.843675 0.753871 0.735216 0.651169 0.741586 0.788642 0.847068 0.854931 
Makima_iters6_phase_shifts5_NaiveFTFracDir_full_pi_is_1
 0.642335 1.02203 1.00193 0.850867 0.725786 0.890525 0.926272 0.742001 0.701822 0.489352 0.554789 0.602295 0.556385 0.638458 0.66401 0.71375 0.728277 0.72204 0.710952 0.769751 1.03455 0.858556 1.05883 0.827569 0.837738 0.90087 0.962741 0.946375 0.803405 0.588356 0.795103 0.693258 0.72505 0.783552 0.827629 0.817116 
RBFTPS_iters0_phase_shifts4_NaiveFTFracDir_full_pi_is_0
 0.964327 0.633532 0.627895 0.750276 0.924359 0.936641 0.933362 1.04924 0.914102 0.548231 0.538406 0.518829 0.564619 0.607922 0.63343 0.657071 0.659243 0.627305 0.945637 1.16431 0.911618 0.924285 0.858186 0.736665 0.696799 0.841526 0.751126 1.0053 0.755698 0.776227 0.771389 0.862243 0.729292 0.707526 0.763857 0.730457 
RBFTPS_iters1_phase_shifts4_NaiveFTFracDir_full_pi_is_0
 0.964327 0.633532 0.627895 0.750276 0.924359 0.936641 0.933362 1.04924 0.914102 0.548231 0.538406 0.518829 0.564619 0.607922 0.63343 0.657071 0.659243 0.627305 0.945637 1.16431 0.911618 0.924285 0.858186 0.736665 0.696799 0.841526 0.751126 1.0053 0.755698 0.776227 0.771389 0.862243 0.729292 0.707526 0.763857 0.730457 
Makima_iters0_phase_shifts3_NaiveFTFracDir_full_pi_is_1
 1.07187 0.838536 0.786309 0.812566 0.981352 1.14114 1.2081 0.962358 0.969038 0.390031 0.428104 0.568092 0.566316 0.609071 0.630907 0.670639 0.685224 0.651978 1.25375 0.95467 0.754533 0.746383 0.743078 0.660844 0.614736 0.809295 0.599433 0.69401 0.72649 0.69931 0.801407 0.840886 0.734311 0.711018 0.710199 0.712352 
Makima_iters1_phase_shifts3_NaiveFTFracDir_full_pi_is_1
 1.07187 0.838536 0.786309 0.812566 0.981352 1.14114 1.2081 0.962358 0.969038 0.390031 0.428104 0.568092 0.566316 0.609071 0.630907 0.670639 0.685224 0.651978 1.25375 0.95467 0.754533 0.746383 0.743078 0.660844 0.614736 0.809295 0.599433 0.69401 0.72649 0.69931 0.801407 0.840886 0.734311 0.711018 0.710199 0.712352 
RBFBell_iters0_phase_shifts6_Naive_full_pi_is_1
 0.898842 0.702402 0.725491 0.700639 0.947497 1.12976 1.12492 1.01444 1.01731 0.48601 0.507478 0.569572 0.633106 0.641909 0.661398 0.625031 0.710717 0.672566 0.843241 0.932269 0.809079 0.746074 0.786892 0.818079 0.790046 0.871558 0.867621 0.443896 0.888619 0.740763 0.722514 0.829579 0.782616 0.78592 0.809577 0.817139 
RBFBell_iters1_phase_shifts6_Naive_full_pi_is_1
 0.898842 0.702402 0.725491 0.700639 0.947497 1.12976 1.12492 1.01444 1.01731 0.48601 0.507478 0.569572 0.633106 0.641909 0.661398 0.625031 0.710717 0.672566 0.843241 0.932269 0.809079 0.746074 0.786892 0.818079 0.790046 0.871558 0.867621 0.443896 0.888619 0.740763 0.722514 0.829579 0.782616 0.78592 0.809577 0.817139 
RBFGaussian_iters0_phase_shifts6_Naive_full_pi_is_1
 0.898842 0.702402 0.725491 0.700639 0.947497 1.12976 1.12492 1.01444 1.01731 0.48601 0.507478 0.569572 0.633106 0.641909 0.661398 0.625031 0.710717 0.672566 0.843241 0.932269 0.809079 0.746074 0.786892 0.818079 0.790046 0.871558 0.867621 0.443896 0.888619 0.740763 0.722514 0.829579 0.782616 0.78592 0.809577 0.817139 
RBFGaussian_iters1_phase_shifts6_Naive_full_pi_is_1
 0.898842 0.702402 0.725491 0.700639 0.947497 1.12976 1.12492 1.01444 1.01731 0.48601 0.507478 0.569572 0.633106 0.641909 0.661398 0.625031 0.710717 0.672566 0.843241 0.932269 0.809079 0.746074 0.786892 0.818079 0.790046 0.871558 0.867621 0.443896 0.888619 0.740763 0.722514 0.829579 0.782616 0.78592 0.809577 0.817139 
RBFTPS_iters3_phase_shifts7_NaiveFTFracDir_full_pi_is_0
 0.719942 0.609734 0.623272 0.719435 0.764621 0.899472 0.904582 1.01001 0.878495 0.373462 0.441262 0.531823 0.542823 0.556019 0.653617 0.732722 0.740064 0.748832 0.911423 1.11888 1.05178 1.06046 0.980269 0.816127 0.777268 0.774293 0.902164 0.382808 0.928224 0.746167 0.897008 0.872801 0.772981 0.802245 0.814328 0.817946 
RBFMultiquadricAuto_iters0_phase_shifts8_NaiveFTFracDir_full_pi_is_1
 0.818482 0.740061 0.715201 0.737689 0.958976 1.11657 1.08497 1.03594 1.01459 0.537136 0.47153 0.593117 0.625113 0.736505 0.711259 0.755977 0.753378 0.734078 1.34102 0.917232 0.825384 0.732418 0.811539 0.704947 0.632969 0.876951 0.773571 0.353148 0.732485 0.604363 0.706067 0.772185 0.724381 0.718179 0.776927 0.723352 
RBFMultiquadricAuto_iters1_phase_shifts8_NaiveFTFracDir_full_pi_is_1
 0.818482 0.740061 0.715201 0.737689 0.958976 1.11657 1.08497 1.03594 1.01459 0.537136 0.47153 0.593117 0.625113 0.736505 0.711259 0.755977 0.753378 0.734078 1.34102 0.917232 0.825384 0.732418 0.811539 0.704947 0.632969 0.876951 0.773571 0.353148 0.732485 0.604363 0.706067 0.772185 0.724381 0.718179 0.776927 0.723352 
RBFTPS_iters1_phase_shifts8_NaiveFTFracDir_full_pi_is_0
 0.957888 0.667488 0.697151 0.770953 0.928421 1.05823 1.03739 1.10693 1.0351 0.503199 0.489723 0.500867 0.545775 0.618576 0.605243 0.664176 0.666852 0.63294 0.881941 1.13356 0.888327 0.880758 0.839749 0.772826 0.686718 0.864999 0.703629 0.655269 0.731476 0.745922 0.829416 0.862901 0.781585 0.740919 0.775729 0.765435 
RBFTPS_iters0_phase_shifts8_NaiveFTFracDir_full_pi_is_0
 0.957888 0.667488 0.697151 0.770953 0.928421 1.05823 1.03739 1.10693 1.0351 0.503199 0.489723 0.500867 0.545775 0.618576 0.605243 0.664176 0.666852 0.63294 0.881941 1.13356 0.888327 0.880758 0.839749 0.772826 0.686718 0.864999 0.703629 0.655269 0.731476 0.745922 0.829416 0.862901 0.781585 0.740919 0.775729 0.765435 
RBFTPS_iters3_phase_shifts6_NaiveFTFracDir_full_pi_is_1
 0.636961 0.663971 0.69183 0.776147 0.893665 0.906067 0.922403 1.12217 0.874282 0.442535 0.415701 0.551054 0.584293 0.610505 0.610213 0.659968 0.68298 0.699104 0.647566 0.702706 0.962474 0.978738 1.12629 1.0071 0.967574 1.00176 0.997076 0.647486 0.916836 0.621885 0.824902 0.688396 0.757488 0.76975 0.81187 0.795586 
RBFBell_iters2_phase_shifts7_NaiveFTFracDir_full_pi_is_1
 0.39121 0.625 0.676982 0.724509 0.857178 0.917404 0.89735 1.06206 0.991791 0.536055 0.4399 0.501788 0.563877 0.615948 0.673305 0.665365 0.702898 0.672887 0.63411 0.815758 1.13101 0.81032 1.04737 1.07296 1.16926 0.925448 1.0677 0.722845 0.803396 0.663498 0.818312 0.711828 0.704921 0.725795 0.757291 0.74551 
RBFGaussian_iters2_phase_shifts7_NaiveFTFracDir_full_pi_is_1
 0.39121 0.625 0.676982 0.724509 0.857178 0.917404 0.89735 1.06206 0.991791 0.536055 0.4399 0.501788 0.563877 0.615948 0.673305 0.665365 0.702898 0.672887 0.63411 0.815758 1.13101 0.81032 1.04737 1.07296 1.16926 0.925448 1.0677 0.722845 0.803396 0.663498 0.818312 0.711828 0.704921 0.725795 0.757291 0.74551 
RBFTPS_iters4_phase_shifts3_NaiveFTFracDir_full_pi_is_0
 1.09284 0.687525 0.69473 0.73538 0.806913 0.784575 0.785498 0.830112 0.717936 0.368265 0.427737 0.568089 0.535219 0.627201 0.699177 0.690034 0.704618 0.726528 0.743992 0.909816 0.995942 1.04205 0.948947 0.716781 0.781164 0.807149 0.995978 1.00839 0.901901 0.711089 0.800464 0.781011 0.808853 0.903982 0.886487 0.894438 
IDW_iters0_phase_shifts5_NaiveFTFracDir_full_pi_is_1
 1.14631 0.939669 0.934276 1.09968 1.00918 1.25114 1.11623 1.08615 1.07497 0.391774 0.400775 0.497533 0.567142 0.607381 0.66529 0.659593 0.713071 0.673395 1.08058 0.875767 0.659686 0.766934 0.725397 0.633762 0.69205 0.722069 0.648485 0.328089 0.728784 0.600466 0.662232 0.761478 0.727317 0.720434 0.70055 0.686907 
IDW_iters1_phase_shifts5_NaiveFTFracDir_full_pi_is_1
 1.14631 0.939669 0.934276 1.09968 1.00918 1.25114 1.11623 1.08615 1.07497 0.391774 0.400775 0.497533 0.567142 0.607381 0.66529 0.659593 0.713071 0.673395 1.08058 0.875767 0.659686 0.766934 0.725397 0.633762 0.69205 0.722069 0.648485 0.328089 0.728784 0.600466 0.662232 0.761478 0.727317 0.720434 0.70055 0.686907 
Makima_iters3_phase_shifts2_NaiveFTFracDir_full_pi_is_1
 0.638263 1.29002 1.20511 1.18448 0.939684 0.90619 0.89272 0.906659 0.844997 0.444552 0.519094 0.550572 0.562974 0.593622 0.622251 0.657661 0.6617 0.753961 0.750916 0.683714 1.08788 0.923509 0.877542 0.824142 0.806352 0.82592 0.862761 0.583802 0.622815 0.54047 0.783542 0.618522 0.694293 0.714834 0.717881 0.722727 
RBFGaussian_iters0_phase_shifts5_NaiveFTFracDir_full_pi_is_0
 0.837508 0.669652 0.661005 0.740957 0.883638 0.961628 0.958791 1.01263 1.00519 0.432951 0.44602 0.512054 0.560826 0.634147 0.615009 0.641168 0.657817 0.629498 1.01113 1.10843 0.927431 0.916785 0.846978 0.846292 0.887207 0.80485 0.683966 1.01346 0.74396 0.710366 0.795888 0.848519 0.789742 0.750089 0.770826 0.767853 
RBFBell_iters0_phase_shifts5_NaiveFTFracDir_full_pi_is_0
 0.837508 0.669652 0.661005 0.740957 0.883638 0.961628 0.958791 1.01263 1.00519 0.432951 0.44602 0.512054 0.560826 0.634147 0.615009 0.641168 0.657817 0.629498 1.01113 1.10843 0.927431 0.916785 0.846978 0.846292 0.887207 0.80485 0.683966 1.01346 0.74396 0.710366 0.795888 0.848519 0.789742 0.750089 0.770826 0.767853 
RBFGaussian_iters1_phase_shifts5_NaiveFTFracDir_full_pi_is_0
 0.837508 0.669652 0.661005 0.740957 0.883638 0.961628 0.958791 1.01263 1.00519 0.432951 0.44602 0.512054 0.560826 0.634147 0.615009 0.641168 0.657817 0.629498 1.01113 1.10843 0.927431 0.916785 0.846978 0.846292 0.887207 0.80485 0.683966 1.01346 0.74396 0.710366 0.795888 0.848519 0.789742 0.750089 0.770826 0.767853 
RBFBell_iters1_phase_shifts5_NaiveFTFracDir_full_pi_is_0
 0.837508 0.669652 0.661005 0.740957 0.883638 0.961628 0.958791 1.01263 1.00519 0.432951 0.44602 0.512054 0.560826 0.634147 0.615009 0.641168 0.657817 0.629498 1.01113 1.10843 0.927431 0.916785 0.846978 0.846292 0.887207 0.80485 0.683966 1.01346 0.74396 0.710366 0.795888 0.848519 0.789742 0.750089 0.770826 0.767853 
RBFMultiquadricAuto_iters2_phase_shifts8_NaiveFTFracDir_full_pi_is_1
 0.496367 0.592318 0.564258 0.639315 0.897421 0.950786 0.969051 1.00253 0.972345 0.497731 0.535233 0.639759 0.763469 0.764717 0.825069 0.789188 0.882544 0.756557 0.743681 0.867523 0.934269 0.881602 0.902689 1.16762 0.840054 1.03106 0.852162 0.587709 0.732996 0.636084 0.827055 0.694818 0.691468 0.71212 0.756271 0.746805 
RBFTPS_iters2_phase_shifts2_NaiveFTFracDir_full_pi_is_1
 0.718631 0.678659 0.850201 0.733105 0.956588 0.974285 1.05717 1.03054 0.925416 0.502679 0.587344 0.559022 0.59082 0.611529 0.594908 0.687366 0.688135 0.709054 0.732476 0.908406 1.31992 0.857055 0.875908 0.872507 0.737652 0.860387 0.927035 0.351682 0.673897 0.692902 0.833142 0.752012 0.804759 0.788392 0.798861 0.782518 
Makima_iters5_phase_shifts3_NaiveFTFracDir_full_pi_is_0
 1.01777 0.710741 0.702599 0.787889 0.992427 0.927069 0.820625 0.829199 0.719274 0.434277 0.561159 0.510879 0.577355 0.637878 0.718309 0.738425 0.774598 0.816528 0.84279 0.943746 0.983708 1.01451 0.858959 1.04086 0.898011 0.899546 0.913689 0.427532 0.848074 0.788018 0.629289 0.647512 0.795449 0.749551 0.819843 0.799292 
Makima_iters3_phase_shifts7_NaiveFTFracDir_full_pi_is_0
 0.837157 0.675221 0.68024 0.762438 0.843279 1.01302 0.929395 1.08375 0.942573 0.371512 0.412006 0.529966 0.530093 0.5248 0.634893 0.62432 0.641893 0.678253 0.952611 0.898853 0.953724 0.980508 0.895717 0.801095 0.87964 0.80061 0.795439 1.015 1.06296 0.714641 0.795215 0.711454 0.704815 0.757475 0.797491 0.809824 
IDW_iters3_phase_shifts4_Naive_full_pi_is_1
 0.615699 1.0232 1.00619 1.0272 0.81693 0.893736 0.866526 0.927771 1.05157 0.384926 0.420556 0.501747 0.676359 0.718969 0.663556 0.745104 0.704405 0.741445 0.712639 0.57939 0.777481 0.776553 0.793467 1.0441 1.07507 0.828636 0.884821 0.410486 0.784302 0.755527 0.819943 0.681523 0.784753 0.833359 0.869666 0.846794 
RBFTPS_iters0_phase_shifts7_Naive_full_pi_is_1
 0.93835 0.732468 0.725874 0.805475 0.969285 1.0019 1.00032 1.03727 0.966295 0.415801 0.518963 0.53707 0.590396 0.609237 0.654258 0.625927 0.677979 0.628206 0.809044 0.872855 0.789113 0.725122 0.73904 0.857917 0.82829 0.817897 0.812407 1.0592 0.873177 0.745204 0.804511 0.82073 0.816013 0.796709 0.824374 0.820601 
RBFTPS_iters1_phase_shifts7_Naive_full_pi_is_1
 0.93835 0.732468 0.725874 0.805475 0.969285 1.0019 1.00032 1.03727 0.966295 0.415801 0.518963 0.53707 0.590396 0.609237 0.654258 0.625927 0.677979 0.628206 0.809044 0.872855 0.789113 0.725122 0.73904 0.857917 0.82829 0.817897 0.812407 1.0592 0.873177 0.745204 0.804511 0.82073 0.816013 0.796709 0.824374 0.820601 
RBFBell_iters2_phase_shifts5_NaiveFTFracDir_full_pi_is_1
 0.604659 0.8668 0.842895 0.865632 0.914484 0.974169 1.00773 0.991676 0.963107 0.580981 0.523307 0.531297 0.576665 0.637958 0.635165 0.670476 0.697743 0.689976 0.606289 0.840182 0.84583 0.803018 1.1032 0.979748 1.0111 0.847585 0.907223 0.508736 0.940087 0.717694 0.779648 0.711141 0.74174 0.760473 0.750783 0.766701 
RBFGaussian_iters2_phase_shifts5_NaiveFTFracDir_full_pi_is_1
 0.604659 0.8668 0.842895 0.865632 0.914484 0.974169 1.00773 0.991676 0.963107 0.580981 0.523307 0.531297 0.576665 0.637958 0.635165 0.670476 0.697743 0.689976 0.606289 0.840182 0.84583 0.803018 1.1032 0.979748 1.0111 0.847585 0.907223 0.508736 0.940087 0.717694 0.779648 0.711141 0.74174 0.760473 0.750783 0.766701 
Makima_iters1_phase_shifts9_Naive_full_pi_is_1
 0.999443 0.681249 0.690115 0.763368 0.939886 0.94361 1.08653 1.00721 1.15047 0.404284 0.471595 0.549848 0.586195 0.605817 0.632345 0.602983 0.639992 0.611958 0.78258 1.04236 0.811263 0.751067 0.763906 0.699039 0.675214 0.683858 0.761901 1.31794 0.62969 0.901986 0.831104 0.757294 0.774402 0.790875 0.806423 0.799903 
Makima_iters0_phase_shifts9_Naive_full_pi_is_1
 0.999443 0.681249 0.690115 0.763368 0.939886 0.94361 1.08653 1.00721 1.15047 0.404284 0.471595 0.549848 0.586195 0.605817 0.632345 0.602983 0.639992 0.611958 0.78258 1.04236 0.811263 0.751067 0.763906 0.699039 0.675214 0.683858 0.761901 1.31794 0.62969 0.901986 0.831104 0.757294 0.774402 0.790875 0.806423 0.799903 
RBFBell_iters0_phase_shifts6_NaiveFTFracDir_full_pi_is_1
 0.948632 0.770305 0.733643 0.631667 0.967371 1.14148 1.12946 1.09921 1.10726 0.408915 0.419707 0.495034 0.566699 0.599827 0.623195 0.679538 0.718859 0.650521 1.26287 0.887121 0.705228 0.670305 0.807269 0.716387 0.746568 0.819006 0.843755 0.730741 0.711253 0.664806 0.724506 0.863709 0.773516 0.766623 0.771143 0.769354 
RBFBell_iters1_phase_shifts6_NaiveFTFracDir_full_pi_is_1
 0.948632 0.770305 0.733643 0.631667 0.967371 1.14148 1.12946 1.09921 1.10726 0.408915 0.419707 0.495034 0.566699 0.599827 0.623195 0.679538 0.718859 0.650521 1.26287 0.887121 0.705228 0.670305 0.807269 0.716387 0.746568 0.819006 0.843755 0.730741 0.711253 0.664806 0.724506 0.863709 0.773516 0.766623 0.771143 0.769354 
RBFGaussian_iters0_phase_shifts6_NaiveFTFracDir_full_pi_is_1
 0.948632 0.770305 0.733643 0.631667 0.967371 1.14148 1.12946 1.09921 1.10726 0.408915 0.419707 0.495034 0.566699 0.599827 0.623195 0.679538 0.718859 0.650521 1.26287 0.887121 0.705228 0.670305 0.807269 0.716387 0.746568 0.819006 0.843755 0.730741 0.711253 0.664806 0.724506 0.863709 0.773516 0.766623 0.771143 0.769354 
RBFGaussian_iters1_phase_shifts6_NaiveFTFracDir_full_pi_is_1
 0.948632 0.770305 0.733643 0.631667 0.967371 1.14148 1.12946 1.09921 1.10726 0.408915 0.419707 0.495034 0.566699 0.599827 0.623195 0.679538 0.718859 0.650521 1.26287 0.887121 0.705228 0.670305 0.807269 0.716387 0.746568 0.819006 0.843755 0.730741 0.711253 0.664806 0.724506 0.863709 0.773516 0.766623 0.771143 0.769354 
IDW_iters8_phase_shifts2_NaiveFTFracDir_full_pi_is_0
 0.813169 0.770735 0.777214 0.728923 0.797891 0.898346 0.906056 0.661554 0.638498 0.480673 0.610693 0.716936 0.77487 0.73213 0.723906 0.767752 0.74394 0.809643 0.684995 1.08838 1.00218 1.04274 0.961383 1.05001 0.92224 0.74709 1.00815 0.636231 0.760925 0.669016 0.6447 0.697638 0.742915 0.74915 0.804167 0.795038 
RBFTPS_iters3_phase_shifts7_NaiveFTFracDir_full_pi_is_1
 0.585717 0.623505 0.665604 0.808953 0.898636 0.90576 0.900513 1.06867 1.05004 0.42187 0.377006 0.533428 0.555045 0.565345 0.594065 0.640283 0.668692 0.65974 0.572258 0.695981 0.955744 0.86806 1.14936 1.20023 0.92343 0.993269 1.13254 0.703258 0.975545 0.622275 0.765311 0.662122 0.745167 0.760555 0.800179 0.795764 
Makima_iters4_phase_shifts3_NaiveFTFracDir_full_pi_is_1
 0.64328 0.902353 0.948863 0.972648 1.0433 0.904216 0.962952 0.738566 0.782773 0.477268 0.428863 0.606476 0.594664 0.565052 0.685093 0.705005 0.716216 0.780219 0.552063 0.626737 1.1693 0.921155 0.995273 0.705241 0.864657 0.855558 0.77935 0.777304 1.01944 0.676961 0.827731 0.787811 0.805262 0.776716 0.785469 0.812693 
RBFTPS_iters3_phase_shifts3_Naive_full_pi_is_1
 0.457147 0.741857 0.806092 0.839696 0.957701 0.902181 0.907463 1.2158 0.977263 0.38759 0.39452 0.534405 0.616595 0.652892 0.657032 0.709646 0.698059 0.740251 0.764812 0.711312 0.801296 0.806128 0.847293 0.981212 0.950655 0.898907 1.03637 0.343866 0.86925 0.734275 0.860964 0.93474 0.771863 0.815753 0.846306 0.842073 
IDW_iters3_phase_shifts5_NaiveFTFracDir_full_pi_is_1
 0.842341 1.06395 0.657311 1.05391 0.907574 0.952468 0.948645 1.05623 0.938526 0.384597 0.551898 0.488999 0.577157 0.602091 0.595258 0.69085 0.733814 0.728278 0.794001 0.748278 0.955931 0.77295 1.05096 0.933196 0.840139 0.856012 0.834382 0.605864 0.767647 0.607368 0.848315 0.702897 0.740331 0.778627 0.786296 0.782453 
RBFGaussian_iters0_phase_shifts5_NaiveFTFracDir_full_pi_is_1
 0.913794 0.829287 0.824557 0.823421 0.991972 1.0478 1.11713 1.01296 1.04964 0.49741 0.450548 0.53279 0.54204 0.613983 0.61595 0.655364 0.682343 0.672766 1.12003 0.935405 0.716751 0.711033 0.71555 0.924168 0.668121 0.864558 0.827936 0.640061 0.712195 0.668071 0.838468 0.823123 0.810652 0.773266 0.778063 0.757879 
RBFBell_iters0_phase_shifts5_NaiveFTFracDir_full_pi_is_1
 0.913794 0.829287 0.824557 0.823421 0.991972 1.0478 1.11713 1.01296 1.04964 0.49741 0.450548 0.53279 0.54204 0.613983 0.61595 0.655364 0.682343 0.672766 1.12003 0.935405 0.716751 0.711033 0.71555 0.924168 0.668121 0.864558 0.827936 0.640061 0.712195 0.668071 0.838468 0.823123 0.810652 0.773266 0.778063 0.757879 
RBFGaussian_iters1_phase_shifts5_NaiveFTFracDir_full_pi_is_1
 0.913794 0.829287 0.824557 0.823421 0.991972 1.0478 1.11713 1.01296 1.04964 0.49741 0.450548 0.53279 0.54204 0.613983 0.61595 0.655364 0.682343 0.672766 1.12003 0.935405 0.716751 0.711033 0.71555 0.924168 0.668121 0.864558 0.827936 0.640061 0.712195 0.668071 0.838468 0.823123 0.810652 0.773266 0.778063 0.757879 
RBFBell_iters1_phase_shifts5_NaiveFTFracDir_full_pi_is_1
 0.913794 0.829287 0.824557 0.823421 0.991972 1.0478 1.11713 1.01296 1.04964 0.49741 0.450548 0.53279 0.54204 0.613983 0.61595 0.655364 0.682343 0.672766 1.12003 0.935405 0.716751 0.711033 0.71555 0.924168 0.668121 0.864558 0.827936 0.640061 0.712195 0.668071 0.838468 0.823123 0.810652 0.773266 0.778063 0.757879 
Makima_iters4_phase_shifts5_Naive_full_pi_is_1
 0.555281 0.99173 0.957481 1.16548 0.884065 0.904277 0.90732 0.804578 0.779697 0.350847 0.43484 0.539384 0.563168 0.670526 0.634009 0.672507 0.711099 0.735839 0.685633 0.479204 0.790507 0.832753 0.765831 1.20383 1.08179 0.968814 0.853857 0.821745 0.900354 0.732242 0.748893 0.651281 0.727603 0.800995 0.85289 0.858173 
RBFGaussian_iters1_phase_shifts4_Naive_full_pi_is_1
 0.6761 0.678314 0.704149 0.68679 0.929038 1.11842 1.11464 1.00415 1.00887 0.541404 0.592472 0.654392 0.669786 0.690882 0.700008 0.646216 0.747506 0.7035 0.837457 0.927371 0.808337 0.755446 0.821318 0.903969 0.838277 0.904757 0.889233 0.470518 0.867513 0.74221 0.715312 0.828615 0.780197 0.778644 0.805665 0.810681 
RBFBell_iters0_phase_shifts4_Naive_full_pi_is_1
 0.6761 0.678314 0.704149 0.68679 0.929038 1.11842 1.11464 1.00415 1.00887 0.541404 0.592472 0.654392 0.669786 0.690882 0.700008 0.646216 0.747506 0.7035 0.837457 0.927371 0.808337 0.755446 0.821318 0.903969 0.838277 0.904757 0.889233 0.470518 0.867513 0.74221 0.715312 0.828615 0.780197 0.778644 0.805665 0.810681 
RBFBell_iters1_phase_shifts4_Naive_full_pi_is_1
 0.6761 0.678314 0.704149 0.68679 0.929038 1.11842 1.11464 1.00415 1.00887 0.541404 0.592472 0.654392 0.669786 0.690882 0.700008 0.646216 0.747506 0.7035 0.837457 0.927371 0.808337 0.755446 0.821318 0.903969 0.838277 0.904757 0.889233 0.470518 0.867513 0.74221 0.715312 0.828615 0.780197 0.778644 0.805665 0.810681 
RBFGaussian_iters0_phase_shifts4_Naive_full_pi_is_1
 0.6761 0.678314 0.704149 0.68679 0.929038 1.11842 1.11464 1.00415 1.00887 0.541404 0.592472 0.654392 0.669786 0.690882 0.700008 0.646216 0.747506 0.7035 0.837457 0.927371 0.808337 0.755446 0.821318 0.903969 0.838277 0.904757 0.889233 0.470518 0.867513 0.74221 0.715312 0.828615 0.780197 0.778644 0.805665 0.810681 
RBFGaussian_iters1_phase_shifts5_Naive_full_pi_is_1
 0.888805 0.723059 0.716421 0.692819 0.935691 1.12158 1.11673 1.02141 1.00407 0.445797 0.483336 0.571708 0.629604 0.654162 0.680532 0.626241 0.678287 0.690512 0.842359 0.926962 0.810379 0.75261 0.793223 0.904604 0.858261 0.902103 0.926272 0.445233 0.87274 0.743704 0.710691 0.836498 0.787852 0.794312 0.816639 0.821212 
RBFGaussian_iters0_phase_shifts5_Naive_full_pi_is_1
 0.888805 0.723059 0.716421 0.692819 0.935691 1.12158 1.11673 1.02141 1.00407 0.445797 0.483336 0.571708 0.629604 0.654162 0.680532 0.626241 0.678287 0.690512 0.842359 0.926962 0.810379 0.75261 0.793223 0.904604 0.858261 0.902103 0.926272 0.445233 0.87274 0.743704 0.710691 0.836498 0.787852 0.794312 0.816639 0.821212 
RBFBell_iters1_phase_shifts5_Naive_full_pi_is_1
 0.888805 0.723059 0.716421 0.692819 0.935691 1.12158 1.11673 1.02141 1.00407 0.445797 0.483336 0.571708 0.629604 0.654162 0.680532 0.626241 0.678287 0.690512 0.842359 0.926962 0.810379 0.75261 0.793223 0.904604 0.858261 0.902103 0.926272 0.445233 0.87274 0.743704 0.710691 0.836498 0.787852 0.794312 0.816639 0.821212 
RBFBell_iters0_phase_shifts5_Naive_full_pi_is_1
 0.888805 0.723059 0.716421 0.692819 0.935691 1.12158 1.11673 1.02141 1.00407 0.445797 0.483336 0.571708 0.629604 0.654162 0.680532 0.626241 0.678287 0.690512 0.842359 0.926962 0.810379 0.75261 0.793223 0.904604 0.858261 0.902103 0.926272 0.445233 0.87274 0.743704 0.710691 0.836498 0.787852 0.794312 0.816639 0.821212 
RBFGaussian_iters2_phase_shifts8_NaiveFTFracDir_full_pi_is_0
 0.491179 0.604895 0.639555 0.653056 0.870036 0.870661 0.875439 1.00384 0.927146 0.484325 0.434398 0.581645 0.540532 0.698141 0.679271 0.738463 0.735662 0.697133 1.30179 1.02148 0.98078 0.936658 1.0411 0.72468 0.833698 0.712765 0.881672 0.470294 0.978109 0.718182 0.900548 0.774627 0.828817 0.795653 0.810943 0.814645 
RBFBell_iters2_phase_shifts8_NaiveFTFracDir_full_pi_is_0
 0.491179 0.604895 0.639555 0.653056 0.870036 0.870661 0.875439 1.00384 0.927146 0.484325 0.434398 0.581645 0.540532 0.698141 0.679271 0.738463 0.735662 0.697133 1.30179 1.02148 0.98078 0.936658 1.0411 0.72468 0.833698 0.712765 0.881672 0.470294 0.978109 0.718182 0.900548 0.774627 0.828817 0.795653 0.810943 0.814645 
RBFBell_iters3_phase_shifts2_NaiveFTFracDir_full_pi_is_0
 0.748073 0.492884 0.514182 0.498951 0.762106 0.872051 0.86319 0.853617 0.690864 0.518571 0.677722 0.638889 0.665051 0.700517 0.784509 0.770835 0.812564 0.794983 0.912368 0.789867 0.937075 0.975407 1.02301 0.705646 0.67225 0.687538 0.968099 1.18096 1.07943 0.734514 0.92011 0.750017 0.777886 0.835171 0.851558 0.827295 
RBFGaussian_iters3_phase_shifts2_NaiveFTFracDir_full_pi_is_0
 0.748073 0.492884 0.514182 0.498951 0.762106 0.872051 0.86319 0.853617 0.690864 0.518571 0.677722 0.638889 0.665051 0.700517 0.784509 0.770835 0.812564 0.794983 0.912368 0.789867 0.937075 0.975407 1.02301 0.705646 0.67225 0.687538 0.968099 1.18096 1.07943 0.734514 0.92011 0.750017 0.777886 0.835171 0.851558 0.827295 
IDW_iters6_phase_shifts2_NaiveFTFracDir_full_pi_is_0
 0.672668 0.831285 0.742107 0.847718 0.813945 0.815224 0.691608 0.678544 0.665633 0.492507 0.508971 0.6438 0.673259 0.676886 0.65417 0.668994 0.680032 0.759704 0.97543 1.04546 0.990182 1.04497 0.975944 0.991521 0.817655 1.14688 0.963531 0.692663 0.797744 0.611432 0.666309 0.702252 0.802479 0.815293 0.885802 0.866055 
Makima_iters2_phase_shifts7_Naive_full_pi_is_1
 0.761438 1.0393 1.03714 1.11805 0.98155 0.934563 0.937851 0.947803 0.916173 0.451566 0.434465 0.534187 0.573141 0.588274 0.552346 0.59161 0.608645 0.607892 0.68017 0.701875 0.794317 0.815349 0.778078 0.998912 0.976173 0.940585 1.01235 0.81288 0.788937 0.706846 0.772496 0.710981 0.753368 0.74485 0.781292 0.765401 
IDW_iters4_phase_shifts8_NaiveFTFracDir_full_pi_is_1
 0.838473 0.690502 0.673807 0.683343 0.89627 0.871822 0.887844 0.853638 0.801675 0.426206 0.443072 0.51464 0.579251 0.526161 0.637067 0.702767 0.714929 0.71336 0.742111 0.763517 0.965673 1.25978 1.06754 1.06513 1.04412 0.998367 1.01945 0.432234 0.920893 0.634048 0.726997 0.680272 0.757803 0.828919 0.829746 0.82684 
RBFTPS_iters4_phase_shifts2_Naive_full_pi_is_1
 0.500628 0.736645 0.747052 0.904404 0.900165 0.838291 0.842603 0.893146 0.881282 0.394718 0.427647 0.554943 0.664143 0.659302 0.707926 0.711769 0.703126 0.765961 0.728266 0.907506 0.939455 0.865803 0.900466 0.845252 0.909929 0.87001 1.02489 1.10587 0.867101 0.776214 0.915417 0.685165 0.742021 0.787534 0.809902 0.831634 
IDW_iters3_phase_shifts3_Naive_full_pi_is_1
 0.570481 1.12741 1.11616 0.938935 0.926005 0.948253 0.937026 0.992156 1.08625 0.363408 0.412972 0.506622 0.712986 0.694478 0.645848 0.704926 0.69479 0.723737 0.707625 0.62036 0.745735 0.741793 0.788235 1.01884 1.0298 0.80368 0.860698 0.372702 0.738571 0.730251 0.84256 0.649698 0.770014 0.821116 0.850515 0.840119 
Makima_iters6_phase_shifts3_NaiveFTFracDir_full_pi_is_0
 0.988177 0.715789 0.687899 0.745427 0.839187 1.02089 0.911168 0.819477 0.702823 0.418642 0.583707 0.534258 0.593782 0.618518 0.745584 0.755516 0.772924 0.844132 0.770161 0.92399 1.00357 1.03425 0.892688 0.852753 0.911635 0.912844 0.891081 0.405925 0.940257 0.64942 0.734894 0.710855 0.764379 0.827587 0.918909 0.892926 
RBFTPS_iters3_phase_shifts5_NaiveFTFracDir_full_pi_is_0
 0.759088 0.583098 0.579445 0.657538 0.80296 0.939316 0.840654 1.01665 0.860026 0.388126 0.417489 0.515062 0.559394 0.555817 0.647303 0.708139 0.698234 0.71416 0.894773 1.06904 1.04771 1.07 0.998713 0.801127 0.79499 0.774261 0.94847 0.975399 0.887004 0.720807 0.894295 0.775403 0.783332 0.822121 0.827028 0.881035 
IDW_iters1_phase_shifts6_NaiveFTFracDir_full_pi_is_0
 1.11926 0.720766 0.779725 0.819379 0.938601 1.0567 1.04977 1.05004 0.954754 0.366675 0.47511 0.549571 0.613539 0.627978 0.687428 0.667204 0.733694 0.699814 0.890173 1.0045 0.831398 0.853754 0.78853 0.649916 0.668882 0.770526 0.603217 1.15187 0.736391 0.698533 0.763639 0.802351 0.800785 0.755989 0.793042 0.740384 
IDW_iters0_phase_shifts6_NaiveFTFracDir_full_pi_is_0
 1.11926 0.720766 0.779725 0.819379 0.938601 1.0567 1.04977 1.05004 0.954754 0.366675 0.47511 0.549571 0.613539 0.627978 0.687428 0.667204 0.733694 0.699814 0.890173 1.0045 0.831398 0.853754 0.78853 0.649916 0.668882 0.770526 0.603217 1.15187 0.736391 0.698533 0.763639 0.802351 0.800785 0.755989 0.793042 0.740384 
Makima_iters2_phase_shifts5_Naive_full_pi_is_1
 0.826392 1.03813 1.03834 1.10829 0.984462 0.890483 0.893026 1.0153 0.898048 0.470231 0.465393 0.547127 0.575662 0.591588 0.560574 0.591331 0.614897 0.614477 0.677439 0.723936 0.79121 0.812872 0.77583 0.961053 0.947115 0.918129 0.937092 0.813057 0.799128 0.740865 0.793597 0.829822 0.756512 0.744052 0.781974 0.756913 
IDW_iters3_phase_shifts2_Naive_full_pi_is_1
 0.7408 1.06722 1.07393 0.905794 0.883319 0.910877 0.915994 0.946449 1.08673 0.37871 0.409745 0.4988 0.644652 0.640197 0.674669 0.723613 0.718972 0.735643 0.715712 0.749303 0.844164 0.812803 0.853198 0.805621 0.940553 0.746819 0.85491 0.522696 0.95979 0.787056 0.836945 0.736042 0.74353 0.805552 0.820147 0.815732 
Makima_iters2_phase_shifts6_Naive_full_pi_is_1
 0.796584 1.04385 1.04784 1.12602 0.986086 0.908791 0.934644 0.947347 0.905981 0.476438 0.45269 0.547686 0.575339 0.597118 0.571712 0.598387 0.616414 0.617428 0.677275 0.707976 0.791747 0.811815 0.78027 0.986892 0.899781 0.938923 0.953213 0.808246 0.792116 0.714411 0.783338 0.833945 0.760011 0.745242 0.788448 0.763401 
IDW_iters2_phase_shifts5_Naive_full_pi_is_1
 0.904792 0.862518 1.01765 1.01371 0.95686 0.977204 0.978084 1.0877 0.961884 0.378779 0.415263 0.492929 0.634502 0.618748 0.617415 0.659059 0.645111 0.661625 0.765721 0.889995 0.792294 0.77113 0.771288 1.14295 0.891793 0.891448 0.80593 0.397132 0.655434 0.730913 0.817869 0.743349 0.731623 0.813529 0.835372 0.820695 
RBFTPS_iters4_phase_shifts2_NaiveFTFracDir_full_pi_is_0
 1.00317 0.666773 0.647882 0.688776 0.806523 0.829929 0.831749 0.87587 0.726567 0.410179 0.502699 0.566924 0.523527 0.599971 0.656945 0.698315 0.695377 0.723818 0.654225 0.9441 1.03816 1.06579 1.04149 0.773915 1.17464 0.827791 0.950482 0.964349 0.886384 0.77581 0.943668 0.735772 0.701694 0.780806 0.785858 0.784717 
RBFTPS_iters2_phase_shifts4_Naive_full_pi_is_1
 0.598703 0.763721 0.780209 0.828959 0.927774 0.926495 0.921389 1.03934 1.00806 0.476771 0.510014 0.609713 0.683709 0.651021 0.626995 0.67166 0.711834 0.668057 0.773082 0.858586 0.828817 0.819323 0.823375 1.0354 0.956247 0.900583 1.06132 0.375998 0.895502 0.829843 0.874184 0.78478 0.726269 0.801058 0.82103 0.805212 
Makima_iters9_phase_shifts2_NaiveFTFracDir_full_pi_is_0
 1.09604 0.930769 0.796849 0.749343 0.878983 0.885772 0.837051 0.825366 0.704224 0.547083 0.634902 0.520587 0.584108 0.576251 0.683156 0.716161 0.75945 0.798736 0.728314 1.04732 1.07455 1.075 0.933815 0.830797 0.827133 0.782759 1.0308 0.524253 0.825138 0.649009 0.652628 0.734162 0.719301 0.74723 0.846479 0.846196 
RBFTPS_iters3_phase_shifts2_NaiveFTFracDir_full_pi_is_1
 0.550339 0.87016 0.911143 1.01721 0.961866 0.912559 1.04775 1.10023 0.924398 0.478148 0.477894 0.551695 0.602171 0.719282 0.63744 0.704717 0.683883 0.753491 0.668089 0.686492 1.07995 0.864757 0.909538 0.856351 0.754639 0.885583 1.0343 0.704645 0.598034 0.687788 0.895838 0.696358 0.732067 0.786493 0.796751 0.798035 
RBFTPS_iters3_phase_shifts5_NaiveFTFracDir_full_pi_is_1
 0.648533 0.652361 0.659689 0.75893 0.874788 0.880714 0.896606 1.01227 0.893751 0.500005 0.432275 0.515616 0.551467 0.579824 0.594786 0.645526 0.708711 0.785043 0.716955 0.749256 1.24365 0.914387 1.11535 1.08428 0.952679 0.998071 1.14083 0.490761 0.695315 0.649959 0.881549 0.681151 0.793198 0.801068 0.816063 0.795788 
RBFTPS_iters5_phase_shifts2_Naive_full_pi_is_1
 0.476366 0.829775 0.811754 0.9698 0.911098 0.843724 0.85159 0.930678 0.866079 0.405892 0.456115 0.546253 0.666809 0.687705 0.686273 0.762941 0.751214 0.807392 0.777631 0.708403 0.849728 0.850177 0.889238 0.802324 0.951254 0.878007 1.04718 0.941511 0.9343 0.779965 0.814428 0.714329 0.790449 0.82935 0.835996 0.860864 
Makima_iters3_phase_shifts9_Naive_full_pi_is_1
 0.550734 1.23137 1.2338 1.16198 0.839601 0.810784 0.815281 0.850484 0.962891 0.380789 0.397976 0.551346 0.553678 0.64145 0.619821 0.65571 0.63655 0.659132 0.652764 0.521749 0.860625 0.817966 0.7597 1.13047 1.09973 0.987812 0.697495 0.420534 0.828656 0.733527 0.735035 0.938754 0.738239 0.76799 0.825696 0.828772 
Makima_iters4_phase_shifts8_Naive_full_pi_is_1
 0.57323 0.999458 0.892475 1.10711 0.853981 0.786144 0.796744 0.782822 0.760284 0.376808 0.444616 0.555048 0.562384 0.653268 0.620911 0.651875 0.691431 0.704245 0.691237 0.505197 0.759279 0.810484 0.728292 1.33567 1.11858 0.995947 0.801694 1.22233 0.845749 0.784444 0.745988 0.65105 0.7647 0.802209 0.810498 0.869403 
RBFTPS_iters3_phase_shifts9_NaiveFTFracDir_full_pi_is_1
 0.503947 0.597874 0.660205 0.788967 0.865951 0.902194 0.940409 1.3089 1.06782 0.424118 0.376566 0.485021 0.556755 0.547405 0.576176 0.622617 0.722992 0.747703 0.630872 0.696172 0.990608 0.877696 1.14346 1.26169 0.95498 1.01766 1.10492 0.49086 0.73793 0.613341 0.755184 0.669224 0.774489 0.773663 0.818564 0.788958 
Makima_iters3_phase_shifts6_Naive_full_pi_is_1
 0.550366 1.20022 1.20388 1.12166 0.868063 0.802889 0.808283 0.841676 0.952102 0.379619 0.398541 0.535408 0.562173 0.728183 0.620538 0.656053 0.632282 0.661146 0.643353 0.521445 0.860939 0.822698 0.77077 1.09209 1.06308 0.962053 0.837886 0.495855 0.881157 0.726652 0.736971 0.935654 0.73195 0.776989 0.824102 0.819208 
IDW_iters2_phase_shifts8_NaiveFTFracDir_full_pi_is_0
 0.954058 0.689019 0.697769 0.77185 0.833818 0.919299 0.915779 1.0369 0.88735 0.396979 0.4355 0.491158 0.555313 0.559288 0.621632 0.653098 0.667016 0.693091 1.27102 1.02715 0.881462 0.892777 0.971744 0.697705 0.901735 0.722465 0.759353 0.982437 0.81649 0.780832 0.816018 0.842191 0.830842 0.733372 0.807058 0.756968 
Makima_iters3_phase_shifts7_Naive_full_pi_is_1
 0.553563 1.21335 1.21766 1.1331 0.86805 0.805814 0.811466 0.844689 0.945539 0.380947 0.39773 0.54739 0.559028 0.728257 0.622701 0.656647 0.634954 0.660924 0.645556 0.522313 0.860485 0.821199 0.767083 1.1245 1.09057 0.974965 0.692144 0.400701 0.891409 0.730643 0.733988 0.936843 0.734939 0.774592 0.828512 0.830603 
RBFBell_iters2_phase_shifts6_NaiveFTFracDir_full_pi_is_1
 0.604622 0.709073 0.742983 0.824693 0.890741 0.960857 0.94886 1.09559 0.962018 0.439434 0.464981 0.592801 0.583247 0.622093 0.684363 0.668293 0.704723 0.684023 0.639968 0.845347 1.15221 0.812455 0.935457 1.09309 1.18667 0.910404 0.999003 0.66607 0.762919 0.647452 0.810659 0.634837 0.696392 0.749248 0.751323 0.762402 
RBFGaussian_iters2_phase_shifts6_NaiveFTFracDir_full_pi_is_1
 0.604622 0.709073 0.742983 0.824693 0.890741 0.960857 0.94886 1.09559 0.962018 0.439434 0.464981 0.592801 0.583247 0.622093 0.684363 0.668293 0.704723 0.684023 0.639968 0.845347 1.15221 0.812455 0.935457 1.09309 1.18667 0.910404 0.999003 0.66607 0.762919 0.647452 0.810659 0.634837 0.696392 0.749248 0.751323 0.762402 
Makima_iters2_phase_shifts9_NaiveFTFracDir_full_pi_is_0
 0.730724 0.616832 0.562949 0.701667 0.833249 0.868215 0.887914 1.08493 0.937708 0.360338 0.399735 0.453871 0.561642 0.581143 0.631425 0.597787 0.628296 0.632437 1.12487 1.16333 1.05115 1.03627 1.03682 0.818347 0.783633 0.795692 0.813167 1.17025 0.831417 0.688608 0.820636 0.83177 0.731844 0.72586 0.802748 0.767079 
RBFGaussian_iters3_phase_shifts4_NaiveFTFracDir_full_pi_is_0
 0.728002 0.637229 0.659735 0.699726 0.781551 0.800357 0.801935 0.916285 0.827611 0.441039 0.492978 0.628579 0.619379 0.713505 0.738248 0.807326 0.841888 0.796098 1.13291 0.91288 0.947722 1.00675 1.03134 0.724194 0.667208 0.67811 0.905584 1.07547 0.824449 0.791842 0.923079 0.711295 0.765705 0.829369 0.836639 0.82901 
RBFBell_iters3_phase_shifts4_NaiveFTFracDir_full_pi_is_0
 0.728002 0.637229 0.659735 0.699726 0.781551 0.800357 0.801935 0.916285 0.827611 0.441039 0.492978 0.628579 0.619379 0.713505 0.738248 0.807326 0.841888 0.796098 1.13291 0.91288 0.947722 1.00675 1.03134 0.724194 0.667208 0.67811 0.905584 1.07547 0.824449 0.791842 0.923079 0.711295 0.765705 0.829369 0.836639 0.82901 
RBFMultiquadricAuto_iters0_phase_shifts7_NaiveFTFracDir_full_pi_is_1
 0.798113 0.754551 0.760291 0.766885 0.989248 1.12198 0.996902 0.931585 1.03828 0.585808 0.561011 0.654504 0.704407 0.749617 0.77162 0.782762 0.775629 0.759112 1.18606 0.978317 0.814866 0.735208 0.764422 0.747827 0.674165 0.808559 0.81438 0.770465 0.696623 0.567165 0.725883 0.781538 0.752915 0.737655 0.779883 0.741045 
RBFMultiquadricAuto_iters1_phase_shifts7_NaiveFTFracDir_full_pi_is_1
 0.798113 0.754551 0.760291 0.766885 0.989248 1.12198 0.996902 0.931585 1.03828 0.585808 0.561011 0.654504 0.704407 0.749617 0.77162 0.782762 0.775629 0.759112 1.18606 0.978317 0.814866 0.735208 0.764422 0.747827 0.674165 0.808559 0.81438 0.770465 0.696623 0.567165 0.725883 0.781538 0.752915 0.737655 0.779883 0.741045 
Makima_iters2_phase_shifts2_NaiveFTFracDir_full_pi_is_0
 0.716891 0.480555 0.52817 0.577364 0.893279 0.914101 0.914259 1.14926 1.0392 0.461358 0.448308 0.513102 0.512696 0.538848 0.62566 0.611321 0.611341 0.664505 1.1235 1.09883 1.03479 1.00742 0.908869 0.88928 1.04247 0.871689 0.890441 1.08579 0.854012 0.637875 0.711726 0.756224 0.712111 0.714092 0.748622 0.746658 
RBFTPS_iters0_phase_shifts3_Naive_full_pi_is_0
 0.965569 0.709141 0.729478 0.777652 0.908418 1.04949 1.045 1.12957 1.0275 0.423803 0.486709 0.529197 0.585063 0.635 0.660321 0.614994 0.642026 0.64807 0.889004 1.02586 0.860181 0.888773 0.846179 0.72329 0.696256 0.822281 0.833869 0.815297 0.726911 0.745736 0.828972 0.873831 0.831924 0.798049 0.829376 0.82754 
RBFTPS_iters1_phase_shifts3_Naive_full_pi_is_0
 0.965569 0.709141 0.729478 0.777652 0.908418 1.04949 1.045 1.12957 1.0275 0.423803 0.486709 0.529197 0.585063 0.635 0.660321 0.614994 0.642026 0.64807 0.889004 1.02586 0.860181 0.888773 0.846179 0.72329 0.696256 0.822281 0.833869 0.815297 0.726911 0.745736 0.828972 0.873831 0.831924 0.798049 0.829376 0.82754 
Makima_iters3_phase_shifts5_NaiveFTFracDir_full_pi_is_1
 0.57289 1.21211 0.928728 1.10019 0.837079 0.861387 0.849683 0.833152 0.944262 0.444696 0.436773 0.516359 0.564463 0.60209 0.599469 0.613938 0.680137 0.702019 0.727558 0.686411 1.08001 0.923005 1.06107 1.07739 1.00273 1.02 0.95 0.420377 0.743636 0.608214 0.872431 0.633599 0.73509 0.723147 0.732095 0.787144 
Makima_iters3_phase_shifts3_Naive_full_pi_is_1
 0.696506 1.14552 1.15386 1.03114 0.852811 0.805884 0.875872 0.859804 0.835307 0.380327 0.401267 0.550245 0.590322 0.686941 0.606292 0.649251 0.623974 0.668665 0.620581 0.793988 0.849116 0.836384 0.820627 1.02803 0.99487 0.87321 0.899213 0.838568 0.972584 0.719015 0.809894 0.891833 0.690742 0.749459 0.763681 0.776253 
IDW_iters1_phase_shifts9_NaiveFTFracDir_full_pi_is_1
 1.19037 0.983787 0.954677 1.06444 1.02519 1.19564 1.1818 1.11865 1.06449 0.362028 0.431331 0.49943 0.582882 0.603364 0.681052 0.693529 0.675911 0.649069 1.0681 0.920281 0.786767 0.776588 0.745982 0.616626 0.642382 0.734142 0.638277 0.367656 0.669744 0.591427 0.650673 0.713683 0.77292 0.752791 0.743116 0.727279 
IDW_iters0_phase_shifts9_NaiveFTFracDir_full_pi_is_1
 1.19037 0.983787 0.954677 1.06444 1.02519 1.19564 1.1818 1.11865 1.06449 0.362028 0.431331 0.49943 0.582882 0.603364 0.681052 0.693529 0.675911 0.649069 1.0681 0.920281 0.786767 0.776588 0.745982 0.616626 0.642382 0.734142 0.638277 0.367656 0.669744 0.591427 0.650673 0.713683 0.77292 0.752791 0.743116 0.727279 
RBFTPS_iters2_phase_shifts9_NaiveFTFracDir_full_pi_is_0
 0.723703 0.546935 0.531569 0.695984 0.808218 0.871188 0.866253 1.01755 0.878499 0.347236 0.507221 0.501032 0.606334 0.689943 0.670156 0.669874 0.721976 0.644539 0.969806 1.20107 1.03713 1.01569 1.05918 0.88845 0.748776 0.80186 0.847934 1.01165 0.918354 0.755896 0.833468 0.896901 0.766608 0.728504 0.786045 0.763165 
RBFTPS_iters2_phase_shifts4_NaiveFTFracDir_full_pi_is_0
 0.64561 0.684162 0.607947 0.616282 0.798642 0.847328 0.821132 0.986753 0.843332 0.389171 0.484359 0.517556 0.584947 0.657019 0.658081 0.680648 0.685485 0.664186 0.899812 1.14568 1.02583 1.04144 1.07506 0.906331 1.06688 0.776008 0.754115 1.0284 1.10902 0.743519 0.818251 0.739583 0.746119 0.745612 0.771141 0.747419 
RBFBell_iters2_phase_shifts7_NaiveFTFracDir_full_pi_is_0
 0.497609 0.641347 0.610326 0.727854 0.821013 0.919859 0.895876 1.07853 0.91714 0.441204 0.456561 0.573909 0.543431 0.633575 0.673311 0.717869 0.762455 0.700226 1.34071 1.00167 0.963575 0.938676 1.03182 0.686613 0.893348 0.701426 0.877288 0.949019 0.8563 0.764452 0.865692 0.73957 0.792651 0.750952 0.756713 0.782928 
RBFGaussian_iters2_phase_shifts7_NaiveFTFracDir_full_pi_is_0
 0.497609 0.641347 0.610326 0.727854 0.821013 0.919859 0.895876 1.07853 0.91714 0.441204 0.456561 0.573909 0.543431 0.633575 0.673311 0.717869 0.762455 0.700226 1.34071 1.00167 0.963575 0.938676 1.03182 0.686613 0.893348 0.701426 0.877288 0.949019 0.8563 0.764452 0.865692 0.73957 0.792651 0.750952 0.756713 0.782928 
RBFMultiquadricAuto_iters2_phase_shifts7_NaiveFTFracDir_full_pi_is_1
 0.517468 0.5913 0.572995 0.677161 0.922479 0.928833 0.929686 1.01508 0.991133 0.473001 0.53888 0.685838 0.816989 0.891096 0.797756 0.835386 0.833658 0.793856 0.729355 0.845995 0.964475 0.86694 1.05254 1.07238 0.850129 1.0192 0.893347 0.502478 0.737734 0.731596 0.809672 0.701692 0.711845 0.717572 0.753247 0.743058 
IDW_iters4_phase_shifts7_NaiveFTFracDir_full_pi_is_0
 0.826818 0.744835 0.749578 0.70875 0.759483 0.820216 0.851541 0.731221 0.664334 0.384344 0.462299 0.573043 0.612194 0.654901 0.673423 0.698743 0.72901 0.791517 1.2621 1.2183 1.04011 1.10618 0.980247 0.943364 0.962828 0.796957 0.937279 0.497933 0.816215 0.651511 0.771344 0.682095 0.786379 0.762987 0.817329 0.827125 
RBFTPS_iters0_phase_shifts9_Naive_full_pi_is_1
 0.957545 0.749664 0.74252 0.820986 0.979519 1.06424 1.06091 1.08317 1.0111 0.432567 0.541498 0.558845 0.60833 0.625668 0.664142 0.637467 0.690271 0.642111 0.802307 0.870688 0.790561 0.726204 0.736868 0.865953 0.836101 0.827027 0.821146 0.876428 0.898774 0.748416 0.785684 0.838825 0.824236 0.807004 0.82988 0.827463 
RBFTPS_iters1_phase_shifts9_Naive_full_pi_is_1
 0.957545 0.749664 0.74252 0.820986 0.979519 1.06424 1.06091 1.08317 1.0111 0.432567 0.541498 0.558845 0.60833 0.625668 0.664142 0.637467 0.690271 0.642111 0.802307 0.870688 0.790561 0.726204 0.736868 0.865953 0.836101 0.827027 0.821146 0.876428 0.898774 0.748416 0.785684 0.838825 0.824236 0.807004 0.82988 0.827463 
RBFTPS_iters1_phase_shifts3_NaiveFTFracDir_full_pi_is_1
 1.0129 0.828513 0.784946 0.802393 0.985937 1.15136 1.17749 1.07001 1.0148 0.491931 0.42752 0.517216 0.58098 0.629985 0.62088 0.652495 0.68746 0.650338 1.25904 0.99423 0.799939 0.756136 0.788728 0.780144 0.715575 0.836103 0.730045 0.42563 0.680219 0.745383 0.75838 0.877593 0.757413 0.74096 0.736645 0.746265 
RBFTPS_iters0_phase_shifts3_NaiveFTFracDir_full_pi_is_1
 1.0129 0.828513 0.784946 0.802393 0.985937 1.15136 1.17749 1.07001 1.0148 0.491931 0.42752 0.517216 0.58098 0.629985 0.62088 0.652495 0.68746 0.650338 1.25904 0.99423 0.799939 0.756136 0.788728 0.780144 0.715575 0.836103 0.730045 0.42563 0.680219 0.745383 0.75838 0.877593 0.757413 0.74096 0.736645 0.746265 
IDW_iters4_phase_shifts6_NaiveFTFracDir_full_pi_is_1
 0.632398 1.1164 0.990276 0.803378 0.95341 0.924623 0.923887 0.905494 0.789579 0.386128 0.467504 0.511769 0.629053 0.550529 0.634528 0.706989 0.744901 0.745133 0.715226 0.767384 0.947902 0.903483 0.943336 1.02439 0.978286 0.931582 0.964974 0.540217 0.995583 0.647683 0.717655 0.771003 0.727776 0.801196 0.809633 0.818871 
Makima_iters4_phase_shifts9_Naive_full_pi_is_1
 0.576319 1.00964 0.936019 1.12334 0.855047 0.789168 0.796538 0.784898 0.758681 0.372747 0.445665 0.552537 0.559616 0.643999 0.606645 0.63806 0.683141 0.690343 0.693934 0.507683 0.755517 0.80799 0.729087 1.27659 1.144 1.01863 0.814934 1.25199 0.858794 0.788346 0.749489 0.653038 0.797476 0.803087 0.812188 0.871379 
RBFBell_iters1_phase_shifts7_NaiveFTFracDir_full_pi_is_0
 1.05506 0.71575 0.736545 0.746529 0.932599 0.999467 0.984487 0.977167 0.956732 0.40431 0.447117 0.532601 0.584249 0.63242 0.643871 0.635397 0.716498 0.644798 0.894082 1.07442 0.881899 0.887278 0.876041 0.856902 0.952036 0.848276 0.742148 1.05092 0.743821 0.694264 0.798213 0.8114 0.777892 0.748086 0.768838 0.761204 
RBFGaussian_iters1_phase_shifts7_NaiveFTFracDir_full_pi_is_0
 1.05506 0.71575 0.736545 0.746529 0.932599 0.999467 0.984487 0.977167 0.956732 0.40431 0.447117 0.532601 0.584249 0.63242 0.643871 0.635397 0.716498 0.644798 0.894082 1.07442 0.881899 0.887278 0.876041 0.856902 0.952036 0.848276 0.742148 1.05092 0.743821 0.694264 0.798213 0.8114 0.777892 0.748086 0.768838 0.761204 
RBFGaussian_iters0_phase_shifts7_NaiveFTFracDir_full_pi_is_0
 1.05506 0.71575 0.736545 0.746529 0.932599 0.999467 0.984487 0.977167 0.956732 0.40431 0.447117 0.532601 0.584249 0.63242 0.643871 0.635397 0.716498 0.644798 0.894082 1.07442 0.881899 0.887278 0.876041 0.856902 0.952036 0.848276 0.742148 1.05092 0.743821 0.694264 0.798213 0.8114 0.777892 0.748086 0.768838 0.761204 
RBFBell_iters0_phase_shifts7_NaiveFTFracDir_full_pi_is_0
 1.05506 0.71575 0.736545 0.746529 0.932599 0.999467 0.984487 0.977167 0.956732 0.40431 0.447117 0.532601 0.584249 0.63242 0.643871 0.635397 0.716498 0.644798 0.894082 1.07442 0.881899 0.887278 0.876041 0.856902 0.952036 0.848276 0.742148 1.05092 0.743821 0.694264 0.798213 0.8114 0.777892 0.748086 0.768838 0.761204 
RBFTPS_iters4_phase_shifts9_NaiveFTFracDir_full_pi_is_0
 0.722658 0.689168 0.717027 0.79036 0.792547 0.753245 0.71119 0.810416 0.716741 0.362699 0.384601 0.517081 0.592419 0.598189 0.692924 0.749089 0.796352 0.784071 0.95813 0.940206 1.0114 1.04544 0.957377 0.79373 0.941743 0.809931 0.892542 1.14509 0.915958 0.787491 0.937759 0.789144 0.829813 0.853579 0.855095 0.873941 
IDW_iters4_phase_shifts9_NaiveFTFracDir_full_pi_is_1
 0.862865 0.755748 0.836514 0.731731 0.886735 0.895092 0.885124 0.891049 0.785802 0.339213 0.406227 0.549167 0.608114 0.533744 0.617611 0.740103 0.728427 0.717254 0.704389 0.779415 0.901668 1.1871 1.03003 1.11925 1.02818 0.953342 1.05025 0.623793 0.861553 0.695162 0.758681 0.70016 0.757504 0.827264 0.824128 0.819834 
Makima_iters3_phase_shifts8_Naive_full_pi_is_1
 0.556863 1.22695 1.22559 1.15459 0.871547 0.808372 0.814407 0.847936 0.951412 0.37809 0.39305 0.541581 0.560715 0.726886 0.633455 0.657528 0.637093 0.654444 0.651551 0.525878 0.860505 0.81858 0.763674 1.1328 1.08992 0.982259 0.693817 0.475986 0.886529 0.729833 0.733534 0.937577 0.737649 0.774309 0.830403 0.832922 
IDW_iters2_phase_shifts6_Naive_full_pi_is_1
 0.886083 0.885926 1.04288 1.02869 0.965538 0.985043 0.984207 1.09698 0.960127 0.371914 0.417534 0.496626 0.641449 0.627198 0.647593 0.668622 0.64945 0.665218 0.748485 0.893587 0.792258 0.751525 0.779131 1.15166 0.901585 0.889145 0.805328 0.392861 0.656652 0.733251 0.835945 0.774415 0.747683 0.823845 0.832425 0.832001 
RBFBell_iters1_phase_shifts2_Naive_full_pi_is_1
 0.749887 0.67733 0.684623 0.652034 1.0262 0.99473 0.991459 1.07429 0.987854 0.505447 0.623193 0.624313 0.669078 0.685172 0.676548 0.606781 0.642384 0.719905 0.943603 0.970465 0.846282 0.810679 0.843612 0.868503 0.828556 0.922501 0.939612 0.918386 0.796734 0.759373 0.729143 0.803809 0.784415 0.777452 0.789853 0.802013 
RBFBell_iters0_phase_shifts2_Naive_full_pi_is_1
 0.749887 0.67733 0.684623 0.652034 1.0262 0.99473 0.991459 1.07429 0.987854 0.505447 0.623193 0.624313 0.669078 0.685172 0.676548 0.606781 0.642384 0.719905 0.943603 0.970465 0.846282 0.810679 0.843612 0.868503 0.828556 0.922501 0.939612 0.918386 0.796734 0.759373 0.729143 0.803809 0.784415 0.777452 0.789853 0.802013 
RBFGaussian_iters1_phase_shifts2_Naive_full_pi_is_1
 0.749887 0.67733 0.684623 0.652034 1.0262 0.99473 0.991459 1.07429 0.987854 0.505447 0.623193 0.624313 0.669078 0.685172 0.676548 0.606781 0.642384 0.719905 0.943603 0.970465 0.846282 0.810679 0.843612 0.868503 0.828556 0.922501 0.939612 0.918386 0.796734 0.759373 0.729143 0.803809 0.784415 0.777452 0.789853 0.802013 
RBFGaussian_iters0_phase_shifts2_Naive_full_pi_is_1
 0.749887 0.67733 0.684623 0.652034 1.0262 0.99473 0.991459 1.07429 0.987854 0.505447 0.623193 0.624313 0.669078 0.685172 0.676548 0.606781 0.642384 0.719905 0.943603 0.970465 0.846282 0.810679 0.843612 0.868503 0.828556 0.922501 0.939612 0.918386 0.796734 0.759373 0.729143 0.803809 0.784415 0.777452 0.789853 0.802013 
Makima_iters1_phase_shifts3_Naive_full_pi_is_0
 1.03108 0.746743 0.723886 0.749844 0.963502 1.14809 1.14248 1.09596 1.15893 0.370079 0.402 0.536019 0.508421 0.596957 0.693659 0.617911 0.677784 0.642623 0.786834 1.0009 0.816079 0.871888 0.799062 0.76566 0.631399 0.738197 0.837007 0.939047 0.810178 0.771158 0.800872 0.838109 0.798399 0.761421 0.793766 0.789142 
Makima_iters0_phase_shifts3_Naive_full_pi_is_0
 1.03108 0.746743 0.723886 0.749844 0.963502 1.14809 1.14248 1.09596 1.15893 0.370079 0.402 0.536019 0.508421 0.596957 0.693659 0.617911 0.677784 0.642623 0.786834 1.0009 0.816079 0.871888 0.799062 0.76566 0.631399 0.738197 0.837007 0.939047 0.810178 0.771158 0.800872 0.838109 0.798399 0.761421 0.793766 0.789142 
RBFGaussian_iters2_phase_shifts4_NaiveFTFracDir_full_pi_is_0
 0.840004 0.6017 0.594417 0.624298 0.854779 0.85618 0.858233 0.995935 0.943562 0.467184 0.48813 0.608665 0.523947 0.684132 0.699882 0.720637 0.745449 0.706045 0.901968 1.03823 1.01695 1.01303 1.08007 0.799087 0.823267 0.751959 0.974943 1.07354 0.841267 0.735742 0.848008 0.747443 0.778466 0.788908 0.771306 0.797796 
RBFBell_iters2_phase_shifts4_NaiveFTFracDir_full_pi_is_0
 0.840004 0.6017 0.594417 0.624298 0.854779 0.85618 0.858233 0.995935 0.943562 0.467184 0.48813 0.608665 0.523947 0.684132 0.699882 0.720637 0.745449 0.706045 0.901968 1.03823 1.01695 1.01303 1.08007 0.799087 0.823267 0.751959 0.974943 1.07354 0.841267 0.735742 0.848008 0.747443 0.778466 0.788908 0.771306 0.797796 
RBFGaussian_iters3_phase_shifts9_NaiveFTFracDir_full_pi_is_0
 0.724031 0.697239 0.697062 0.783863 0.816563 0.831024 0.832365 0.952162 0.969633 0.449309 0.526662 0.658892 0.63405 0.701248 0.735771 0.786838 0.840275 0.805092 0.980871 0.985467 0.98317 0.97387 0.941186 0.718741 0.774129 0.68269 0.878302 0.487454 0.862449 0.804093 0.956508 0.841852 0.849206 0.8619 0.870625 0.854096 
RBFBell_iters3_phase_shifts9_NaiveFTFracDir_full_pi_is_0
 0.724031 0.697239 0.697062 0.783863 0.816563 0.831024 0.832365 0.952162 0.969633 0.449309 0.526662 0.658892 0.63405 0.701248 0.735771 0.786838 0.840275 0.805092 0.980871 0.985467 0.98317 0.97387 0.941186 0.718741 0.774129 0.68269 0.878302 0.487454 0.862449 0.804093 0.956508 0.841852 0.849206 0.8619 0.870625 0.854096 
IDW_iters1_phase_shifts6_NaiveFTFracDir_full_pi_is_1
 1.21047 1.01897 0.991949 0.924005 1.00442 1.18965 1.1866 1.10358 1.06543 0.374683 0.407205 0.55123 0.577972 0.612624 0.647457 0.655931 0.680325 0.644836 1.10802 0.888547 0.754938 0.778905 0.760308 0.640118 0.681779 0.81131 0.662877 0.403166 0.725263 0.574663 0.675158 0.745883 0.805253 0.765338 0.755669 0.737955 
IDW_iters0_phase_shifts6_NaiveFTFracDir_full_pi_is_1
 1.21047 1.01897 0.991949 0.924005 1.00442 1.18965 1.1866 1.10358 1.06543 0.374683 0.407205 0.55123 0.577972 0.612624 0.647457 0.655931 0.680325 0.644836 1.10802 0.888547 0.754938 0.778905 0.760308 0.640118 0.681779 0.81131 0.662877 0.403166 0.725263 0.574663 0.675158 0.745883 0.805253 0.765338 0.755669 0.737955 
Makima_iters4_phase_shifts6_NaiveFTFracDir_full_pi_is_1
 0.747256 0.688882 0.793014 0.771502 0.869215 0.852613 0.807491 0.845549 0.749643 0.410323 0.417905 0.507104 0.578051 0.636223 0.676273 0.661797 0.695779 0.72011 0.722253 0.5681 1.02769 0.838225 1.02506 1.26765 1.29705 1.16225 0.984055 0.53163 0.860236 0.667608 0.869355 0.815614 0.867249 0.774511 0.810265 0.806009 
Makima_iters4_phase_shifts4_Naive_full_pi_is_1
 0.562624 0.830373 0.798658 1.03085 0.954664 0.856262 0.858702 0.772431 0.764023 0.380181 0.43596 0.52788 0.564023 0.65271 0.610634 0.688872 0.704448 0.731843 0.678313 0.757442 0.78342 0.834598 0.76468 1.31323 1.05986 0.929429 0.936458 1.38259 0.870065 0.73314 0.747289 0.651398 0.724366 0.803151 0.849676 0.805841 
Makima_iters3_phase_shifts5_Naive_full_pi_is_1
 0.552001 1.18296 1.18677 1.08718 0.863512 0.799265 0.80502 0.835829 0.936028 0.388965 0.399757 0.539169 0.580083 0.73318 0.598344 0.652997 0.62661 0.663615 0.639571 0.541629 0.860627 0.827443 0.777084 1.0759 1.04942 0.933655 0.831046 1.0272 0.857656 0.711622 0.790248 0.932166 0.726224 0.766701 0.814983 0.802364 
RBFTPS_iters3_phase_shifts4_Naive_full_pi_is_1
 0.504553 0.812409 0.871106 0.888907 0.95612 0.886224 0.874178 1.22507 0.978238 0.40485 0.407135 0.536208 0.629138 0.646602 0.628327 0.670233 0.677541 0.704254 0.756123 0.707933 0.796688 0.786625 0.853732 1.01673 1.02861 0.942648 1.0461 0.587743 0.824714 0.728051 0.874837 0.954356 0.794049 0.834921 0.865561 0.855626 
RBFGaussian_iters3_phase_shifts3_NaiveFTFracDir_full_pi_is_0
 0.849007 0.472938 0.882631 0.706355 0.848505 0.883315 0.879475 0.863764 0.918778 0.47667 0.57367 0.659021 0.679983 0.741358 0.788676 0.8108 0.855761 0.844846 0.92809 0.853942 0.935929 1.00568 0.910199 0.743863 0.840476 0.669869 0.871206 0.503069 1.14983 0.764038 0.910608 0.718993 0.80374 0.846534 0.836747 0.810901 
RBFBell_iters3_phase_shifts3_NaiveFTFracDir_full_pi_is_0
 0.849007 0.472938 0.882631 0.706355 0.848505 0.883315 0.879475 0.863764 0.918778 0.47667 0.57367 0.659021 0.679983 0.741358 0.788676 0.8108 0.855761 0.844846 0.92809 0.853942 0.935929 1.00568 0.910199 0.743863 0.840476 0.669869 0.871206 0.503069 1.14983 0.764038 0.910608 0.718993 0.80374 0.846534 0.836747 0.810901 
RBFBell_iters0_phase_shifts6_NaiveFTFracDir_full_pi_is_0
 1.0046 0.709969 0.756583 0.748147 0.873792 1.00986 1.0008 1.01491 0.947535 0.409381 0.424871 0.518258 0.581488 0.623897 0.612044 0.644449 0.669253 0.668803 0.995115 1.15115 0.933496 0.942614 0.88126 0.90382 0.962157 0.881367 0.655558 0.968204 0.727808 0.676115 0.785071 0.808842 0.829651 0.746361 0.774671 0.775207 
RBFGaussian_iters0_phase_shifts6_NaiveFTFracDir_full_pi_is_0
 1.0046 0.709969 0.756583 0.748147 0.873792 1.00986 1.0008 1.01491 0.947535 0.409381 0.424871 0.518258 0.581488 0.623897 0.612044 0.644449 0.669253 0.668803 0.995115 1.15115 0.933496 0.942614 0.88126 0.90382 0.962157 0.881367 0.655558 0.968204 0.727808 0.676115 0.785071 0.808842 0.829651 0.746361 0.774671 0.775207 
RBFBell_iters1_phase_shifts6_NaiveFTFracDir_full_pi_is_0
 1.0046 0.709969 0.756583 0.748147 0.873792 1.00986 1.0008 1.01491 0.947535 0.409381 0.424871 0.518258 0.581488 0.623897 0.612044 0.644449 0.669253 0.668803 0.995115 1.15115 0.933496 0.942614 0.88126 0.90382 0.962157 0.881367 0.655558 0.968204 0.727808 0.676115 0.785071 0.808842 0.829651 0.746361 0.774671 0.775207 
RBFGaussian_iters1_phase_shifts6_NaiveFTFracDir_full_pi_is_0
 1.0046 0.709969 0.756583 0.748147 0.873792 1.00986 1.0008 1.01491 0.947535 0.409381 0.424871 0.518258 0.581488 0.623897 0.612044 0.644449 0.669253 0.668803 0.995115 1.15115 0.933496 0.942614 0.88126 0.90382 0.962157 0.881367 0.655558 0.968204 0.727808 0.676115 0.785071 0.808842 0.829651 0.746361 0.774671 0.775207 
RBFTPS_iters3_phase_shifts4_NaiveFTFracDir_full_pi_is_0
 0.683024 0.735872 0.707725 0.647044 0.729625 0.943662 0.92621 0.908347 0.785953 0.399779 0.441049 0.553767 0.553982 0.586871 0.69281 0.702465 0.706013 0.716202 0.888123 1.12895 1.06059 1.09845 1.04825 0.836532 0.854433 0.782516 0.943446 1.05848 1.05931 0.751816 0.839936 0.723899 0.740731 0.788319 0.789388 0.79326 
RBFTPS_iters5_phase_shifts3_Naive_full_pi_is_1
 0.578224 0.840212 0.845855 1.0558 0.930541 0.83747 0.848072 0.930991 0.916484 0.371599 0.399081 0.569494 0.651409 0.687177 0.686499 0.747967 0.759141 0.81902 0.717794 0.681741 0.830026 0.834124 0.898848 0.93062 1.03083 0.95842 1.06478 0.701057 0.886911 0.772512 0.831172 0.738747 0.829077 0.844267 0.863207 0.880492 
IDW_iters3_phase_shifts4_NaiveFTFracDir_full_pi_is_1
 0.86289 0.870025 0.782325 0.850155 0.916749 1.02115 1.00786 1.02333 0.966842 0.383896 0.469228 0.510254 0.566804 0.62354 0.615765 0.679913 0.687259 0.697401 0.712431 0.763067 0.986666 0.805693 1.06493 1.059 0.86199 0.807401 0.857352 0.929641 0.797275 0.727589 0.876077 0.684222 0.782157 0.824468 0.818872 0.821272 
RBFTPS_iters3_phase_shifts6_NaiveFTFracDir_full_pi_is_0
 0.69512 0.608527 0.60416 0.689335 0.7898 0.933036 0.925529 0.97846 0.857153 0.367814 0.46028 0.535431 0.546577 0.544115 0.64256 0.788865 0.71592 0.719131 0.98201 1.11328 1.07863 1.0811 1.00636 0.844655 0.805888 0.795876 0.909115 0.981998 0.944098 0.749613 0.878828 0.817897 0.771477 0.805524 0.816949 0.828974 
RBFTPS_iters7_phase_shifts2_NaiveFTFracDir_full_pi_is_0
 1.32277 1.0088 0.743023 0.85737 0.707273 0.81275 0.833939 0.819491 0.685399 0.372322 0.438388 0.549471 0.572738 0.611926 0.653189 0.687205 0.694977 0.713936 0.662765 1.0121 1.04285 1.0994 1.00369 0.734285 0.731698 0.777422 0.943071 0.988786 0.884859 0.717426 0.789899 0.696578 0.752073 0.840946 0.897528 0.893308 
Makima_iters5_phase_shifts2_NaiveFTFracDir_full_pi_is_0
 1.093 0.936719 0.992448 0.94025 0.881214 0.908223 0.854224 0.869315 0.75194 0.437658 0.493995 0.4592 0.549854 0.588859 0.681559 0.698667 0.712138 0.759975 0.829286 1.04175 1.08148 1.08993 0.951943 0.804492 0.888963 0.946323 0.90123 0.397627 0.817818 0.581096 0.753349 0.70972 0.786108 0.736307 0.836428 0.822372 
Makima_iters6_phase_shifts2_NaiveFTFracDir_full_pi_is_0
 1.18437 0.850552 0.920109 0.875478 0.859211 0.852581 0.863807 0.830128 0.716412 0.536825 0.568084 0.500032 0.569825 0.58077 0.70248 0.715959 0.740998 0.790191 0.838098 1.08704 1.09549 1.109 0.947421 0.862625 0.816206 0.955581 0.907818 0.432701 0.830985 0.601563 0.681683 0.672062 0.721561 0.735717 0.866774 0.844587 
Makima_iters3_phase_shifts4_NaiveFTFracDir_full_pi_is_0
 0.886344 1.03912 0.928608 0.839003 0.894134 1.30664 0.893304 0.947068 0.781419 0.378459 0.412779 0.555265 0.529892 0.564994 0.621943 0.639361 0.639863 0.676946 0.908633 0.874741 0.96476 0.981374 0.976957 0.743892 1.08779 0.771456 0.784768 1.00754 0.811789 0.652569 0.756063 0.737691 0.689573 0.735493 0.758802 0.76871 
RBFTPS_iters3_phase_shifts3_NaiveFTFracDir_full_pi_is_1
 0.545436 0.633679 0.670946 1.0171 1.16917 0.919136 1.01815 1.02654 0.882303 0.39917 0.492687 0.523088 0.58832 0.585593 0.674521 0.696637 0.694217 0.70891 0.595035 0.745963 1.19216 0.918462 1.01771 0.85279 0.830135 0.905531 1.0496 0.702811 0.923566 0.674653 0.866931 0.787682 0.808975 0.808011 0.834775 0.814202 
Makima_iters2_phase_shifts3_Naive_full_pi_is_0
 0.538228 0.730352 0.727897 0.786709 0.857995 0.89478 0.893066 1.01976 0.918293 0.351133 0.403924 0.478211 0.547852 0.598338 0.611883 0.657234 0.630049 0.633684 0.781571 0.905511 0.883793 0.917731 0.915061 0.846673 0.815866 0.850176 0.860211 1.44183 1.18417 0.718331 0.922176 0.873145 0.739952 0.811429 0.854675 0.84146 
Makima_iters2_phase_shifts2_NaiveFTFracDir_full_pi_is_1
 0.769793 1.22515 1.21035 1.19144 0.955241 1.03822 1.03011 1.0181 0.930779 0.528626 0.459175 0.54984 0.560587 0.595182 0.629919 0.639868 0.676861 0.673845 0.738804 0.874085 1.24529 0.832016 0.816029 0.800066 0.777153 0.817178 0.873432 0.472898 0.531771 0.57928 0.765391 0.707886 0.707022 0.71727 0.718326 0.713612 
RBFTPS_iters6_phase_shifts2_NaiveFTFracDir_full_pi_is_0
 1.03184 1.0662 1.24131 0.718736 0.800019 0.843493 0.813874 0.766584 0.65089 0.380675 0.400714 0.535393 0.579159 0.596127 0.662846 0.67684 0.700391 0.708829 0.685697 1.05961 1.08351 1.12684 0.970724 0.752084 0.723437 0.76716 0.919043 0.979712 0.880227 0.716726 0.777112 0.730647 0.726726 0.812803 0.864957 0.857293 
RBFTPS_iters3_phase_shifts8_NaiveFTFracDir_full_pi_is_0
 0.713433 0.565395 0.576107 0.699693 0.800773 0.934815 0.935938 1.00132 0.939159 0.382011 0.428133 0.559896 0.558986 0.567412 0.683186 0.743121 0.738207 0.75848 0.973965 1.13606 1.07101 1.06152 1.01131 0.859896 0.745688 0.777379 0.926036 1.08468 0.846818 0.780258 0.887243 0.731673 0.761309 0.786899 0.796517 0.855802 
IDW_iters3_phase_shifts6_NaiveFTFracDir_full_pi_is_1
 0.986979 1.15262 1.35912 0.737621 0.905162 0.919899 0.942604 1.00587 0.956332 0.437671 0.442567 0.495514 0.586709 0.598208 0.619132 0.704946 0.719665 0.738887 0.621672 0.81972 0.979628 0.762987 0.988537 1.01435 0.841275 0.84247 0.913143 0.55848 0.786702 0.643644 0.711582 0.644166 0.739444 0.784601 0.790657 0.816664 
RBFGaussian_iters3_phase_shifts9_NaiveFTFracDir_full_pi_is_1
 0.437467 0.836875 0.826025 0.81054 0.873595 0.901331 0.929962 1.05555 1.001 0.573512 0.564374 0.613959 0.701512 0.706644 0.721303 0.775373 0.779877 0.75157 0.732119 0.643591 0.927089 0.810672 1.06645 1.0388 1.04821 0.933922 1.05588 0.552316 0.747896 0.718143 0.871764 0.713781 0.804057 0.779568 0.799406 0.792124 
RBFBell_iters3_phase_shifts9_NaiveFTFracDir_full_pi_is_1
 0.437467 0.836875 0.826025 0.81054 0.873595 0.901331 0.929962 1.05555 1.001 0.573512 0.564374 0.613959 0.701512 0.706644 0.721303 0.775373 0.779877 0.75157 0.732119 0.643591 0.927089 0.810672 1.06645 1.0388 1.04821 0.933922 1.05588 0.552316 0.747896 0.718143 0.871764 0.713781 0.804057 0.779568 0.799406 0.792124 
RBFTPS_iters1_phase_shifts8_Naive_full_pi_is_1
 0.957554 0.745557 0.738408 0.816169 0.976016 1.06174 1.05655 1.21421 1.00756 0.425189 0.521767 0.539809 0.591378 0.612558 0.658002 0.625462 0.681283 0.632678 0.801163 0.871647 0.790302 0.731694 0.744537 0.869568 0.839284 0.830206 0.821859 1.15027 0.845178 0.724846 0.79579 0.847053 0.823999 0.803537 0.821637 0.819015 
RBFTPS_iters0_phase_shifts8_Naive_full_pi_is_1
 0.957554 0.745557 0.738408 0.816169 0.976016 1.06174 1.05655 1.21421 1.00756 0.425189 0.521767 0.539809 0.591378 0.612558 0.658002 0.625462 0.681283 0.632678 0.801163 0.871647 0.790302 0.731694 0.744537 0.869568 0.839284 0.830206 0.821859 1.15027 0.845178 0.724846 0.79579 0.847053 0.823999 0.803537 0.821637 0.819015 
Makima_iters4_phase_shifts2_NaiveFTFracDir_full_pi_is_1
 0.774171 1.17156 1.0726 1.13388 0.940552 0.818111 0.876907 0.932342 0.826617 0.43672 0.530117 0.534871 0.606655 0.607174 0.59081 0.631919 0.66085 0.741784 0.647512 0.704208 1.01993 1.0163 0.950267 1.14876 1.20312 0.871517 0.825927 0.655846 0.763456 0.641009 0.828211 0.598072 0.636526 0.717948 0.728297 0.728052 
RBFTPS_iters6_phase_shifts2_Naive_full_pi_is_1
 0.844972 0.910906 0.895701 1.04484 0.875164 0.908747 0.894655 0.945343 0.808988 0.420736 0.41368 0.544668 0.692623 0.716809 0.735601 0.76178 0.748251 0.788065 0.777125 0.699747 0.850065 0.859519 0.890626 0.731394 0.898036 0.806579 1.02042 0.791748 0.986899 0.791963 0.827277 0.740691 0.822312 0.841569 0.869104 0.873226 
RBFBell_iters2_phase_shifts3_NaiveFTFracDir_full_pi_is_0
 0.741429 0.487825 0.572191 0.514019 0.823274 0.849228 0.841981 1.0184 0.91097 0.514811 0.553371 0.589716 0.616027 0.660733 0.697476 0.720007 0.822167 0.720038 1.34511 1.03773 0.987909 0.978118 1.03004 0.744573 0.812851 0.67003 0.884974 0.996727 0.97863 0.820234 0.804924 0.817658 0.802204 0.809032 0.7709 0.789367 
RBFGaussian_iters2_phase_shifts3_NaiveFTFracDir_full_pi_is_0
 0.741429 0.487825 0.572191 0.514019 0.823274 0.849228 0.841981 1.0184 0.91097 0.514811 0.553371 0.589716 0.616027 0.660733 0.697476 0.720007 0.822167 0.720038 1.34511 1.03773 0.987909 0.978118 1.03004 0.744573 0.812851 0.67003 0.884974 0.996727 0.97863 0.820234 0.804924 0.817658 0.802204 0.809032 0.7709 0.789367 
RBFTPS_iters4_phase_shifts5_NaiveFTFracDir_full_pi_is_1
 0.754316 0.720834 0.710555 0.83089 0.845664 0.841841 0.856008 0.945359 0.834585 0.416166 0.413806 0.545103 0.599851 0.632238 0.615563 0.707353 0.756184 0.738143 0.730145 0.718121 1.03567 0.91113 1.13757 1.13403 1.01887 1.05465 1.10047 0.628026 0.839912 0.642371 0.967664 0.681508 0.804773 0.839435 0.873077 0.851804 
RBFGaussian_iters3_phase_shifts8_NaiveFTFracDir_full_pi_is_0
 0.679405 0.714913 0.640411 0.741974 0.841061 0.846077 0.861298 0.987883 0.853985 0.47891 0.528339 0.615619 0.629294 0.702593 0.743986 0.794178 0.856819 0.815188 1.05813 0.946114 0.937259 0.99397 1.00179 0.705339 0.825411 0.681401 0.894479 0.571656 0.888842 0.914353 0.935258 0.896948 0.865008 0.846701 0.863645 0.860998 
RBFBell_iters3_phase_shifts8_NaiveFTFracDir_full_pi_is_0
 0.679405 0.714913 0.640411 0.741974 0.841061 0.846077 0.861298 0.987883 0.853985 0.47891 0.528339 0.615619 0.629294 0.702593 0.743986 0.794178 0.856819 0.815188 1.05813 0.946114 0.937259 0.99397 1.00179 0.705339 0.825411 0.681401 0.894479 0.571656 0.888842 0.914353 0.935258 0.896948 0.865008 0.846701 0.863645 0.860998 
RBFTPS_iters4_phase_shifts6_NaiveFTFracDir_full_pi_is_1
 0.719298 0.754825 0.757108 0.835846 0.871315 0.867296 0.877902 0.904293 0.838343 0.403521 0.421642 0.551654 0.62041 0.600707 0.654045 0.718089 0.733822 0.742555 0.779635 0.676521 0.923317 0.870792 1.0085 1.23714 1.13101 1.03631 1.0892 0.722145 0.963167 0.656714 0.894709 0.683464 0.775449 0.793842 0.817708 0.825297 
IDW_iters4_phase_shifts5_NaiveFTFracDir_full_pi_is_0
 0.91821 0.818974 0.859212 1.06787 0.788382 0.848645 0.868979 0.784599 0.663841 0.363041 0.472597 0.578594 0.594825 0.647371 0.648791 0.667984 0.721834 0.764261 1.20693 1.15261 1.01594 1.0908 0.971359 0.810831 0.926808 0.763301 0.909425 0.483109 0.885629 0.681001 0.772478 0.694796 0.811639 0.775736 0.822667 0.852313 
Makima_iters3_phase_shifts4_Naive_full_pi_is_1
 0.579971 1.19469 1.17993 1.062 0.836284 0.893351 0.852872 0.827791 0.932813 0.397494 0.399755 0.53812 0.58605 0.704161 0.610874 0.655039 0.622914 0.665699 0.63859 0.799211 0.861504 0.902491 0.795989 1.06606 1.02894 0.915949 0.999258 0.810789 0.842403 0.741164 0.78638 0.906842 0.706491 0.758188 0.781339 0.792627 
RBFMultiquadricAuto_iters1_phase_shifts4_NaiveFTFracDir_full_pi_is_1
 0.826639 0.796068 0.798776 0.739209 0.975623 1.11327 1.04608 1.09903 1.03713 0.493534 0.558063 0.597985 0.667997 0.771883 0.780133 0.779837 0.774557 0.75385 1.336 0.999517 0.83802 0.784716 0.768018 0.640094 0.78165 0.884293 0.811073 0.376025 0.658078 0.689942 0.722311 0.815386 0.777584 0.737901 0.776283 0.736462 
RBFMultiquadricAuto_iters0_phase_shifts4_NaiveFTFracDir_full_pi_is_1
 0.826639 0.796068 0.798776 0.739209 0.975623 1.11327 1.04608 1.09903 1.03713 0.493534 0.558063 0.597985 0.667997 0.771883 0.780133 0.779837 0.774557 0.75385 1.336 0.999517 0.83802 0.784716 0.768018 0.640094 0.78165 0.884293 0.811073 0.376025 0.658078 0.689942 0.722311 0.815386 0.777584 0.737901 0.776283 0.736462 
Makima_iters3_phase_shifts6_NaiveFTFracDir_full_pi_is_0
 0.928971 0.797878 0.742369 0.832429 0.826305 0.954908 0.987785 1.07022 0.895949 0.443405 0.48134 0.560242 0.522391 0.512203 0.619076 0.618623 0.630317 0.683586 1.02951 0.888929 0.947831 0.968421 0.900824 0.813248 0.868452 0.805891 0.824377 1.47152 0.960297 0.683348 0.730342 0.670638 0.704739 0.717133 0.747653 0.760609 
RBFTPS_iters4_phase_shifts8_NaiveFTFracDir_full_pi_is_0
 0.743497 0.624655 0.668003 0.749625 0.798518 0.757505 0.771193 0.792843 0.72311 0.371285 0.380082 0.52323 0.581476 0.608206 0.706986 0.72923 0.790253 0.790471 0.856434 0.97395 1.05122 1.08324 0.99462 0.797079 1.18265 0.828031 0.967226 1.10036 0.821379 0.802764 0.947479 0.793721 0.835044 0.863832 0.871446 0.887818 
RBFTPS_iters4_phase_shifts7_NaiveFTFracDir_full_pi_is_0
 0.997553 0.807632 0.805814 0.860128 0.798033 0.904303 0.907655 0.748493 0.74022 0.355001 0.390671 0.56151 0.634894 0.630522 0.724349 0.772867 0.805841 0.79442 0.810918 0.920984 1.02222 1.06739 0.973724 0.772852 1.04474 0.808002 0.95723 0.401095 0.89811 0.7861 0.941828 0.774966 0.828037 0.856851 0.864279 0.870545 
RBFTPS_iters7_phase_shifts2_Naive_full_pi_is_1
 0.919869 0.901817 0.885017 0.902468 0.820206 0.901357 0.90595 0.92735 0.86756 0.410992 0.440324 0.589824 0.690901 0.726619 0.698775 0.761353 0.764359 0.819394 0.838926 0.703848 0.848678 0.876895 0.897208 0.699526 0.87886 0.817243 1.01772 0.871489 0.936081 0.804556 0.826104 0.741618 0.850797 0.836567 0.872351 0.882317 
RBFBell_iters0_phase_shifts9_NaiveFTFracDir_full_pi_is_0
 1.03705 0.753338 0.74866 0.823197 0.937583 1.02784 1.01886 0.999392 0.958504 0.411486 0.457642 0.509527 0.561859 0.640051 0.651701 0.686108 0.710714 0.669367 0.929548 1.06306 0.888529 0.895652 0.848453 0.904478 0.874163 0.850465 0.693864 1.09248 0.759164 0.700377 0.809589 0.820194 0.814828 0.761986 0.787187 0.791353 
RBFGaussian_iters1_phase_shifts9_NaiveFTFracDir_full_pi_is_0
 1.03705 0.753338 0.74866 0.823197 0.937583 1.02784 1.01886 0.999392 0.958504 0.411486 0.457642 0.509527 0.561859 0.640051 0.651701 0.686108 0.710714 0.669367 0.929548 1.06306 0.888529 0.895652 0.848453 0.904478 0.874163 0.850465 0.693864 1.09248 0.759164 0.700377 0.809589 0.820194 0.814828 0.761986 0.787187 0.791353 
RBFBell_iters1_phase_shifts9_NaiveFTFracDir_full_pi_is_0
 1.03705 0.753338 0.74866 0.823197 0.937583 1.02784 1.01886 0.999392 0.958504 0.411486 0.457642 0.509527 0.561859 0.640051 0.651701 0.686108 0.710714 0.669367 0.929548 1.06306 0.888529 0.895652 0.848453 0.904478 0.874163 0.850465 0.693864 1.09248 0.759164 0.700377 0.809589 0.820194 0.814828 0.761986 0.787187 0.791353 
RBFGaussian_iters0_phase_shifts9_NaiveFTFracDir_full_pi_is_0
 1.03705 0.753338 0.74866 0.823197 0.937583 1.02784 1.01886 0.999392 0.958504 0.411486 0.457642 0.509527 0.561859 0.640051 0.651701 0.686108 0.710714 0.669367 0.929548 1.06306 0.888529 0.895652 0.848453 0.904478 0.874163 0.850465 0.693864 1.09248 0.759164 0.700377 0.809589 0.820194 0.814828 0.761986 0.787187 0.791353 
IDW_iters9_phase_shifts2_NaiveFTFracDir_full_pi_is_0
 0.781178 0.793322 0.888599 0.656127 0.669018 0.878608 0.934789 0.693378 0.531777 0.513432 0.740177 0.799546 0.805486 0.767974 0.760106 0.798 0.793785 0.861685 0.633342 1.00905 0.979597 1.04729 0.980348 1.00522 1.05559 0.889857 1.04889 0.579058 0.87462 0.746067 0.661002 0.721773 0.674147 0.788267 0.846344 0.84126 
RBFTPS_iters3_phase_shifts2_Naive_full_pi_is_0
 0.750651 0.680852 0.744925 0.841383 0.791511 0.793836 0.796356 0.926885 0.865949 0.360957 0.391813 0.544296 0.646301 0.691249 0.702202 0.690923 0.715848 0.735813 0.730192 1.00574 1.01442 1.06285 0.972751 0.87749 0.781104 0.769258 0.9365 0.936587 0.78995 0.822741 1.07286 0.881692 0.896725 0.889208 0.912439 0.921264 
Makima_iters0_phase_shifts5_Naive_full_pi_is_0
 1.08448 0.760573 0.803939 0.709518 1.03851 1.05154 1.19196 1.15399 1.03386 0.384142 0.416799 0.522853 0.574226 0.652692 0.728973 0.656493 0.713082 0.675363 0.809087 0.981964 0.770943 0.812492 0.76585 0.743855 0.726411 0.750199 0.825455 0.944064 0.841673 0.802867 0.806394 0.847086 0.829269 0.77967 0.812988 0.805522 
Makima_iters1_phase_shifts5_Naive_full_pi_is_0
 1.08448 0.760573 0.803939 0.709518 1.03851 1.05154 1.19196 1.15399 1.03386 0.384142 0.416799 0.522853 0.574226 0.652692 0.728973 0.656493 0.713082 0.675363 0.809087 0.981964 0.770943 0.812492 0.76585 0.743855 0.726411 0.750199 0.825455 0.944064 0.841673 0.802867 0.806394 0.847086 0.829269 0.77967 0.812988 0.805522 
RBFGaussian_iters3_phase_shifts8_NaiveFTFracDir_full_pi_is_1
 0.430741 0.780253 0.755849 0.800927 0.898742 0.90805 0.906691 0.959565 0.89868 0.477233 0.520433 0.644795 0.727699 0.737683 0.724881 0.765135 0.790176 0.761078 0.686011 0.648704 1.01171 0.815304 1.15758 1.05387 1.07524 0.956758 1.07038 0.836551 0.827847 0.679223 0.861644 0.681187 0.745732 0.803487 0.78047 0.775191 
RBFBell_iters3_phase_shifts8_NaiveFTFracDir_full_pi_is_1
 0.430741 0.780253 0.755849 0.800927 0.898742 0.90805 0.906691 0.959565 0.89868 0.477233 0.520433 0.644795 0.727699 0.737683 0.724881 0.765135 0.790176 0.761078 0.686011 0.648704 1.01171 0.815304 1.15758 1.05387 1.07524 0.956758 1.07038 0.836551 0.827847 0.679223 0.861644 0.681187 0.745732 0.803487 0.78047 0.775191 
IDW_iters4_phase_shifts4_NaiveFTFracDir_full_pi_is_0
 0.83509 1.09731 1.02309 0.925743 0.8356 0.942367 0.967794 0.771676 0.681842 0.350517 0.494653 0.546709 0.578321 0.610951 0.654698 0.674477 0.705824 0.74145 1.26404 1.0165 0.954417 1.21823 1.00418 0.783443 0.850835 0.764468 0.876164 0.439028 1.08938 0.629592 0.687108 0.638324 0.725453 0.681294 0.760482 0.751569 
RBFMultiquadricAuto_iters1_phase_shifts9_NaiveFTFracDir_full_pi_is_1
 0.917974 0.798371 0.769907 0.750829 0.996128 1.07683 1.04283 1.0924 1.03089 0.571978 0.595382 0.642309 0.669521 0.731301 0.715909 0.724394 0.728068 0.705255 1.34216 0.942818 0.825985 0.729717 0.825251 0.806145 0.711245 0.839992 0.797023 0.731936 0.766601 0.574118 0.73255 0.79776 0.765676 0.732633 0.74149 0.743511 
RBFMultiquadricAuto_iters0_phase_shifts9_NaiveFTFracDir_full_pi_is_1
 0.917974 0.798371 0.769907 0.750829 0.996128 1.07683 1.04283 1.0924 1.03089 0.571978 0.595382 0.642309 0.669521 0.731301 0.715909 0.724394 0.728068 0.705255 1.34216 0.942818 0.825985 0.729717 0.825251 0.806145 0.711245 0.839992 0.797023 0.731936 0.766601 0.574118 0.73255 0.79776 0.765676 0.732633 0.74149 0.743511 
Makima_iters7_phase_shifts3_NaiveFTFracDir_full_pi_is_0
 1.15741 0.883849 0.810632 0.66356 0.911676 0.891955 0.891614 0.747213 0.651064 0.41693 0.583006 0.568752 0.6122 0.661023 0.74777 0.766288 0.78335 0.839809 0.675483 1.06459 1.06209 1.0825 0.920966 0.825897 0.89641 0.969146 0.917337 0.343862 1.02076 0.657203 0.716077 0.680471 0.772673 0.805422 0.924456 0.898989 
Makima_iters2_phase_shifts4_Naive_full_pi_is_0
 0.555927 0.821326 0.692379 0.752208 0.922564 1.02958 1.02458 1.09195 1.02983 0.357089 0.41512 0.482762 0.56587 0.603646 0.620063 0.657116 0.649472 0.640407 0.771902 0.882392 0.878556 0.912483 0.858076 0.855222 0.818499 0.856993 0.854431 0.95079 1.02294 0.795725 1.06943 0.912846 0.80856 0.857515 0.889648 0.889386 
RBFBell_iters1_phase_shifts3_NaiveFTFracDir_full_pi_is_1
 1.10203 0.852646 0.838656 0.842745 1.01654 1.10943 1.19311 1.14287 1.06661 0.456182 0.500004 0.553715 0.639015 0.663984 0.686931 0.681475 0.714386 0.700953 1.25046 0.943753 0.741743 0.703206 0.7576 0.727734 0.671316 0.719008 0.736309 0.481891 0.697975 0.711121 0.825805 0.841117 0.801853 0.78552 0.778256 0.783679 
RBFBell_iters0_phase_shifts3_NaiveFTFracDir_full_pi_is_1
 1.10203 0.852646 0.838656 0.842745 1.01654 1.10943 1.19311 1.14287 1.06661 0.456182 0.500004 0.553715 0.639015 0.663984 0.686931 0.681475 0.714386 0.700953 1.25046 0.943753 0.741743 0.703206 0.7576 0.727734 0.671316 0.719008 0.736309 0.481891 0.697975 0.711121 0.825805 0.841117 0.801853 0.78552 0.778256 0.783679 
RBFGaussian_iters0_phase_shifts3_NaiveFTFracDir_full_pi_is_1
 1.10203 0.852646 0.838656 0.842745 1.01654 1.10943 1.19311 1.14287 1.06661 0.456182 0.500004 0.553715 0.639015 0.663984 0.686931 0.681475 0.714386 0.700953 1.25046 0.943753 0.741743 0.703206 0.7576 0.727734 0.671316 0.719008 0.736309 0.481891 0.697975 0.711121 0.825805 0.841117 0.801853 0.78552 0.778256 0.783679 
RBFGaussian_iters1_phase_shifts3_NaiveFTFracDir_full_pi_is_1
 1.10203 0.852646 0.838656 0.842745 1.01654 1.10943 1.19311 1.14287 1.06661 0.456182 0.500004 0.553715 0.639015 0.663984 0.686931 0.681475 0.714386 0.700953 1.25046 0.943753 0.741743 0.703206 0.7576 0.727734 0.671316 0.719008 0.736309 0.481891 0.697975 0.711121 0.825805 0.841117 0.801853 0.78552 0.778256 0.783679 
Makima_iters4_phase_shifts8_NaiveFTFracDir_full_pi_is_1
 0.868596 0.7661 1.03446 0.94456 0.76435 1.12924 0.884537 0.854748 0.783148 0.371387 0.426962 0.499933 0.578416 0.590801 0.669747 0.636852 0.66439 0.679422 0.69948 0.539059 1.00637 0.805528 1.05457 1.38477 1.30388 1.12696 0.902798 0.657564 0.901539 0.618362 0.714926 0.603875 0.713638 0.749037 0.750172 0.763702 
IDW_iters5_phase_shifts8_NaiveFTFracDir_full_pi_is_1
 0.819298 0.902022 0.76359 0.905881 0.927164 0.909237 0.932539 0.878005 0.793561 0.382975 0.480625 0.505189 0.631726 0.604738 0.671765 0.743161 0.762689 0.781187 0.802907 0.635905 0.856948 0.95621 1.0555 0.959509 1.17463 0.986327 0.975311 0.823001 0.868898 0.706627 0.783173 0.681623 0.80092 0.832753 0.859078 0.852286 
RBFTPS_iters3_phase_shifts9_NaiveFTFracDir_full_pi_is_0
 0.699145 0.580894 0.60809 0.72856 0.784411 0.945225 0.949958 1.10837 0.95967 0.376003 0.439346 0.483379 0.542416 0.550739 0.636088 0.707219 0.719458 0.716473 0.989799 1.13548 1.07473 1.07036 1.00648 0.874154 0.798376 0.795046 0.879098 1.00273 0.912508 0.788689 0.89512 0.774197 0.810324 0.808939 0.811223 0.823502 
RBFTPS_iters2_phase_shifts8_NaiveFTFracDir_full_pi_is_0
 0.680242 0.550335 0.554377 0.656342 0.824625 0.91579 0.909959 0.999023 0.871996 0.377242 0.495416 0.506951 0.611046 0.672618 0.672637 0.698128 0.710724 0.642383 1.09558 1.22658 1.09878 1.07209 1.06268 0.983117 0.763294 0.790623 0.746255 1.18262 0.817181 0.738321 0.865308 0.772398 0.79444 0.759584 0.809515 0.797297 
RBFGaussian_iters3_phase_shifts6_NaiveFTFracDir_full_pi_is_1
 0.425214 0.784795 0.801678 0.759381 0.921438 0.921561 0.941246 1.07886 0.977542 0.509237 0.478106 0.623059 0.679592 0.746135 0.721696 0.787778 0.796728 0.753246 0.687597 0.639348 0.95071 0.82585 1.05344 1.04259 1.08044 0.959269 1.08541 0.720512 0.892003 0.678937 0.889176 0.643727 0.721182 0.831821 0.780956 0.792771 
RBFBell_iters3_phase_shifts6_NaiveFTFracDir_full_pi_is_1
 0.425214 0.784795 0.801678 0.759381 0.921438 0.921561 0.941246 1.07886 0.977542 0.509237 0.478106 0.623059 0.679592 0.746135 0.721696 0.787778 0.796728 0.753246 0.687597 0.639348 0.95071 0.82585 1.05344 1.04259 1.08044 0.959269 1.08541 0.720512 0.892003 0.678937 0.889176 0.643727 0.721182 0.831821 0.780956 0.792771 
IDW_iters2_phase_shifts9_NaiveFTFracDir_full_pi_is_0
 0.925799 1.01159 1.05119 0.770904 0.839944 0.982262 0.974831 1.00247 0.878487 0.380277 0.431459 0.533923 0.584968 0.535288 0.620073 0.668329 0.671499 0.714265 1.29237 1.02783 0.891031 0.902508 0.979605 0.759435 0.710647 0.729755 0.75301 0.915339 0.871573 0.821986 0.803983 0.782744 0.796611 0.713429 0.75976 0.763273 
RBFTPS_iters4_phase_shifts2_NaiveFTFracDir_full_pi_is_1
 0.377429 1.2237 0.88359 0.965586 0.916697 0.886779 0.943451 1.01756 0.844406 0.42585 0.46166 0.52504 0.661031 0.721133 0.693272 0.688853 0.746161 0.786967 0.708192 0.722562 0.974512 0.947283 0.974822 0.964004 0.820654 0.920996 1.0616 0.770864 0.676301 0.751285 0.940696 0.666638 0.745992 0.816127 0.835051 0.829681 
IDW_iters0_phase_shifts8_NaiveFTFracDir_full_pi_is_1
 1.3737 1.08619 1.03071 1.00447 1.03247 1.26009 1.17732 1.07873 1.08793 0.385893 0.391542 0.494292 0.607774 0.612137 0.622392 0.680434 0.688789 0.639108 1.04666 0.861716 0.691955 0.771386 0.739545 0.729327 0.661301 0.729366 0.686768 0.391907 0.737001 0.597217 0.668356 0.727067 0.761916 0.777484 0.766044 0.742471 
IDW_iters1_phase_shifts8_NaiveFTFracDir_full_pi_is_1
 1.3737 1.08619 1.03071 1.00447 1.03247 1.26009 1.17732 1.07873 1.08793 0.385893 0.391542 0.494292 0.607774 0.612137 0.622392 0.680434 0.688789 0.639108 1.04666 0.861716 0.691955 0.771386 0.739545 0.729327 0.661301 0.729366 0.686768 0.391907 0.737001 0.597217 0.668356 0.727067 0.761916 0.777484 0.766044 0.742471 
IDW_iters2_phase_shifts8_Naive_full_pi_is_1
 0.868374 0.899569 0.924487 1.05669 0.973191 0.980367 0.979314 1.09958 0.932078 0.373332 0.417594 0.529308 0.631321 0.623367 0.627499 0.66487 0.650351 0.664351 0.793903 0.827851 0.775373 0.740196 0.775184 1.16296 0.90763 0.874757 0.861848 1.00801 0.766152 0.763984 0.834494 0.76038 0.706844 0.82897 0.837262 0.824275 
Makima_iters3_phase_shifts5_NaiveFTFracDir_full_pi_is_0
 0.885835 0.696815 0.638334 0.764517 0.808351 1.04244 0.95433 1.02337 0.885092 0.419873 0.504206 0.545913 0.548903 0.532212 0.661244 0.644414 0.647122 0.686782 1.00623 0.977218 1.05144 1.05145 0.961038 0.863528 0.977673 0.841606 0.824352 0.940378 0.92777 0.814645 0.81955 0.76693 0.781447 0.82316 0.829398 0.845646 
Makima_iters6_phase_shifts2_Naive_full_pi_is_1
 0.671824 1.11739 1.12856 1.11928 1.00379 1.1614 1.04595 1.00602 0.885755 0.392708 0.43618 0.498986 0.622014 0.66351 0.621391 0.646176 0.691887 0.708295 0.674502 0.893384 0.916485 0.927179 0.906493 0.796862 0.83709 0.858925 0.964624 0.376995 0.901473 0.636795 0.765558 0.786611 0.693514 0.779098 0.800076 0.78125 
RBFBell_iters1_phase_shifts7_Naive_full_pi_is_1
 1.08213 0.801539 0.811258 0.760504 0.977174 1.15496 1.14859 1.00808 1.02606 0.476191 0.522195 0.584266 0.633208 0.66095 0.679076 0.635999 0.702425 0.687154 0.848748 0.937815 0.810251 0.760281 0.796694 0.892494 0.860951 0.931509 0.906544 0.448118 0.932714 0.736777 0.756517 0.839804 0.788654 0.782644 0.805629 0.812917 
RBFBell_iters0_phase_shifts7_Naive_full_pi_is_1
 1.08213 0.801539 0.811258 0.760504 0.977174 1.15496 1.14859 1.00808 1.02606 0.476191 0.522195 0.584266 0.633208 0.66095 0.679076 0.635999 0.702425 0.687154 0.848748 0.937815 0.810251 0.760281 0.796694 0.892494 0.860951 0.931509 0.906544 0.448118 0.932714 0.736777 0.756517 0.839804 0.788654 0.782644 0.805629 0.812917 
RBFGaussian_iters0_phase_shifts7_Naive_full_pi_is_1
 1.08213 0.801539 0.811258 0.760504 0.977174 1.15496 1.14859 1.00808 1.02606 0.476191 0.522195 0.584266 0.633208 0.66095 0.679076 0.635999 0.702425 0.687154 0.848748 0.937815 0.810251 0.760281 0.796694 0.892494 0.860951 0.931509 0.906544 0.448118 0.932714 0.736777 0.756517 0.839804 0.788654 0.782644 0.805629 0.812917 
RBFGaussian_iters1_phase_shifts7_Naive_full_pi_is_1
 1.08213 0.801539 0.811258 0.760504 0.977174 1.15496 1.14859 1.00808 1.02606 0.476191 0.522195 0.584266 0.633208 0.66095 0.679076 0.635999 0.702425 0.687154 0.848748 0.937815 0.810251 0.760281 0.796694 0.892494 0.860951 0.931509 0.906544 0.448118 0.932714 0.736777 0.756517 0.839804 0.788654 0.782644 0.805629 0.812917 
RBFTPS_iters5_phase_shifts2_NaiveFTFracDir_full_pi_is_1
 0.471979 0.963939 1.00205 1.00952 1.0071 0.940589 0.922409 0.953606 0.864602 0.427704 0.445154 0.542919 0.659423 0.623176 0.677176 0.683994 0.721783 0.742338 0.606966 0.777467 0.939728 1.04065 0.999484 1.15833 0.955866 0.996873 1.06221 0.681296 0.688502 0.646978 0.765981 0.754871 0.747464 0.793473 0.810435 0.807618 
Makima_iters4_phase_shifts9_NaiveFTFracDir_full_pi_is_1
 0.592403 0.840418 0.832766 0.876606 0.739771 0.823888 0.813052 0.881986 0.783319 0.421941 0.378767 0.475941 0.515145 0.511656 0.601379 0.638059 0.652722 0.673141 0.723324 0.563742 1.03106 0.793734 1.07555 1.39691 1.48135 1.21635 0.988882 0.729978 0.964472 0.695293 0.818917 0.643179 0.788562 0.790259 0.800494 0.833905 
RBFGaussian_iters3_phase_shifts5_NaiveFTFracDir_full_pi_is_1
 0.375274 0.748598 0.713905 0.741363 0.894035 0.867742 0.887522 1.10539 0.991506 0.714773 0.555414 0.634838 0.706815 0.721641 0.696155 0.7738 0.768675 0.763847 0.703714 0.641501 1.14483 0.857258 1.12779 1.01866 1.15011 0.898941 1.04873 0.53473 0.806792 0.679387 0.860038 0.729062 0.763213 0.796175 0.794296 0.786555 
RBFBell_iters3_phase_shifts5_NaiveFTFracDir_full_pi_is_1
 0.375274 0.748598 0.713905 0.741363 0.894035 0.867742 0.887522 1.10539 0.991506 0.714773 0.555414 0.634838 0.706815 0.721641 0.696155 0.7738 0.768675 0.763847 0.703714 0.641501 1.14483 0.857258 1.12779 1.01866 1.15011 0.898941 1.04873 0.53473 0.806792 0.679387 0.860038 0.729062 0.763213 0.796175 0.794296 0.786555 
RBFTPS_iters4_phase_shifts4_NaiveFTFracDir_full_pi_is_1
 0.5956 0.787513 0.704508 0.813347 0.861206 0.892253 0.890781 0.927937 0.820478 0.410383 0.427538 0.601114 0.621781 0.736294 0.716954 0.775041 0.739155 0.752352 0.614428 0.753446 1.05868 0.971242 1.08803 1.03458 0.931798 1.02876 1.08459 0.582422 0.882101 0.698218 0.932418 0.792187 0.814692 0.859622 0.88473 0.956209 
Makima_iters4_phase_shifts7_Naive_full_pi_is_1
 0.570282 1.12542 1.02168 1.20628 0.906182 0.824305 0.835129 0.817005 0.792421 0.348843 0.429924 0.540847 0.565346 0.656036 0.624292 0.664409 0.704646 0.724373 0.694008 0.524363 0.762167 0.820886 0.733181 1.32607 1.1139 0.980166 0.81697 1.28029 0.859438 0.757456 0.725679 0.646549 0.753311 0.795722 0.80184 0.860457 
IDW_iters2_phase_shifts9_Naive_full_pi_is_1
 0.867349 0.91237 0.927 1.06263 0.973237 0.981055 0.980033 1.10449 0.932936 0.368617 0.41168 0.519776 0.633371 0.624026 0.625675 0.6647 0.650597 0.665773 0.806909 0.857458 0.787703 0.748678 0.784342 1.17141 0.912891 0.880908 0.868085 1.06469 0.674391 0.742254 0.809119 0.759027 0.703236 0.820743 0.847837 0.817961 
IDW_iters5_phase_shifts2_Naive_full_pi_is_1
 0.658924 1.06842 1.06388 1.10198 0.973768 1.03245 1.03165 0.894994 0.804942 0.387143 0.465577 0.489418 0.682705 0.726538 0.68173 0.718567 0.739434 0.749642 0.619459 0.71345 0.860452 0.876819 1.10804 0.859106 0.965812 0.743975 0.919263 0.672412 0.925925 0.726416 0.762283 0.685764 0.773237 0.817935 0.860895 0.850526 
IDW_iters1_phase_shifts4_Naive_full_pi_is_0
 1.13914 0.910885 0.896893 0.915142 0.952064 1.0986 1.0939 1.07687 1.00776 0.349695 0.417883 0.514399 0.583946 0.637116 0.723427 0.627836 0.705922 0.738967 0.886568 0.958065 0.804727 0.849552 0.775606 0.663026 0.649328 0.639144 0.680748 1.10734 0.766887 0.835024 0.846362 0.825466 0.882952 0.768134 0.793647 0.788746 
IDW_iters0_phase_shifts4_Naive_full_pi_is_0
 1.13914 0.910885 0.896893 0.915142 0.952064 1.0986 1.0939 1.07687 1.00776 0.349695 0.417883 0.514399 0.583946 0.637116 0.723427 0.627836 0.705922 0.738967 0.886568 0.958065 0.804727 0.849552 0.775606 0.663026 0.649328 0.639144 0.680748 1.10734 0.766887 0.835024 0.846362 0.825466 0.882952 0.768134 0.793647 0.788746 
RBFTPS_iters2_phase_shifts6_NaiveFTFracDir_full_pi_is_0
 0.711172 0.568507 0.587994 0.716026 0.8353 0.903508 0.904083 1.06767 0.914352 0.353532 0.478177 0.513187 0.654612 0.67445 0.668644 0.672846 0.731195 0.677052 0.935975 1.1497 1.02739 1.01994 1.06362 0.853179 0.748898 0.780468 0.852823 1.19338 0.938916 0.822693 0.848207 0.97265 0.769765 0.749513 0.788221 0.783572 
RBFGaussian_iters2_phase_shifts9_NaiveFTFracDir_full_pi_is_0
 0.604859 0.590553 0.722218 0.698796 0.866226 0.874736 0.869979 1.01756 0.922614 0.488078 0.448097 0.552536 0.606486 0.709822 0.671923 0.729494 0.786226 0.709522 1.21282 1.08026 1.04212 0.993255 1.07722 0.759147 0.824989 0.719588 0.837618 0.970628 0.833815 0.799746 0.907407 0.88442 0.831149 0.787506 0.806136 0.827085 
RBFBell_iters2_phase_shifts9_NaiveFTFracDir_full_pi_is_0
 0.604859 0.590553 0.722218 0.698796 0.866226 0.874736 0.869979 1.01756 0.922614 0.488078 0.448097 0.552536 0.606486 0.709822 0.671923 0.729494 0.786226 0.709522 1.21282 1.08026 1.04212 0.993255 1.07722 0.759147 0.824989 0.719588 0.837618 0.970628 0.833815 0.799746 0.907407 0.88442 0.831149 0.787506 0.806136 0.827085 
RBFGaussian_iters4_phase_shifts1_Naive_full_pi_is_1
 0.787383 0.499086 0.501495 0.466927 0.827278 0.806337 0.8076 0.725356 0.671594 0.855575 0.807795 0.87257 0.848097 0.917895 0.884508 0.942272 0.915201 0.92192 0.753827 0.845552 1.06165 1.07126 1.06211 0.726034 0.854022 0.823974 0.993506 0.554998 0.928929 0.709419 0.882 0.619484 0.738176 0.870357 0.827849 0.824565 
RBFBell_iters4_phase_shifts1_NaiveFTFracDir_full_pi_is_0
 0.787383 0.499086 0.501495 0.466927 0.827278 0.806337 0.8076 0.725356 0.671594 0.855575 0.807795 0.87257 0.848097 0.917895 0.884508 0.942272 0.915201 0.92192 0.753827 0.845552 1.06165 1.07126 1.06211 0.726034 0.854022 0.823974 0.993506 0.554998 0.928929 0.709419 0.882 0.619484 0.738176 0.870357 0.827849 0.824565 
RBFBell_iters4_phase_shifts1_NaiveFTFracDir_full_pi_is_1
 0.787383 0.499086 0.501495 0.466927 0.827278 0.806337 0.8076 0.725356 0.671594 0.855575 0.807795 0.87257 0.848097 0.917895 0.884508 0.942272 0.915201 0.92192 0.753827 0.845552 1.06165 1.07126 1.06211 0.726034 0.854022 0.823974 0.993506 0.554998 0.928929 0.709419 0.882 0.619484 0.738176 0.870357 0.827849 0.824565 
RBFBell_iters4_phase_shifts1_Naive_full_pi_is_0
 0.787383 0.499086 0.501495 0.466927 0.827278 0.806337 0.8076 0.725356 0.671594 0.855575 0.807795 0.87257 0.848097 0.917895 0.884508 0.942272 0.915201 0.92192 0.753827 0.845552 1.06165 1.07126 1.06211 0.726034 0.854022 0.823974 0.993506 0.554998 0.928929 0.709419 0.882 0.619484 0.738176 0.870357 0.827849 0.824565 
RBFGaussian_iters4_phase_shifts1_Naive_full_pi_is_0
 0.787383 0.499086 0.501495 0.466927 0.827278 0.806337 0.8076 0.725356 0.671594 0.855575 0.807795 0.87257 0.848097 0.917895 0.884508 0.942272 0.915201 0.92192 0.753827 0.845552 1.06165 1.07126 1.06211 0.726034 0.854022 0.823974 0.993506 0.554998 0.928929 0.709419 0.882 0.619484 0.738176 0.870357 0.827849 0.824565 
RBFGaussian_iters4_phase_shifts1_NaiveFTFracDir_full_pi_is_1
 0.787383 0.499086 0.501495 0.466927 0.827278 0.806337 0.8076 0.725356 0.671594 0.855575 0.807795 0.87257 0.848097 0.917895 0.884508 0.942272 0.915201 0.92192 0.753827 0.845552 1.06165 1.07126 1.06211 0.726034 0.854022 0.823974 0.993506 0.554998 0.928929 0.709419 0.882 0.619484 0.738176 0.870357 0.827849 0.824565 
RBFBell_iters4_phase_shifts1_Naive_full_pi_is_1
 0.787383 0.499086 0.501495 0.466927 0.827278 0.806337 0.8076 0.725356 0.671594 0.855575 0.807795 0.87257 0.848097 0.917895 0.884508 0.942272 0.915201 0.92192 0.753827 0.845552 1.06165 1.07126 1.06211 0.726034 0.854022 0.823974 0.993506 0.554998 0.928929 0.709419 0.882 0.619484 0.738176 0.870357 0.827849 0.824565 
RBFGaussian_iters4_phase_shifts1_NaiveFTFracDir_full_pi_is_0
 0.787383 0.499086 0.501495 0.466927 0.827278 0.806337 0.8076 0.725356 0.671594 0.855575 0.807795 0.87257 0.848097 0.917895 0.884508 0.942272 0.915201 0.92192 0.753827 0.845552 1.06165 1.07126 1.06211 0.726034 0.854022 0.823974 0.993506 0.554998 0.928929 0.709419 0.882 0.619484 0.738176 0.870357 0.827849 0.824565 
IDW_iters2_phase_shifts2_NaiveFTFracDir_full_pi_is_1
 0.686264 1.1752 1.06541 0.839284 0.948439 1.06784 1.03353 1.00168 0.971641 0.451129 0.504567 0.585354 0.56982 0.593187 0.593352 0.638025 0.684422 0.699652 0.626297 0.787651 1.32107 0.85021 0.842081 1.03358 0.890304 0.81583 0.836372 0.85621 0.575666 0.636367 0.901828 0.706106 0.744551 0.760783 0.787772 0.774428 
RBFTPS_iters6_phase_shifts3_Naive_full_pi_is_1
 0.64318 0.801888 0.804087 1.03729 0.957448 0.873191 0.882303 0.919538 0.864696 0.360637 0.446143 0.57341 0.648858 0.680291 0.691369 0.737067 0.751318 0.797741 0.664164 0.651165 0.808605 0.807129 0.89637 0.87984 1.06424 0.978089 1.08151 1.11781 0.866799 0.738488 0.786342 0.765881 0.876306 0.878545 0.881613 0.907897 
Makima_iters2_phase_shifts7_Naive_full_pi_is_0
 0.733949 0.720958 0.750701 0.773635 0.956992 1.08014 1.07334 1.22 1.13999 0.371894 0.407579 0.501751 0.602927 0.627042 0.648672 0.767115 0.684886 0.682762 0.726013 0.93499 0.811996 0.850926 0.816464 0.79664 0.760288 0.819077 0.824367 1.04367 0.7253 0.837339 0.860148 0.960579 0.871915 0.824261 0.885828 0.885363 
Makima_iters1_phase_shifts8_Naive_full_pi_is_0
 1.09675 0.806829 0.837693 0.751228 1.11521 1.11131 1.10705 1.15621 1.06857 0.385992 0.420157 0.525022 0.567757 0.660644 0.732392 0.673147 0.719435 0.682325 0.807379 0.929747 0.779253 0.798503 0.780839 0.726956 0.709487 0.727858 0.822973 0.944931 0.855419 0.712096 0.819296 0.879869 0.83251 0.79901 0.824013 0.821045 
Makima_iters0_phase_shifts8_Naive_full_pi_is_0
 1.09675 0.806829 0.837693 0.751228 1.11521 1.11131 1.10705 1.15621 1.06857 0.385992 0.420157 0.525022 0.567757 0.660644 0.732392 0.673147 0.719435 0.682325 0.807379 0.929747 0.779253 0.798503 0.780839 0.726956 0.709487 0.727858 0.822973 0.944931 0.855419 0.712096 0.819296 0.879869 0.83251 0.79901 0.824013 0.821045 
IDW_iters3_phase_shifts3_NaiveFTFracDir_full_pi_is_1
 0.879464 0.77872 1.03385 0.871515 0.997587 1.00333 1.00621 1.24605 0.92457 0.421481 0.515026 0.557487 0.583242 0.591578 0.656468 0.75788 0.730005 0.744077 0.544744 0.767166 0.932496 0.874088 1.00887 0.9478 0.991228 0.832305 0.824804 0.788969 0.783452 0.725051 0.788731 0.769143 0.805484 0.786126 0.812108 0.811957 
Makima_iters0_phase_shifts4_Naive_full_pi_is_0
 1.0747 0.745808 0.764852 0.799203 0.992695 1.17381 1.16789 1.12486 1.02584 0.382548 0.410055 0.532576 0.568429 0.686343 0.720806 0.640796 0.707843 0.671885 0.795325 0.996962 0.818756 0.861007 0.796291 0.757588 0.744375 0.736352 0.833202 0.918233 0.906441 0.806491 0.788496 0.855321 0.818046 0.772895 0.807957 0.800992 
Makima_iters1_phase_shifts4_Naive_full_pi_is_0
 1.0747 0.745808 0.764852 0.799203 0.992695 1.17381 1.16789 1.12486 1.02584 0.382548 0.410055 0.532576 0.568429 0.686343 0.720806 0.640796 0.707843 0.671885 0.795325 0.996962 0.818756 0.861007 0.796291 0.757588 0.744375 0.736352 0.833202 0.918233 0.906441 0.806491 0.788496 0.855321 0.818046 0.772895 0.807957 0.800992 
RBFGaussian_iters3_phase_shifts6_NaiveFTFracDir_full_pi_is_0
 0.721351 0.638112 0.641 0.771994 0.842882 0.919274 0.960165 0.960517 0.87726 0.486841 0.531426 0.65769 0.646008 0.745454 0.750753 0.802733 0.8527 0.790618 0.990852 0.917387 0.96431 0.970786 1.01368 0.681614 0.79311 0.666874 0.871846 1.0737 0.803279 0.786411 0.908892 0.845108 0.85223 0.853734 0.874154 0.862377 
RBFBell_iters3_phase_shifts6_NaiveFTFracDir_full_pi_is_0
 0.721351 0.638112 0.641 0.771994 0.842882 0.919274 0.960165 0.960517 0.87726 0.486841 0.531426 0.65769 0.646008 0.745454 0.750753 0.802733 0.8527 0.790618 0.990852 0.917387 0.96431 0.970786 1.01368 0.681614 0.79311 0.666874 0.871846 1.0737 0.803279 0.786411 0.908892 0.845108 0.85223 0.853734 0.874154 0.862377 
IDW_iters2_phase_shifts7_Naive_full_pi_is_1
 0.86675 0.893363 0.912884 1.04305 0.970012 0.987478 0.986422 1.09871 0.927505 0.360872 0.408897 0.52978 0.63745 0.615381 0.626288 0.663158 0.646532 0.660664 0.760632 0.865367 0.793775 0.755441 0.790837 1.16922 0.920726 0.904899 0.863778 1.13459 0.664998 0.763247 0.827739 0.770934 0.699095 0.824094 0.832895 0.81841 
RBFGaussian_iters1_phase_shifts4_NaiveFTFracDir_full_pi_is_1
 1.12754 0.83455 0.825318 0.875792 1.00892 1.05751 1.0496 1.1751 1.14848 0.390914 0.423992 0.506325 0.603243 0.641046 0.663997 0.705501 0.715889 0.707905 1.27581 0.925148 0.725173 0.678863 0.744512 0.750494 0.765759 0.875045 0.846925 0.551146 0.781543 0.658385 0.831878 0.836137 0.81413 0.774305 0.780789 0.772361 
RBFBell_iters0_phase_shifts4_NaiveFTFracDir_full_pi_is_1
 1.12754 0.83455 0.825318 0.875792 1.00892 1.05751 1.0496 1.1751 1.14848 0.390914 0.423992 0.506325 0.603243 0.641046 0.663997 0.705501 0.715889 0.707905 1.27581 0.925148 0.725173 0.678863 0.744512 0.750494 0.765759 0.875045 0.846925 0.551146 0.781543 0.658385 0.831878 0.836137 0.81413 0.774305 0.780789 0.772361 
RBFBell_iters1_phase_shifts4_NaiveFTFracDir_full_pi_is_1
 1.12754 0.83455 0.825318 0.875792 1.00892 1.05751 1.0496 1.1751 1.14848 0.390914 0.423992 0.506325 0.603243 0.641046 0.663997 0.705501 0.715889 0.707905 1.27581 0.925148 0.725173 0.678863 0.744512 0.750494 0.765759 0.875045 0.846925 0.551146 0.781543 0.658385 0.831878 0.836137 0.81413 0.774305 0.780789 0.772361 
RBFGaussian_iters0_phase_shifts4_NaiveFTFracDir_full_pi_is_1
 1.12754 0.83455 0.825318 0.875792 1.00892 1.05751 1.0496 1.1751 1.14848 0.390914 0.423992 0.506325 0.603243 0.641046 0.663997 0.705501 0.715889 0.707905 1.27581 0.925148 0.725173 0.678863 0.744512 0.750494 0.765759 0.875045 0.846925 0.551146 0.781543 0.658385 0.831878 0.836137 0.81413 0.774305 0.780789 0.772361 
IDW_iters1_phase_shifts3_NaiveFTFracDir_full_pi_is_1
 1.20568 0.951075 0.938367 0.875315 1.01914 1.17594 1.22838 1.19374 1.09499 0.423641 0.427932 0.519062 0.62102 0.630845 0.661662 0.672929 0.694485 0.664096 1.26629 0.885084 0.743329 0.778877 0.766148 0.719792 0.689721 0.768691 0.624343 0.606477 0.695906 0.602885 0.725219 0.779755 0.810844 0.74818 0.747452 0.730818 
IDW_iters0_phase_shifts3_NaiveFTFracDir_full_pi_is_1
 1.20568 0.951075 0.938367 0.875315 1.01914 1.17594 1.22838 1.19374 1.09499 0.423641 0.427932 0.519062 0.62102 0.630845 0.661662 0.672929 0.694485 0.664096 1.26629 0.885084 0.743329 0.778877 0.766148 0.719792 0.689721 0.768691 0.624343 0.606477 0.695906 0.602885 0.725219 0.779755 0.810844 0.74818 0.747452 0.730818 
Makima_iters4_phase_shifts5_NaiveFTFracDir_full_pi_is_1
 0.637288 0.976596 1.08999 1.09624 0.930904 0.889327 0.879537 0.923924 0.786496 0.376186 0.426724 0.524006 0.603671 0.563005 0.684106 0.670787 0.687435 0.707888 0.726833 0.61731 0.990789 0.842384 1.05813 1.24081 1.15632 1.12001 0.936531 0.636176 0.825978 0.642068 0.822137 0.636694 0.682241 0.797999 0.796555 0.831426 
RBFGaussian_iters2_phase_shifts3_NaiveFTFracDir_full_pi_is_1
 0.601419 0.796823 0.784309 0.768189 0.928712 0.985524 0.980885 1.06591 0.991733 0.540199 0.565101 0.612267 0.677663 0.697219 0.713902 0.753991 0.767409 0.735376 0.65815 0.831496 1.17818 0.819374 0.951965 1.07356 0.88595 0.87541 0.996823 0.532333 0.906807 0.712746 0.887017 0.79403 0.764636 0.799705 0.79609 0.794504 
RBFBell_iters2_phase_shifts3_NaiveFTFracDir_full_pi_is_1
 0.601419 0.796823 0.784309 0.768189 0.928712 0.985524 0.980885 1.06591 0.991733 0.540199 0.565101 0.612267 0.677663 0.697219 0.713902 0.753991 0.767409 0.735376 0.65815 0.831496 1.17818 0.819374 0.951965 1.07356 0.88595 0.87541 0.996823 0.532333 0.906807 0.712746 0.887017 0.79403 0.764636 0.799705 0.79609 0.794504 
RBFMultiquadricAuto_iters2_phase_shifts5_NaiveFTFracDir_full_pi_is_1
 0.412365 0.544571 0.563454 0.642962 0.87926 0.909319 0.893173 1.00913 0.90021 0.69024 0.694935 0.860511 0.897632 1.01558 0.864714 0.902851 0.890788 0.857608 0.801848 0.844423 0.979453 0.902967 0.898052 0.91095 0.901698 0.961501 1.05595 0.616531 0.700996 0.735514 0.850003 0.730792 0.708007 0.744453 0.763269 0.772298 
Makima_iters2_phase_shifts8_Naive_full_pi_is_1
 0.763815 1.04844 1.0452 1.13518 0.985981 0.941323 0.94321 0.953443 0.926617 0.45692 0.456039 0.526679 0.569554 0.591001 0.557301 0.595836 0.61269 0.614088 0.680836 0.696926 0.793883 0.810474 0.771859 1.01108 0.986818 0.951078 1.0195 1.3904 0.836046 0.667703 0.752362 0.718939 0.748636 0.739328 0.768643 0.762585 
RBFGaussian_iters2_phase_shifts2_NaiveFTFracDir_full_pi_is_1
 0.702134 0.779617 0.759067 0.787724 0.922667 1.02426 1.06917 1.08493 0.978687 0.516115 0.599944 0.614428 0.613982 0.740498 0.703781 0.754516 0.709195 0.707425 0.654596 0.896954 1.17537 0.861135 0.905585 1.03009 0.997834 0.860884 1.02345 0.507464 0.645616 0.773242 0.818122 0.771359 0.802071 0.792914 0.798227 0.798418 
RBFBell_iters2_phase_shifts2_NaiveFTFracDir_full_pi_is_1
 0.702134 0.779617 0.759067 0.787724 0.922667 1.02426 1.06917 1.08493 0.978687 0.516115 0.599944 0.614428 0.613982 0.740498 0.703781 0.754516 0.709195 0.707425 0.654596 0.896954 1.17537 0.861135 0.905585 1.03009 0.997834 0.860884 1.02345 0.507464 0.645616 0.773242 0.818122 0.771359 0.802071 0.792914 0.798227 0.798418 
RBFMultiquadricAuto_iters2_phase_shifts4_NaiveFTFracDir_full_pi_is_1
 0.476333 0.585108 0.604009 0.657192 0.890185 0.964333 0.964757 0.990628 0.930407 0.583979 0.628117 0.686968 0.810628 0.896011 0.895166 0.879515 0.871355 0.831892 0.800202 0.893189 0.971404 0.922654 1.07254 0.873794 0.851566 1.04504 1.0251 0.6777 0.733036 0.723589 0.852392 0.679606 0.779226 0.717319 0.772824 0.771448 
RBFTPS_iters2_phase_shifts6_Naive_full_pi_is_1
 0.637879 0.844857 0.854773 0.880699 0.960896 0.926708 0.944664 1.06696 1.02831 0.440138 0.469611 0.577938 0.69617 0.677458 0.664886 0.702586 0.733532 0.676002 0.766485 0.845088 0.827649 0.816603 0.838695 1.06795 0.992619 0.949867 1.07969 0.537356 0.860755 0.835583 0.888913 0.898351 0.752225 0.814682 0.838036 0.822695 
Makima_iters1_phase_shifts6_Naive_full_pi_is_0
 1.08924 0.770778 0.813737 0.722628 1.047 1.0596 1.05604 1.14449 1.03618 0.381127 0.417653 0.528651 0.570251 0.658716 0.733768 0.661951 0.722639 0.677736 0.817906 0.946432 0.840839 0.855956 0.812035 0.771192 0.751595 0.762949 0.835908 0.943361 0.960051 0.803065 0.809866 0.869004 0.825245 0.793004 0.817986 0.810987 
Makima_iters0_phase_shifts6_Naive_full_pi_is_0
 1.08924 0.770778 0.813737 0.722628 1.047 1.0596 1.05604 1.14449 1.03618 0.381127 0.417653 0.528651 0.570251 0.658716 0.733768 0.661951 0.722639 0.677736 0.817906 0.946432 0.840839 0.855956 0.812035 0.771192 0.751595 0.762949 0.835908 0.943361 0.960051 0.803065 0.809866 0.869004 0.825245 0.793004 0.817986 0.810987 
Makima_iters0_phase_shifts9_Naive_full_pi_is_0
 1.12759 0.814159 0.843323 0.754896 1.12929 1.12558 1.11804 1.15555 1.08651 0.376375 0.429967 0.526667 0.570365 0.66246 0.733658 0.674669 0.723348 0.686108 0.811915 0.926674 0.779165 0.797081 0.797544 0.72738 0.709107 0.72932 0.792745 0.942807 0.84176 0.714839 0.814932 0.850084 0.832905 0.797945 0.823395 0.817531 
Makima_iters1_phase_shifts9_Naive_full_pi_is_0
 1.12759 0.814159 0.843323 0.754896 1.12929 1.12558 1.11804 1.15555 1.08651 0.376375 0.429967 0.526667 0.570365 0.66246 0.733658 0.674669 0.723348 0.686108 0.811915 0.926674 0.779165 0.797081 0.797544 0.72738 0.709107 0.72932 0.792745 0.942807 0.84176 0.714839 0.814932 0.850084 0.832905 0.797945 0.823395 0.817531 
Makima_iters7_phase_shifts2_Naive_full_pi_is_1
 0.674487 1.14708 1.13045 1.10367 0.976933 1.13064 1.03541 0.986641 0.863663 0.456091 0.522167 0.582222 0.671597 0.703956 0.673899 0.68147 0.72655 0.745598 0.7019 0.632497 0.941479 0.93699 0.920265 0.630539 0.660858 0.745155 0.986346 0.640309 0.840327 0.714968 0.844427 0.841048 0.746062 0.837853 0.843614 0.837225 
IDW_iters3_phase_shifts6_Naive_full_pi_is_1
 0.876961 1.11916 1.10909 1.10867 0.839321 0.859862 0.925468 0.945023 1.05504 0.399337 0.43159 0.563584 0.714156 0.695644 0.674016 0.740173 0.706878 0.742083 0.675136 0.654868 0.801811 0.817189 0.827482 0.89902 1.00717 0.878085 0.833752 0.815623 0.840879 0.781968 0.840398 0.691962 0.776668 0.858437 0.868058 0.861989 
Makima_iters8_phase_shifts2_NaiveFTFracDir_full_pi_is_0
 1.35101 0.864381 0.911716 0.991849 0.8806 0.869157 0.98543 0.793999 0.739511 0.579294 0.57117 0.491253 0.569294 0.613919 0.682247 0.683362 0.75336 0.773643 0.759088 1.11442 1.11329 1.10767 0.967502 0.86027 0.852024 0.792342 0.996559 0.493283 0.839927 0.620308 0.631951 0.632078 0.705717 0.751393 0.834565 0.83983 
RBFTPS_iters4_phase_shifts9_NaiveFTFracDir_full_pi_is_1
 0.678783 0.794049 0.817934 0.898645 0.863347 0.868733 0.911229 0.932236 0.815869 0.386252 0.396575 0.655624 0.576471 0.5845 0.657621 0.707206 0.730021 0.715735 0.721082 0.700974 1.06129 0.873524 1.0214 1.17279 1.13841 1.08026 1.12253 0.720438 0.967235 0.647201 0.887275 0.680299 0.79566 0.812596 0.833438 0.841774 
RBFGaussian_iters0_phase_shifts9_Naive_full_pi_is_1
 1.11723 0.834368 0.842769 0.780962 0.992721 1.16521 1.15964 1.0192 1.03642 0.532019 0.540074 0.639641 0.652626 0.688646 0.704105 0.661272 0.710391 0.713433 0.853684 0.933627 0.805922 0.748587 0.790179 0.84148 0.812642 0.885846 0.889293 0.520911 0.928266 0.730135 0.745147 0.834974 0.775468 0.777142 0.801267 0.809202 
RBFGaussian_iters1_phase_shifts9_Naive_full_pi_is_1
 1.11723 0.834368 0.842769 0.780962 0.992721 1.16521 1.15964 1.0192 1.03642 0.532019 0.540074 0.639641 0.652626 0.688646 0.704105 0.661272 0.710391 0.713433 0.853684 0.933627 0.805922 0.748587 0.790179 0.84148 0.812642 0.885846 0.889293 0.520911 0.928266 0.730135 0.745147 0.834974 0.775468 0.777142 0.801267 0.809202 
RBFBell_iters0_phase_shifts9_Naive_full_pi_is_1
 1.11723 0.834368 0.842769 0.780962 0.992721 1.16521 1.15964 1.0192 1.03642 0.532019 0.540074 0.639641 0.652626 0.688646 0.704105 0.661272 0.710391 0.713433 0.853684 0.933627 0.805922 0.748587 0.790179 0.84148 0.812642 0.885846 0.889293 0.520911 0.928266 0.730135 0.745147 0.834974 0.775468 0.777142 0.801267 0.809202 
RBFBell_iters1_phase_shifts9_Naive_full_pi_is_1
 1.11723 0.834368 0.842769 0.780962 0.992721 1.16521 1.15964 1.0192 1.03642 0.532019 0.540074 0.639641 0.652626 0.688646 0.704105 0.661272 0.710391 0.713433 0.853684 0.933627 0.805922 0.748587 0.790179 0.84148 0.812642 0.885846 0.889293 0.520911 0.928266 0.730135 0.745147 0.834974 0.775468 0.777142 0.801267 0.809202 
RBFTPS_iters4_phase_shifts6_NaiveFTFracDir_full_pi_is_0
 0.978067 0.850354 0.845042 0.874832 0.839448 0.820112 0.781481 0.839296 0.738084 0.340363 0.47797 0.604129 0.615675 0.695963 0.76287 0.743022 0.788208 0.821361 0.877229 0.975686 1.03665 1.0676 0.990611 0.730686 0.840734 0.810829 0.91513 0.9928 0.904531 0.750847 0.890965 0.756188 0.799363 0.851437 0.872696 0.886522 
RBFTPS_iters5_phase_shifts8_NaiveFTFracDir_full_pi_is_1
 0.685598 0.79159 0.818529 0.89492 0.903908 0.853185 0.863972 0.889697 0.751543 0.367347 0.439027 0.521491 0.645015 0.681643 0.718837 0.772475 0.738024 0.795212 0.725747 0.750156 0.982536 0.879483 1.05974 1.23866 1.01809 1.11483 1.14307 0.665665 0.812894 0.689668 0.874405 0.655908 0.807767 0.830237 0.856801 0.896665 
IDW_iters3_phase_shifts8_Naive_full_pi_is_1
 0.890396 1.1458 1.1323 1.1365 0.853259 0.891936 0.917973 0.923621 1.06194 0.476172 0.437097 0.574158 0.708891 0.705332 0.67265 0.733717 0.715549 0.752455 0.710007 0.639007 0.816374 0.829079 0.833861 0.920746 1.02589 0.893529 0.832599 0.550788 0.839451 0.750124 0.815441 0.688171 0.768611 0.861325 0.871911 0.868698 
Makima_iters1_phase_shifts7_Naive_full_pi_is_0
 1.09397 0.794997 0.826299 0.738347 1.10715 1.10303 1.09822 1.16239 1.08396 0.382593 0.419772 0.522055 0.568377 0.669961 0.738567 0.669973 0.729277 0.688451 0.825058 0.946375 0.789583 0.808532 0.778239 0.731227 0.714694 0.731595 0.813858 0.986028 0.838288 0.814314 0.824027 0.882147 0.828959 0.795508 0.820054 0.815302 
Makima_iters0_phase_shifts7_Naive_full_pi_is_0
 1.09397 0.794997 0.826299 0.738347 1.10715 1.10303 1.09822 1.16239 1.08396 0.382593 0.419772 0.522055 0.568377 0.669961 0.738567 0.669973 0.729277 0.688451 0.825058 0.946375 0.789583 0.808532 0.778239 0.731227 0.714694 0.731595 0.813858 0.986028 0.838288 0.814314 0.824027 0.882147 0.828959 0.795508 0.820054 0.815302 
RBFTPS_iters4_phase_shifts3_Naive_full_pi_is_1
 0.530494 0.873572 0.903475 1.08682 0.968319 0.881542 0.881433 0.959707 0.96254 0.397374 0.419122 0.529956 0.654275 0.68804 0.690255 0.736388 0.738063 0.799805 0.763899 0.651227 0.784527 0.807184 0.855203 1.22153 0.969966 0.919136 1.03541 0.921455 0.823532 0.779356 0.90081 0.695607 0.820366 0.843118 0.86987 0.866978 
Makima_iters2_phase_shifts9_Naive_full_pi_is_1
 0.758977 1.0604 1.05447 1.14745 0.991931 0.946868 0.950826 0.949667 0.923916 0.488068 0.461929 0.532793 0.580874 0.597326 0.562896 0.600765 0.602261 0.616555 0.681011 0.693403 0.794243 0.80658 0.767549 1.00884 0.991842 0.954991 1.02301 1.34002 0.847627 0.69413 0.765989 0.738038 0.76288 0.749643 0.787462 0.770574 
RBFBell_iters1_phase_shifts8_Naive_full_pi_is_1
 1.09325 0.827415 0.823151 0.765865 0.985044 1.15901 1.15293 1.02996 1.02078 0.502196 0.516243 0.596294 0.663261 0.664759 0.688071 0.647904 0.715569 0.694089 0.852296 0.946954 0.805276 0.751317 0.791025 0.911345 0.876339 0.908246 0.95303 0.502097 0.915863 0.739131 0.751812 0.83786 0.784864 0.7871 0.811487 0.819164 
RBFGaussian_iters1_phase_shifts8_Naive_full_pi_is_1
 1.09325 0.827415 0.823151 0.765865 0.985044 1.15901 1.15293 1.02996 1.02078 0.502196 0.516243 0.596294 0.663261 0.664759 0.688071 0.647904 0.715569 0.694089 0.852296 0.946954 0.805276 0.751317 0.791025 0.911345 0.876339 0.908246 0.95303 0.502097 0.915863 0.739131 0.751812 0.83786 0.784864 0.7871 0.811487 0.819164 
RBFBell_iters0_phase_shifts8_Naive_full_pi_is_1
 1.09325 0.827415 0.823151 0.765865 0.985044 1.15901 1.15293 1.02996 1.02078 0.502196 0.516243 0.596294 0.663261 0.664759 0.688071 0.647904 0.715569 0.694089 0.852296 0.946954 0.805276 0.751317 0.791025 0.911345 0.876339 0.908246 0.95303 0.502097 0.915863 0.739131 0.751812 0.83786 0.784864 0.7871 0.811487 0.819164 
RBFGaussian_iters0_phase_shifts8_Naive_full_pi_is_1
 1.09325 0.827415 0.823151 0.765865 0.985044 1.15901 1.15293 1.02996 1.02078 0.502196 0.516243 0.596294 0.663261 0.664759 0.688071 0.647904 0.715569 0.694089 0.852296 0.946954 0.805276 0.751317 0.791025 0.911345 0.876339 0.908246 0.95303 0.502097 0.915863 0.739131 0.751812 0.83786 0.784864 0.7871 0.811487 0.819164 
RBFBell_iters3_phase_shifts5_NaiveFTFracDir_full_pi_is_0
 0.728233 0.615561 0.715847 0.70552 0.869485 0.891838 0.901941 0.881327 0.78948 0.487932 0.573493 0.610861 0.639415 0.710055 0.716824 0.782416 0.80849 0.766575 1.04811 0.957959 0.97065 1.01188 1.01252 0.66161 0.877142 0.684532 0.901895 1.19982 0.938458 0.819026 0.946101 0.739439 0.862284 0.836564 0.849721 0.897486 
RBFGaussian_iters3_phase_shifts5_NaiveFTFracDir_full_pi_is_0
 0.728233 0.615561 0.715847 0.70552 0.869485 0.891838 0.901941 0.881327 0.78948 0.487932 0.573493 0.610861 0.639415 0.710055 0.716824 0.782416 0.80849 0.766575 1.04811 0.957959 0.97065 1.01188 1.01252 0.66161 0.877142 0.684532 0.901895 1.19982 0.938458 0.819026 0.946101 0.739439 0.862284 0.836564 0.849721 0.897486 
RBFMultiquadricAuto_iters0_phase_shifts6_NaiveFTFracDir_full_pi_is_1
 0.870961 0.758225 0.715388 0.755458 0.960063 1.15529 1.12679 0.964509 1.05593 0.602299 0.657865 0.749811 0.72895 0.815463 0.794913 0.820024 0.801058 0.789689 1.35093 0.936859 0.844564 0.8147 0.819636 0.728348 0.678844 0.821572 0.851346 0.568933 0.717464 0.595647 0.748652 0.828555 0.734403 0.722811 0.733681 0.728834 
RBFMultiquadricAuto_iters1_phase_shifts6_NaiveFTFracDir_full_pi_is_1
 0.870961 0.758225 0.715388 0.755458 0.960063 1.15529 1.12679 0.964509 1.05593 0.602299 0.657865 0.749811 0.72895 0.815463 0.794913 0.820024 0.801058 0.789689 1.35093 0.936859 0.844564 0.8147 0.819636 0.728348 0.678844 0.821572 0.851346 0.568933 0.717464 0.595647 0.748652 0.828555 0.734403 0.722811 0.733681 0.728834 
IDW_iters4_phase_shifts3_Naive_full_pi_is_1
 0.599434 1.31889 1.15596 1.16573 0.947082 1.03766 1.04046 0.950687 0.85553 0.352086 0.439012 0.508025 0.68885 0.670672 0.682685 0.721155 0.756374 0.757405 0.731246 0.597972 0.825699 0.786336 0.850779 0.880292 0.920638 0.913221 0.906023 0.384713 0.751759 0.758257 0.808904 0.880033 0.816545 0.817617 0.840678 0.871983 
Makima_iters2_phase_shifts5_Naive_full_pi_is_0
 0.731904 0.772938 0.774063 0.836046 0.953032 1.08401 1.07846 1.14817 1.09117 0.371363 0.416771 0.523962 0.586263 0.617049 0.641877 0.673921 0.677948 0.665267 0.730177 0.885217 0.871541 0.90676 0.855443 0.81053 0.77489 0.83255 0.823793 1.15907 0.789806 0.800431 1.02684 0.903722 0.807675 0.808968 0.875137 0.868779 
IDW_iters4_phase_shifts2_NaiveFTFracDir_full_pi_is_1
 0.699688 1.12371 1.0821 0.886385 0.977015 0.984294 0.937592 0.962722 0.934627 0.497963 0.542808 0.576302 0.655502 0.705407 0.699724 0.774105 0.726099 0.751856 0.637806 0.609088 0.931647 0.872955 1.05594 1.00612 1.15138 0.840819 0.925395 0.417574 0.754598 0.695376 0.813627 0.725815 0.752863 0.874177 0.808361 0.863057 
RBFBell_iters1_phase_shifts8_NaiveFTFracDir_full_pi_is_0
 1.15346 0.757545 0.816713 0.836054 0.934933 1.02436 1.0105 1.05741 0.987704 0.417432 0.399883 0.520167 0.548162 0.644852 0.6418 0.670519 0.695541 0.664219 0.895705 1.05517 0.881205 0.886813 0.845469 0.894887 1.07124 0.849167 0.666073 1.29984 0.737362 0.602816 0.771324 0.835365 0.760898 0.733386 0.751505 0.757505 
RBFGaussian_iters0_phase_shifts8_NaiveFTFracDir_full_pi_is_0
 1.15346 0.757545 0.816713 0.836054 0.934933 1.02436 1.0105 1.05741 0.987704 0.417432 0.399883 0.520167 0.548162 0.644852 0.6418 0.670519 0.695541 0.664219 0.895705 1.05517 0.881205 0.886813 0.845469 0.894887 1.07124 0.849167 0.666073 1.29984 0.737362 0.602816 0.771324 0.835365 0.760898 0.733386 0.751505 0.757505 
RBFGaussian_iters1_phase_shifts8_NaiveFTFracDir_full_pi_is_0
 1.15346 0.757545 0.816713 0.836054 0.934933 1.02436 1.0105 1.05741 0.987704 0.417432 0.399883 0.520167 0.548162 0.644852 0.6418 0.670519 0.695541 0.664219 0.895705 1.05517 0.881205 0.886813 0.845469 0.894887 1.07124 0.849167 0.666073 1.29984 0.737362 0.602816 0.771324 0.835365 0.760898 0.733386 0.751505 0.757505 
RBFBell_iters0_phase_shifts8_NaiveFTFracDir_full_pi_is_0
 1.15346 0.757545 0.816713 0.836054 0.934933 1.02436 1.0105 1.05741 0.987704 0.417432 0.399883 0.520167 0.548162 0.644852 0.6418 0.670519 0.695541 0.664219 0.895705 1.05517 0.881205 0.886813 0.845469 0.894887 1.07124 0.849167 0.666073 1.29984 0.737362 0.602816 0.771324 0.835365 0.760898 0.733386 0.751505 0.757505 
Makima_iters2_phase_shifts6_Naive_full_pi_is_0
 0.732892 0.767242 0.807817 0.854876 0.972089 1.10289 1.09993 1.17941 1.13463 0.42484 0.399856 0.502705 0.579059 0.605081 0.63155 0.664707 0.675696 0.678213 0.733071 0.890274 0.87461 0.908147 0.856611 0.812926 0.776545 0.833459 0.832748 1.03079 0.763691 0.809665 0.865271 0.947038 0.846609 0.83385 0.896163 0.888934 
RBFBell_iters4_phase_shifts2_NaiveFTFracDir_full_pi_is_0
 0.947895 0.590916 0.579886 0.563874 0.773764 0.844949 0.909091 0.810673 0.73138 0.636894 0.564959 0.698533 0.667762 0.759014 0.797653 0.823342 0.842323 0.85953 0.857794 0.994911 1.05585 1.09969 1.00995 0.871559 0.81431 0.781816 1.00405 0.525383 1.09984 0.826798 0.989243 0.743843 0.769473 0.873218 0.852513 0.879109 
RBFGaussian_iters4_phase_shifts2_NaiveFTFracDir_full_pi_is_0
 0.947895 0.590916 0.579886 0.563874 0.773764 0.844949 0.909091 0.810673 0.73138 0.636894 0.564959 0.698533 0.667762 0.759014 0.797653 0.823342 0.842323 0.85953 0.857794 0.994911 1.05585 1.09969 1.00995 0.871559 0.81431 0.781816 1.00405 0.525383 1.09984 0.826798 0.989243 0.743843 0.769473 0.873218 0.852513 0.879109 
RBFTPS_iters2_phase_shifts7_Naive_full_pi_is_1
 0.636676 0.857894 0.867204 0.901477 0.97078 0.948882 0.950564 1.08003 1.03413 0.449506 0.474212 0.581395 0.701415 0.681603 0.670893 0.702001 0.736299 0.678089 0.766989 0.844102 0.828359 0.816545 0.836941 1.08213 1.00479 0.957598 1.08227 0.553371 0.898828 0.819888 0.886839 0.885896 0.750255 0.818662 0.840878 0.82615 
IDW_iters4_phase_shifts6_NaiveFTFracDir_full_pi_is_0
 0.917368 0.729456 0.716393 0.848975 0.910423 1.06005 1.0224 0.792762 0.672702 0.372727 0.461998 0.555534 0.598039 0.637278 0.656687 0.67662 0.725446 0.756957 1.24742 1.19561 1.05818 1.1168 1.02219 0.887849 0.972081 0.813072 0.924045 0.408033 0.849516 0.673606 0.78058 0.699627 0.83041 0.791014 0.848855 0.859383 
RBFTPS_iters3_phase_shifts5_Naive_full_pi_is_1
 0.512332 0.864046 0.925724 0.944288 0.996279 0.895142 0.900983 1.24536 1.02348 0.41743 0.410925 0.541913 0.638882 0.656418 0.641235 0.690605 0.695939 0.689177 0.742654 0.7077 0.800236 0.805185 0.859125 1.02565 1.04926 0.963753 1.09571 0.663846 0.85352 0.733776 0.892073 0.964543 0.804824 0.843472 0.875578 0.869269 
RBFTPS_iters2_phase_shifts5_Naive_full_pi_is_1
 0.662432 0.829913 0.840549 0.882852 0.953576 0.916611 0.919611 1.03521 1.0207 0.470309 0.51866 0.614936 0.736229 0.687618 0.663377 0.702953 0.733405 0.687632 0.76704 0.848191 0.830236 0.816465 0.829421 1.04271 0.97025 0.923011 1.06919 0.977635 0.896589 0.833561 0.88314 0.879041 0.729742 0.812339 0.821568 0.805935 
RBFTPS_iters8_phase_shifts2_NaiveFTFracDir_full_pi_is_0
 1.16791 0.952694 0.969981 0.833119 0.690271 0.763822 0.771291 0.789509 0.66665 0.376151 0.471415 0.554676 0.570324 0.631972 0.670653 0.701696 0.686163 0.736067 0.822528 1.13336 1.10752 1.15185 1.06745 0.829644 0.837028 0.794906 0.970518 1.00817 0.884146 0.716463 0.787874 0.707001 0.786654 0.824232 0.922161 0.939737 
RBFMultiquadricAuto_iters2_phase_shifts9_NaiveFTFracDir_full_pi_is_1
 0.525962 0.574409 0.59051 0.714537 0.900982 0.958247 0.966802 0.962947 0.984486 0.500858 0.577404 0.681108 0.795441 0.890541 0.829554 0.867892 0.848539 0.806731 0.719573 0.841824 0.925368 0.872993 1.09252 1.20412 0.811603 1.02841 0.85824 1.08351 0.772936 0.772865 0.870702 0.669398 0.726385 0.733641 0.764442 0.76192 
RBFBell_iters1_phase_shifts3_Naive_full_pi_is_0
 1.09732 0.867878 0.853538 0.827793 0.926319 1.00883 1.00463 1.10145 1.00864 0.499365 0.515238 0.616065 0.617139 0.594883 0.655746 0.619656 0.706071 0.672125 0.882897 1.01077 0.89629 0.911782 0.845453 0.928625 0.692282 0.768699 0.827272 0.909151 0.815777 0.861113 0.788548 0.882857 0.881057 0.754796 0.845009 0.848278 
RBFBell_iters0_phase_shifts3_Naive_full_pi_is_0
 1.09732 0.867878 0.853538 0.827793 0.926319 1.00883 1.00463 1.10145 1.00864 0.499365 0.515238 0.616065 0.617139 0.594883 0.655746 0.619656 0.706071 0.672125 0.882897 1.01077 0.89629 0.911782 0.845453 0.928625 0.692282 0.768699 0.827272 0.909151 0.815777 0.861113 0.788548 0.882857 0.881057 0.754796 0.845009 0.848278 
RBFGaussian_iters0_phase_shifts3_Naive_full_pi_is_0
 1.09732 0.867878 0.853538 0.827793 0.926319 1.00883 1.00463 1.10145 1.00864 0.499365 0.515238 0.616065 0.617139 0.594883 0.655746 0.619656 0.706071 0.672125 0.882897 1.01077 0.89629 0.911782 0.845453 0.928625 0.692282 0.768699 0.827272 0.909151 0.815777 0.861113 0.788548 0.882857 0.881057 0.754796 0.845009 0.848278 
RBFGaussian_iters1_phase_shifts3_Naive_full_pi_is_0
 1.09732 0.867878 0.853538 0.827793 0.926319 1.00883 1.00463 1.10145 1.00864 0.499365 0.515238 0.616065 0.617139 0.594883 0.655746 0.619656 0.706071 0.672125 0.882897 1.01077 0.89629 0.911782 0.845453 0.928625 0.692282 0.768699 0.827272 0.909151 0.815777 0.861113 0.788548 0.882857 0.881057 0.754796 0.845009 0.848278 
Makima_iters5_phase_shifts4_Naive_full_pi_is_1
 0.539042 1.08634 1.06845 1.06155 0.773404 1.011 0.956027 0.929656 0.838457 0.358805 0.425103 0.528369 0.578754 0.677679 0.629046 0.627138 0.686179 0.702077 0.642909 0.41829 0.868222 0.923155 0.839955 1.02958 1.12844 0.98562 0.812742 1.50198 0.833619 0.772035 0.64825 0.850178 0.747664 0.805989 0.815109 0.812674 
RBFTPS_iters6_phase_shifts4_Naive_full_pi_is_1
 0.648295 0.913517 0.925087 1.15715 0.854902 0.902229 0.905646 0.9072 0.880961 0.362485 0.458838 0.507714 0.682145 0.722349 0.71013 0.787915 0.799004 0.827235 0.687126 0.524899 0.808121 0.786418 0.902639 0.901321 0.906356 1.05398 1.04113 0.885629 0.980532 0.795707 0.738372 0.807712 0.943096 0.917106 0.899999 0.944173 
Makima_iters2_phase_shifts8_NaiveFTFracDir_full_pi_is_0
 0.720649 0.567815 0.540911 0.680787 0.834452 0.931122 0.935827 1.14061 0.961779 0.368817 0.411046 0.508649 0.538388 0.507573 0.708164 0.60195 0.624836 0.636237 1.77982 1.10876 1.0411 1.02933 1.01364 0.823521 0.977782 0.787275 0.792513 1.11863 0.797531 0.60462 0.757438 0.79657 0.712844 0.711786 0.777888 0.756957 
Makima_iters7_phase_shifts5_NaiveFTFracDir_full_pi_is_1
 0.744722 0.970696 0.999572 0.928667 0.966145 0.971203 0.909252 0.793463 0.683043 0.434222 0.439907 0.562516 0.560903 0.503923 0.670035 0.722398 0.753008 0.765163 1.56036 0.894416 0.902053 0.882229 1.15078 1.02682 0.916992 1.02 0.951283 0.485997 0.769806 0.56665 0.752123 0.631094 0.722827 0.784504 0.829752 0.813853 
IDW_iters3_phase_shifts2_NaiveFTFracDir_full_pi_is_1
 0.820096 0.965826 1.08722 1.27267 1.02825 1.04447 1.05082 1.20064 0.921074 0.440881 0.508087 0.575561 0.649059 0.654903 0.65601 0.743702 0.749225 0.732052 0.706368 0.665205 0.928815 0.860693 1.10996 0.907611 0.927182 0.753208 0.842068 0.447438 0.673207 0.679342 0.814754 0.748979 0.766354 0.81519 0.784721 0.735453 
Makima_iters9_phase_shifts4_Naive_full_pi_is_1
 0.86351 1.45895 1.45099 1.27262 1.1338 0.940569 0.962941 0.864975 0.829905 0.463947 0.521903 0.481387 0.553282 0.685481 0.63383 0.650397 0.732024 0.752506 0.679312 0.522019 0.537358 0.537837 0.826811 0.686627 0.765081 0.816261 0.78679 1.05203 0.800859 0.746721 0.650879 0.938873 0.735004 0.798908 0.852537 0.861386 
Makima_iters8_phase_shifts5_Naive_full_pi_is_1
 0.813633 1.36509 1.3947 1.25513 1.08975 0.943916 0.930956 1.03776 0.8579 0.40573 0.493794 0.519432 0.541954 0.635659 0.61997 0.612087 0.698934 0.714205 0.747053 0.662923 0.77637 0.52085 0.890352 0.816573 0.748469 0.810299 0.77103 0.731361 0.765378 0.797023 0.705445 0.980817 0.76048 0.830925 0.895465 0.893598 
IDW_iters3_phase_shifts5_Naive_full_pi_is_1
 0.924008 1.14416 1.12947 1.08599 0.829239 0.843951 0.910169 0.927164 1.04118 0.393628 0.437527 0.551575 0.717861 0.705293 0.671675 0.733301 0.6932 0.739499 0.675179 0.652533 0.795821 0.814444 0.825851 0.880918 0.990012 0.866483 0.87691 1.17714 0.760663 0.747171 0.859885 0.681609 0.76487 0.858327 0.875122 0.866955 
IDW_iters6_phase_shifts2_Naive_full_pi_is_1
 0.625153 1.04694 0.993106 1.16732 0.898222 0.949569 0.947023 0.840669 0.743177 0.432865 0.487341 0.575675 0.693454 0.728734 0.718639 0.754287 0.783876 0.809272 0.607535 0.721888 0.939237 0.977578 1.09656 0.808569 0.996131 0.845008 1.04821 0.596169 0.899773 0.779874 0.835034 0.74579 0.812003 0.835386 0.893102 0.888194 
Makima_iters5_phase_shifts6_Naive_full_pi_is_1
 0.475681 1.20196 1.39435 1.11527 0.806599 0.950351 0.959068 0.894003 0.878808 0.367105 0.445842 0.561128 0.594448 0.644853 0.642755 0.682351 0.741171 0.747745 0.656217 0.426019 0.82516 0.91294 0.818204 1.03225 1.12107 1.03855 0.801552 1.15327 0.852248 0.765115 0.58122 0.803148 0.700645 0.818402 0.801001 0.805373 
Makima_iters5_phase_shifts2_Naive_full_pi_is_1
 0.88387 1.01761 1.03056 1.0619 0.956414 1.05923 1.07573 0.915378 0.869858 0.422278 0.457878 0.498349 0.594757 0.635868 0.610743 0.664579 0.698934 0.750745 0.691776 0.932015 0.930467 0.976906 0.912242 0.846521 1.13521 0.929771 0.962254 0.356748 0.842024 0.792635 0.861183 0.860026 0.724139 0.800416 0.805475 0.790915 
Makima_iters7_phase_shifts7_Naive_full_pi_is_1
 0.789028 1.45359 1.4124 1.35917 0.995338 0.964711 0.972876 1.06102 0.896712 0.453838 0.487487 0.512271 0.552578 0.667755 0.623626 0.619965 0.700874 0.707109 0.780931 0.714215 0.689493 0.551082 0.86495 0.643655 0.779988 0.70456 0.735384 1.16356 0.802462 0.615536 0.608263 0.81905 0.692222 0.778289 0.847276 0.848809 
Makima_iters7_phase_shifts2_NaiveFTFracDir_full_pi_is_0
 1.24123 0.875322 0.924431 1.08576 1.00089 0.97006 0.799149 0.775809 0.715792 0.621438 0.585216 0.511684 0.586751 0.574168 0.684256 0.740479 0.756951 0.786838 0.779429 1.1247 1.11617 1.12457 0.973007 0.886566 0.830306 1.00897 0.940745 0.477971 0.804171 0.610426 0.620017 0.666588 0.714084 0.768775 0.858514 0.849398 
IDW_iters0_phase_shifts2_NaiveFTFracDir_full_pi_is_1
 1.20956 0.899322 0.895607 0.998955 1.03192 1.34099 1.34839 1.13302 1.13274 0.488034 0.51448 0.560842 0.629693 0.591565 0.645971 0.677855 0.67345 0.694432 1.27788 0.894501 0.804007 0.764443 0.718768 0.664854 0.66617 0.762317 0.674115 0.42979 0.556229 0.65803 0.758516 0.784456 0.814462 0.764778 0.750834 0.729225 
IDW_iters1_phase_shifts2_NaiveFTFracDir_full_pi_is_1
 1.20956 0.899322 0.895607 0.998955 1.03192 1.34099 1.34839 1.13302 1.13274 0.488034 0.51448 0.560842 0.629693 0.591565 0.645971 0.677855 0.67345 0.694432 1.27788 0.894501 0.804007 0.764443 0.718768 0.664854 0.66617 0.762317 0.674115 0.42979 0.556229 0.65803 0.758516 0.784456 0.814462 0.764778 0.750834 0.729225 
IDW_iters0_phase_shifts5_Naive_full_pi_is_0
 1.16322 0.970904 0.955343 0.956116 0.984708 1.13085 1.09163 1.10468 1.02039 0.341271 0.421031 0.499211 0.575334 0.688439 0.644337 0.633769 0.705728 0.731643 0.892724 0.97525 0.8179 0.850088 0.773588 0.681185 0.663313 0.661132 0.690749 1.09533 0.811038 0.803158 0.842583 0.837175 0.893383 0.804331 0.831073 0.818037 
IDW_iters1_phase_shifts5_Naive_full_pi_is_0
 1.16322 0.970904 0.955343 0.956116 0.984708 1.13085 1.09163 1.10468 1.02039 0.341271 0.421031 0.499211 0.575334 0.688439 0.644337 0.633769 0.705728 0.731643 0.892724 0.97525 0.8179 0.850088 0.773588 0.681185 0.663313 0.661132 0.690749 1.09533 0.811038 0.803158 0.842583 0.837175 0.893383 0.804331 0.831073 0.818037 
Makima_iters4_phase_shifts7_NaiveFTFracDir_full_pi_is_0
 1.03403 0.878683 0.775038 0.983873 0.996525 0.89514 1.13657 0.728154 0.802691 0.400203 0.475203 0.508601 0.510002 0.572934 0.610751 0.691388 0.688567 0.715137 0.794368 0.757411 0.935693 0.99886 0.858465 1.02774 1.13538 0.856512 0.843632 1.31763 1.02915 0.669282 0.842206 0.686131 0.708025 0.796079 0.827089 0.842418 
RBFTPS_iters0_phase_shifts2_NaiveFTFracDir_full_pi_is_1
 1.11486 0.765343 0.759311 0.915449 1.00675 1.24704 1.32239 1.0412 1.11626 0.591052 0.64055 0.629619 0.677729 0.676371 0.684698 0.671439 0.725057 0.692465 1.36586 0.970497 0.795465 0.747046 0.752322 0.712713 0.716819 0.817435 0.762387 0.362852 0.554664 0.756173 0.780555 0.844572 0.776203 0.754455 0.735818 0.733536 
RBFTPS_iters1_phase_shifts2_NaiveFTFracDir_full_pi_is_1
 1.11486 0.765343 0.759311 0.915449 1.00675 1.24704 1.32239 1.0412 1.11626 0.591052 0.64055 0.629619 0.677729 0.676371 0.684698 0.671439 0.725057 0.692465 1.36586 0.970497 0.795465 0.747046 0.752322 0.712713 0.716819 0.817435 0.762387 0.362852 0.554664 0.756173 0.780555 0.844572 0.776203 0.754455 0.735818 0.733536 
RBFTPS_iters8_phase_shifts2_Naive_full_pi_is_1
 0.975221 1.26755 0.928601 0.913379 0.853385 0.916291 0.946946 0.918696 0.882595 0.417338 0.419396 0.5543 0.685133 0.701693 0.695128 0.770516 0.772031 0.818058 0.856799 0.683762 0.834786 0.845796 0.906246 0.82674 0.87008 0.826639 1.04799 0.872478 0.880167 0.805293 0.805331 0.729009 0.84122 0.854885 0.884646 0.876436 
RBFMultiquadricAuto_iters0_phase_shifts5_NaiveFTFracDir_full_pi_is_1
 0.823978 0.82871 0.757519 0.834951 0.985592 0.958818 1.04585 1.05324 1.04819 0.57561 0.602853 0.668926 0.709355 0.775376 0.751664 0.793039 0.798471 0.794547 1.29944 0.971021 0.830141 0.753969 0.820314 0.748747 0.698736 0.909294 0.799139 0.903588 0.942246 0.63853 0.720862 0.855662 0.757851 0.738652 0.798311 0.764872 
RBFMultiquadricAuto_iters1_phase_shifts5_NaiveFTFracDir_full_pi_is_1
 0.823978 0.82871 0.757519 0.834951 0.985592 0.958818 1.04585 1.05324 1.04819 0.57561 0.602853 0.668926 0.709355 0.775376 0.751664 0.793039 0.798471 0.794547 1.29944 0.971021 0.830141 0.753969 0.820314 0.748747 0.698736 0.909294 0.799139 0.903588 0.942246 0.63853 0.720862 0.855662 0.757851 0.738652 0.798311 0.764872 
RBFMultiquadricAuto_iters2_phase_shifts6_NaiveFTFracDir_full_pi_is_1
 0.618477 0.637586 0.646117 0.760769 0.935009 0.996193 1.00911 1.09334 1.02517 0.493349 0.543944 0.65634 0.806983 0.886139 0.88425 0.877061 0.875332 0.859111 0.772998 0.871924 0.956965 0.894042 1.10172 0.911996 0.881914 1.03923 1.04972 0.561113 0.746159 0.665064 0.830674 0.710386 0.750358 0.759905 0.776621 0.782694 
RBFTPS_iters7_phase_shifts4_Naive_full_pi_is_1
 0.764579 1.03434 1.03964 1.27065 1.03284 0.935158 0.970012 0.998096 0.926095 0.384067 0.46137 0.583591 0.691348 0.733895 0.715825 0.74336 0.738938 0.797266 0.679885 0.641293 0.829604 0.811382 0.915118 0.780319 0.744222 0.877219 0.981627 0.476542 0.90502 0.789541 0.719417 0.807599 0.956031 0.930601 0.908219 0.949391 
IDW_iters4_phase_shifts9_NaiveFTFracDir_full_pi_is_0
 0.872696 1.14349 1.06836 1.08697 0.780017 0.889186 0.871094 0.753732 0.686902 0.363132 0.450717 0.560354 0.610076 0.640596 0.666091 0.690598 0.715793 0.764662 1.04895 1.22493 1.0464 1.09498 1.00521 0.913456 0.921144 0.800597 0.918771 0.450686 0.859407 0.666706 0.768875 0.702727 0.80909 0.793213 0.859225 0.866561 
RBFBell_iters2_phase_shifts6_NaiveFTFracDir_full_pi_is_0
 0.598 0.639287 0.658928 0.655825 0.868786 0.879682 0.894837 1.08098 0.932566 0.430524 0.467301 0.611405 0.541582 0.656618 0.664713 0.708461 0.765302 0.718331 1.63077 1.03571 0.999708 0.963296 1.0533 0.706256 0.82695 0.710088 0.857263 0.979761 0.890623 0.785699 0.861235 0.871778 0.835233 0.824249 0.823403 0.833273 
RBFGaussian_iters2_phase_shifts6_NaiveFTFracDir_full_pi_is_0
 0.598 0.639287 0.658928 0.655825 0.868786 0.879682 0.894837 1.08098 0.932566 0.430524 0.467301 0.611405 0.541582 0.656618 0.664713 0.708461 0.765302 0.718331 1.63077 1.03571 0.999708 0.963296 1.0533 0.706256 0.82695 0.710088 0.857263 0.979761 0.890623 0.785699 0.861235 0.871778 0.835233 0.824249 0.823403 0.833273 
IDW_iters4_phase_shifts4_Naive_full_pi_is_1
 0.560339 1.3245 1.28549 0.978841 0.933968 0.96829 0.992307 1.0063 0.897245 0.370556 0.446264 0.514529 0.702018 0.695496 0.666961 0.727795 0.78411 0.767568 0.697532 0.560813 0.842175 0.771425 0.836423 0.930007 0.949635 0.937355 0.897352 0.887078 0.724938 0.720111 0.762144 0.901398 0.825316 0.837067 0.855889 0.846268 
RBFTPS_iters2_phase_shifts9_Naive_full_pi_is_1
 0.56234 0.866836 0.883493 0.917215 0.975018 0.951732 0.955535 1.07735 1.04781 0.490333 0.512366 0.613654 0.732226 0.700411 0.689002 0.730073 0.754492 0.693534 0.769961 0.838723 0.82814 0.811314 0.832719 1.0933 1.01751 0.967355 1.0978 0.377224 0.900581 0.844443 0.88666 0.900708 0.76796 0.831432 0.856425 0.839776 
IDW_iters3_phase_shifts7_Naive_full_pi_is_1
 0.929369 1.15288 1.13939 1.13922 0.854267 0.905236 0.933495 0.955027 1.06631 0.45678 0.451876 0.573759 0.71021 0.70122 0.673725 0.735005 0.713762 0.747081 0.706356 0.640811 0.817181 0.827899 0.841562 0.914637 1.02593 0.888598 0.825971 0.6666 0.845435 0.746384 0.814435 0.933353 0.766945 0.858748 0.856973 0.85235 
IDW_iters5_phase_shifts3_NaiveFTFracDir_full_pi_is_0
 0.98787 0.668911 0.682169 0.903394 0.934566 0.962158 0.833466 0.746541 0.668659 0.419394 0.530387 0.59403 0.620633 0.662221 0.652922 0.675185 0.708134 0.784942 1.25397 1.30849 1.0794 1.1312 1.06986 0.896622 0.930303 0.852306 0.955612 0.571313 0.750347 0.792183 0.728293 0.716738 0.825582 0.841824 0.870413 0.856784 
Makima_iters6_phase_shifts3_Naive_full_pi_is_1
 0.567518 1.06116 1.07367 0.98676 0.884131 0.953403 0.980014 0.907079 0.81685 0.369383 0.447715 0.497484 0.645061 0.620362 0.669689 0.689135 0.742398 0.771601 0.657852 0.443032 0.899826 0.946607 0.857321 0.908247 1.14553 0.988788 0.870541 1.56752 0.845406 0.642305 0.787492 0.86725 0.703847 0.790957 0.804757 0.791574 
Makima_iters4_phase_shifts4_NaiveFTFracDir_full_pi_is_0
 1.6708 0.946914 0.95384 1.03505 0.900464 0.92733 1.01211 0.707886 0.636333 0.453622 0.558017 0.525288 0.524618 0.571285 0.626449 0.663702 0.656715 0.712459 0.79734 0.757105 0.878077 0.919829 0.825446 0.930556 1.02783 0.825637 0.822003 1.05009 0.861941 0.677636 0.882954 0.70689 0.796898 0.79249 0.843123 0.838879 
RBFBell_iters4_phase_shifts3_NaiveFTFracDir_full_pi_is_0
 0.961982 0.842021 0.84753 0.68951 0.837351 0.821555 0.825612 0.788591 0.711957 0.565095 0.578965 0.700336 0.758169 0.839031 0.873126 0.893091 0.910022 0.934453 0.816144 0.863633 0.976498 1.05452 0.94613 0.674183 0.900318 0.768008 0.899045 0.463835 1.15725 0.762726 0.984638 0.715245 0.810644 0.925831 0.919474 0.881193 
RBFGaussian_iters4_phase_shifts3_NaiveFTFracDir_full_pi_is_0
 0.961982 0.842021 0.84753 0.68951 0.837351 0.821555 0.825612 0.788591 0.711957 0.565095 0.578965 0.700336 0.758169 0.839031 0.873126 0.893091 0.910022 0.934453 0.816144 0.863633 0.976498 1.05452 0.94613 0.674183 0.900318 0.768008 0.899045 0.463835 1.15725 0.762726 0.984638 0.715245 0.810644 0.925831 0.919474 0.881193 
Makima_iters5_phase_shifts3_NaiveFTFracDir_full_pi_is_1
 0.771489 1.12105 1.17016 1.03184 0.804541 0.871717 0.985987 0.895781 0.754336 0.40511 0.436956 0.577993 0.60547 0.609403 0.669098 0.722698 0.746446 0.804309 0.701272 0.679235 1.02541 0.8782 1.2113 0.927848 1.12165 1.08366 0.984343 0.732709 1.0264 0.662323 0.74136 0.760935 0.637917 0.730542 0.780496 0.805766 
RBFTPS_iters2_phase_shifts3_Naive_full_pi_is_0
 0.833124 0.768361 0.825168 0.876263 0.897733 0.975982 0.97632 1.09767 0.979391 0.390806 0.483136 0.578246 0.6259 0.67277 0.669197 0.693497 0.687821 0.718651 0.86399 1.01073 0.930561 0.966296 0.916435 0.766686 0.737958 0.810927 0.949205 0.986561 0.755212 0.844721 0.933459 1.02497 0.890288 0.858221 0.902262 0.909908 
Makima_iters3_phase_shifts3_NaiveFTFracDir_full_pi_is_1
 0.68171 1.30603 1.54701 1.0748 0.991728 0.900362 0.92494 0.849082 0.845521 0.445445 0.437476 0.561637 0.540846 0.505125 0.664646 0.625936 0.6631 0.656602 0.617422 0.639833 1.1561 0.894654 0.991447 0.899553 1.03205 0.940181 0.923714 0.48123 1.11317 0.643946 0.793668 0.689718 0.741953 0.737997 0.760176 0.780927 
IDW_iters3_phase_shifts9_Naive_full_pi_is_1
 0.93104 1.18559 1.15496 1.15396 0.854028 0.892123 0.923319 0.930276 1.06746 0.464007 0.448254 0.581884 0.710625 0.70533 0.676916 0.733505 0.715682 0.75099 0.677168 0.631782 0.812839 0.825869 0.830606 0.932757 1.03756 0.90415 0.841875 0.587933 0.863633 0.793077 0.857886 0.798564 0.788662 0.87975 0.883087 0.88042 
Makima_iters6_phase_shifts3_NaiveFTFracDir_full_pi_is_1
 0.469866 1.04316 1.0431 1.02514 0.942568 0.998899 1.02224 1.06668 0.886047 0.447186 0.425993 0.721252 0.665108 0.603059 0.723373 0.801824 0.829192 0.789019 0.742704 0.816243 1.04678 0.804953 1.08159 0.830918 0.878301 0.908935 0.927443 0.505982 1.06851 0.696117 0.821842 0.886103 0.753535 0.743574 0.807775 0.827157 
RBFTPS_iters0_phase_shifts4_Naive_full_pi_is_0
 1.0809 0.791548 0.819935 0.852572 0.946181 1.08397 1.07891 1.15446 1.27613 0.407168 0.482067 0.527517 0.586247 0.640877 0.668896 0.660469 0.687264 0.668207 0.892453 1.0375 0.876388 0.893153 0.841576 0.726365 0.698227 0.816636 0.826638 0.956095 0.77526 0.779056 0.833641 0.884402 0.859681 0.81507 0.847653 0.845736 
RBFTPS_iters1_phase_shifts4_Naive_full_pi_is_0
 1.0809 0.791548 0.819935 0.852572 0.946181 1.08397 1.07891 1.15446 1.27613 0.407168 0.482067 0.527517 0.586247 0.640877 0.668896 0.660469 0.687264 0.668207 0.892453 1.0375 0.876388 0.893153 0.841576 0.726365 0.698227 0.816636 0.826638 0.956095 0.77526 0.779056 0.833641 0.884402 0.859681 0.81507 0.847653 0.845736 
RBFTPS_iters4_phase_shifts5_NaiveFTFracDir_full_pi_is_0
 1.12823 0.746985 0.75746 0.810153 0.907227 0.868061 0.872236 0.827804 0.703333 0.438046 0.431986 0.51261 0.573711 0.598282 0.734814 0.746659 0.757244 0.768552 0.944141 1.07661 1.0701 1.11564 1.00036 0.766571 1.03423 0.829516 0.989435 0.959857 0.864496 0.796554 0.901967 0.77266 0.814046 0.86552 0.861082 0.881961 
Makima_iters6_phase_shifts4_NaiveFTFracDir_full_pi_is_0
 1.16797 0.827107 0.792236 0.840294 0.878171 0.817434 0.816589 0.763688 0.669616 0.435181 0.581147 0.557062 0.576169 0.633245 0.686899 0.734904 0.76502 0.767663 0.964565 1.12515 1.1346 1.16046 0.959548 0.812725 0.91736 0.961181 0.99232 1.02767 1.03867 0.691247 0.733024 0.697794 0.718774 0.737268 0.862184 0.838293 
RBFGaussian_iters2_phase_shifts5_NaiveFTFracDir_full_pi_is_0
 0.780662 0.646017 0.664053 0.611104 0.880523 0.884324 0.897579 1.03038 0.889831 0.568482 0.56932 0.594563 0.533697 0.67574 0.687491 0.703815 0.739664 0.702994 1.41093 1.05521 0.996337 0.965864 1.06291 0.784077 0.839538 0.719311 0.918428 1.07661 0.994388 0.785348 0.906625 0.755088 0.860773 0.813825 0.812227 0.845991 
RBFBell_iters2_phase_shifts5_NaiveFTFracDir_full_pi_is_0
 0.780662 0.646017 0.664053 0.611104 0.880523 0.884324 0.897579 1.03038 0.889831 0.568482 0.56932 0.594563 0.533697 0.67574 0.687491 0.703815 0.739664 0.702994 1.41093 1.05521 0.996337 0.965864 1.06291 0.784077 0.839538 0.719311 0.918428 1.07661 0.994388 0.785348 0.906625 0.755088 0.860773 0.813825 0.812227 0.845991 
Makima_iters5_phase_shifts4_NaiveFTFracDir_full_pi_is_0
 1.14039 0.905766 0.842935 0.84739 0.876519 0.861249 0.893826 0.712514 0.671833 0.482943 0.52968 0.537166 0.53994 0.603869 0.69196 0.717395 0.742052 0.773457 0.919981 1.15842 1.10649 1.14211 0.944967 0.955681 1.10061 0.95908 0.90428 1.02813 0.895953 0.688889 0.72511 0.658968 0.716101 0.733775 0.829622 0.818183 
RBFTPS_iters5_phase_shifts4_Naive_full_pi_is_1
 0.602582 0.940505 0.947546 1.19376 1.01055 0.927205 0.929899 0.996838 0.998492 0.364409 0.430186 0.520747 0.65072 0.652714 0.686691 0.742516 0.763025 0.812331 0.731983 0.700649 0.813806 0.811861 0.902326 0.97889 0.979399 1.0476 1.02304 0.537313 0.932593 0.830316 0.809702 0.790626 0.89048 0.892198 0.881077 0.931592 
Makima_iters8_phase_shifts3_NaiveFTFracDir_full_pi_is_0
 1.2092 0.925943 0.928102 0.713899 0.874289 0.82152 0.850493 0.774882 0.674816 0.408102 0.619507 0.599023 0.605703 0.64503 0.717603 0.740116 0.784333 0.825736 0.607096 1.09625 1.07778 1.08533 0.939966 0.845486 0.969963 0.99678 0.990272 0.353859 1.17294 0.872235 0.708049 0.688923 0.763298 0.810336 0.943235 0.927051 
IDW_iters1_phase_shifts6_Naive_full_pi_is_0
 1.24532 0.978051 0.96765 0.853725 1.00736 1.12338 1.11901 1.12735 1.03042 0.331198 0.429701 0.546682 0.639772 0.678939 0.644275 0.654323 0.75663 0.750726 0.889686 0.98211 0.877702 0.903971 0.816514 0.713158 0.693885 0.682584 0.692513 1.05735 0.674237 0.741641 0.828423 0.808895 0.867956 0.79943 0.833316 0.818508 
IDW_iters0_phase_shifts6_Naive_full_pi_is_0
 1.24532 0.978051 0.96765 0.853725 1.00736 1.12338 1.11901 1.12735 1.03042 0.331198 0.429701 0.546682 0.639772 0.678939 0.644275 0.654323 0.75663 0.750726 0.889686 0.98211 0.877702 0.903971 0.816514 0.713158 0.693885 0.682584 0.692513 1.05735 0.674237 0.741641 0.828423 0.808895 0.867956 0.79943 0.833316 0.818508 
RBFGaussian_iters2_phase_shifts3_Naive_full_pi_is_1
 0.454121 0.954007 0.950443 0.938802 1.00765 1.01446 1.00417 1.08108 1.07501 0.429074 0.557198 0.574388 0.664274 0.735243 0.681717 0.739201 0.721084 0.720245 0.70817 0.940727 0.778915 0.806548 0.855033 1.18147 1.10019 0.873934 1.05531 0.546376 0.920418 0.802414 0.865949 0.735279 0.791334 0.832569 0.800651 0.794865 
RBFBell_iters2_phase_shifts3_Naive_full_pi_is_1
 0.454121 0.954007 0.950443 0.938802 1.00765 1.01446 1.00417 1.08108 1.07501 0.429074 0.557198 0.574388 0.664274 0.735243 0.681717 0.739201 0.721084 0.720245 0.70817 0.940727 0.778915 0.806548 0.855033 1.18147 1.10019 0.873934 1.05531 0.546376 0.920418 0.802414 0.865949 0.735279 0.791334 0.832569 0.800651 0.794865 
Makima_iters5_phase_shifts3_Naive_full_pi_is_1
 0.641048 1.05277 1.10357 0.993891 0.809609 0.998845 0.978272 0.857596 0.770445 0.354279 0.439914 0.508624 0.63763 0.687421 0.632357 0.707223 0.715761 0.792698 0.691665 0.653154 0.893338 0.950851 0.8616 0.978979 1.1094 0.960415 0.9583 1.52862 0.860433 0.681925 0.724464 0.805427 0.69714 0.811453 0.802599 0.791627 
IDW_iters6_phase_shifts3_NaiveFTFracDir_full_pi_is_0
 0.849513 0.678038 0.706476 0.863445 0.798058 0.819678 0.906424 0.740628 0.670698 0.382591 0.617551 0.610474 0.67909 0.680782 0.707713 0.716854 0.727707 0.779183 1.17234 1.17847 1.07843 1.13855 1.05219 1.00181 1.06554 0.927138 1.00654 0.626215 0.79415 0.695935 0.833517 0.712531 0.850288 0.860789 0.920724 0.889149 
RBFGaussian_iters3_phase_shifts2_NaiveFTFracDir_full_pi_is_1
 0.687587 0.889341 0.89331 0.92406 0.962873 0.962639 0.98858 1.01382 0.945409 0.592857 0.625549 0.551467 0.666962 0.703798 0.677255 0.783742 0.799921 0.745907 0.682315 0.736354 1.13345 0.967861 1.03882 0.956544 0.931148 0.895498 1.11718 0.653841 0.626992 0.785648 0.925606 0.780395 0.79701 0.857712 0.813714 0.840361 
RBFBell_iters3_phase_shifts2_NaiveFTFracDir_full_pi_is_1
 0.687587 0.889341 0.89331 0.92406 0.962873 0.962639 0.98858 1.01382 0.945409 0.592857 0.625549 0.551467 0.666962 0.703798 0.677255 0.783742 0.799921 0.745907 0.682315 0.736354 1.13345 0.967861 1.03882 0.956544 0.931148 0.895498 1.11718 0.653841 0.626992 0.785648 0.925606 0.780395 0.79701 0.857712 0.813714 0.840361 
IDW_iters4_phase_shifts7_NaiveFTFracDir_full_pi_is_1
 0.832289 0.775034 0.721778 1.08625 0.974711 0.997754 0.988272 0.886019 0.789511 0.368802 0.402597 0.477518 0.600091 0.551662 0.617835 0.73729 0.74611 0.730344 0.674582 0.747727 0.922808 1.20059 1.06633 1.07665 1.17906 0.982737 1.03635 1.22894 0.769655 0.590641 0.804719 0.693492 0.737709 0.823345 0.830706 0.812267 
Makima_iters4_phase_shifts8_NaiveFTFracDir_full_pi_is_0
 1.11043 1.06347 0.936871 0.813504 0.922259 0.989579 1.16795 0.863911 0.74961 0.385749 0.46431 0.501635 0.519094 0.5464 0.592329 0.688081 0.682964 0.734097 0.955827 0.966843 1.05539 1.08614 0.943903 1.06482 0.916124 0.881663 0.858026 0.896661 0.894768 0.71123 0.82435 0.726493 0.692713 0.784434 0.817762 0.834085 
Makima_iters5_phase_shifts5_NaiveFTFracDir_full_pi_is_1
 0.731041 0.972143 1.05484 0.991484 0.767374 0.827136 0.752597 0.871655 0.765203 0.434167 0.533205 0.611048 0.539089 0.596806 0.624034 0.682617 0.671096 0.694783 0.724991 0.663057 1.0611 1.15683 1.05384 1.31625 1.39172 1.17685 1.02458 0.637933 0.84016 0.606416 0.785441 0.811395 0.700461 0.768782 0.790156 0.798357 
IDW_iters4_phase_shifts8_NaiveFTFracDir_full_pi_is_0
 0.861841 0.758255 0.753586 1.132 0.761745 0.940122 0.827768 0.767957 0.674438 0.360397 0.468595 0.576583 0.609753 0.650014 0.667576 0.708171 0.729397 0.78589 1.09927 1.26389 1.07207 1.11032 1.00794 0.904446 1.05682 0.810291 0.949115 0.929575 0.808944 0.694976 0.814008 0.748552 0.855906 0.830084 0.866634 0.894605 
RBFGaussian_iters2_phase_shifts2_Naive_full_pi_is_1
 0.699274 0.878291 0.870645 0.790898 0.963025 1.06966 1.0691 1.08698 1.04373 0.520475 0.52167 0.643236 0.658419 0.670602 0.652635 0.713015 0.713792 0.742481 0.703928 0.85255 0.860239 0.824407 0.871162 1.15032 1.03784 0.882621 1.08735 0.977043 0.874804 0.774306 0.903545 0.786231 0.734953 0.79964 0.765896 0.762494 
RBFBell_iters2_phase_shifts2_Naive_full_pi_is_1
 0.699274 0.878291 0.870645 0.790898 0.963025 1.06966 1.0691 1.08698 1.04373 0.520475 0.52167 0.643236 0.658419 0.670602 0.652635 0.713015 0.713792 0.742481 0.703928 0.85255 0.860239 0.824407 0.871162 1.15032 1.03784 0.882621 1.08735 0.977043 0.874804 0.774306 0.903545 0.786231 0.734953 0.79964 0.765896 0.762494 
RBFBell_iters2_phase_shifts2_Naive_full_pi_is_0
 0.914983 0.777829 0.807903 0.759838 0.891146 0.87333 0.873827 1.03331 0.971741 0.48936 0.541768 0.604538 0.721331 0.784749 0.751989 0.766344 0.782218 0.812829 0.942061 0.879185 0.961047 1.0164 0.923363 0.697285 0.841039 0.705282 0.92416 1.04749 0.733184 0.864819 0.912139 0.917985 0.963884 0.886992 0.8921 0.886935 
RBFGaussian_iters2_phase_shifts2_Naive_full_pi_is_0
 0.914983 0.777829 0.807903 0.759838 0.891146 0.87333 0.873827 1.03331 0.971741 0.48936 0.541768 0.604538 0.721331 0.784749 0.751989 0.766344 0.782218 0.812829 0.942061 0.879185 0.961047 1.0164 0.923363 0.697285 0.841039 0.705282 0.92416 1.04749 0.733184 0.864819 0.912139 0.917985 0.963884 0.886992 0.8921 0.886935 
RBFTPS_iters9_phase_shifts2_NaiveFTFracDir_full_pi_is_0
 1.1471 1.01679 0.709171 1.19238 0.852409 0.871194 0.961434 0.897416 0.706955 0.438623 0.487535 0.538965 0.587211 0.637177 0.673817 0.74592 0.691479 0.720912 0.690526 1.03525 1.05782 1.10302 1.03576 0.854031 0.842663 0.800824 0.952927 1.00854 0.893686 0.705472 0.758904 0.738494 0.7914 0.820068 0.927081 0.911825 
IDW_iters4_phase_shifts5_NaiveFTFracDir_full_pi_is_1
 0.619498 1.22043 1.1808 1.19546 1.07459 0.946207 0.99214 0.94093 0.830151 0.388818 0.5266 0.492183 0.580272 0.606035 0.658372 0.732552 0.748383 0.722351 0.695288 0.626285 0.909614 1.13989 1.05889 0.943579 1.06916 0.916846 0.916151 0.851595 0.795097 0.60328 0.761761 0.74628 0.727618 0.78744 0.798712 0.801747 
RBFMultiquadricAuto_iters3_phase_shifts8_NaiveFTFracDir_full_pi_is_1
 0.495088 0.635264 0.625264 0.707536 0.909597 0.926693 0.934143 0.889527 0.917302 0.513209 0.55277 0.703018 0.704042 0.780481 0.758438 0.827925 0.788841 0.796591 0.710262 0.744496 1.21192 0.92346 1.12583 1.10347 1.07341 1.15808 1.1683 0.608213 0.987913 0.707466 0.842986 0.720859 0.792408 0.806541 0.826868 0.824247 
Makima_iters8_phase_shifts9_NaiveFTFracDir_full_pi_is_1
 0.697187 0.763744 0.796096 0.869773 0.875984 0.849075 0.864952 0.843401 0.718835 0.428567 0.485914 0.641778 0.583711 0.476266 0.602981 0.674758 0.721897 0.737298 1.70467 0.783285 0.846622 0.840316 0.918199 1.09177 1.01349 1.06447 0.969371 1.09587 0.767535 0.74691 0.808044 0.71042 0.745545 0.889335 0.94641 0.923691 
RBFGaussian_iters0_phase_shifts2_NaiveFTFracDir_full_pi_is_1
 1.15807 1.08623 0.993752 0.922026 1.0257 1.09081 1.10449 1.0105 1.18478 0.582279 0.563828 0.634541 0.651777 0.665233 0.705389 0.702168 0.705323 0.716523 1.29802 0.926412 0.848877 0.797942 0.760897 0.819668 0.820216 0.82815 0.904413 0.404735 0.537808 0.603728 0.818839 0.801517 0.777267 0.711045 0.762488 0.753274 
RBFBell_iters0_phase_shifts2_NaiveFTFracDir_full_pi_is_1
 1.15807 1.08623 0.993752 0.922026 1.0257 1.09081 1.10449 1.0105 1.18478 0.582279 0.563828 0.634541 0.651777 0.665233 0.705389 0.702168 0.705323 0.716523 1.29802 0.926412 0.848877 0.797942 0.760897 0.819668 0.820216 0.82815 0.904413 0.404735 0.537808 0.603728 0.818839 0.801517 0.777267 0.711045 0.762488 0.753274 
RBFGaussian_iters1_phase_shifts2_NaiveFTFracDir_full_pi_is_1
 1.15807 1.08623 0.993752 0.922026 1.0257 1.09081 1.10449 1.0105 1.18478 0.582279 0.563828 0.634541 0.651777 0.665233 0.705389 0.702168 0.705323 0.716523 1.29802 0.926412 0.848877 0.797942 0.760897 0.819668 0.820216 0.82815 0.904413 0.404735 0.537808 0.603728 0.818839 0.801517 0.777267 0.711045 0.762488 0.753274 
RBFBell_iters1_phase_shifts2_NaiveFTFracDir_full_pi_is_1
 1.15807 1.08623 0.993752 0.922026 1.0257 1.09081 1.10449 1.0105 1.18478 0.582279 0.563828 0.634541 0.651777 0.665233 0.705389 0.702168 0.705323 0.716523 1.29802 0.926412 0.848877 0.797942 0.760897 0.819668 0.820216 0.82815 0.904413 0.404735 0.537808 0.603728 0.818839 0.801517 0.777267 0.711045 0.762488 0.753274 
RBFTPS_iters3_phase_shifts6_Naive_full_pi_is_1
 0.515876 0.880042 0.941715 1.15019 0.999751 0.901161 0.902117 1.2672 1.05007 0.426423 0.407136 0.508133 0.632977 0.674278 0.638957 0.700349 0.7022 0.68681 0.745999 0.711381 0.801138 0.795543 0.850539 1.04349 1.0645 0.972632 1.10145 0.486657 0.884657 0.750161 0.901309 0.998383 0.8495 0.871091 0.918645 0.909678 
RBFBell_iters4_phase_shifts8_NaiveFTFracDir_full_pi_is_1
 0.369445 0.845941 0.724242 0.763881 0.890742 0.896769 0.909548 0.864143 0.7851 0.568885 0.563982 0.606846 0.767912 0.777613 0.759216 0.829835 0.827477 0.814402 0.768541 0.805861 0.962516 0.828428 1.07122 1.14634 1.21509 1.10159 1.07459 0.790823 0.849507 0.834498 0.985278 0.711911 0.762349 0.818257 0.835288 0.839148 
RBFGaussian_iters4_phase_shifts8_NaiveFTFracDir_full_pi_is_1
 0.369445 0.845941 0.724242 0.763881 0.890742 0.896769 0.909548 0.864143 0.7851 0.568885 0.563982 0.606846 0.767912 0.777613 0.759216 0.829835 0.827477 0.814402 0.768541 0.805861 0.962516 0.828428 1.07122 1.14634 1.21509 1.10159 1.07459 0.790823 0.849507 0.834498 0.985278 0.711911 0.762349 0.818257 0.835288 0.839148 
IDW_iters5_phase_shifts5_NaiveFTFracDir_full_pi_is_0
 0.982091 1.14982 1.07127 1.08121 0.854783 0.85304 0.870865 0.759447 0.60062 0.404207 0.497599 0.621297 0.662498 0.685032 0.683019 0.723831 0.75706 0.827613 1.03204 1.05548 1.04208 1.0972 1.00676 0.933113 0.931707 0.839364 0.935447 0.445923 0.846925 0.678081 0.734366 0.699655 0.818526 0.826806 0.904503 0.905541 
RBFMultiquadricManual_iters1_phase_shifts7_NaiveFTFracDir_full_pi_is_0
 0.747713 0.625895 0.630187 0.719549 0.90482 0.973354 0.941763 0.934127 1.06559 0.766831 0.896773 0.945932 0.859579 0.941552 0.947696 1.01369 0.949427 0.918039 0.902761 1.12886 0.891829 0.891102 0.847785 0.830243 0.706644 0.830627 0.548275 0.299812 0.796463 0.804926 0.900628 0.869263 0.777719 0.714319 0.766125 0.767728 
RBFMultiquadricManual_iters0_phase_shifts7_NaiveFTFracDir_full_pi_is_0
 0.747713 0.625895 0.630187 0.719549 0.90482 0.973354 0.941763 0.934127 1.06559 0.766831 0.896773 0.945932 0.859579 0.941552 0.947696 1.01369 0.949427 0.918039 0.902761 1.12886 0.891829 0.891102 0.847785 0.830243 0.706644 0.830627 0.548275 0.299812 0.796463 0.804926 0.900628 0.869263 0.777719 0.714319 0.766125 0.767728 
RBFTPS_iters0_phase_shifts5_Naive_full_pi_is_0
 1.08831 0.838689 0.851301 0.89458 0.967033 1.11119 1.10255 1.17228 1.07476 0.409154 0.496222 0.526166 0.581818 0.64129 0.670714 0.749059 0.691191 0.670861 0.903424 1.03892 0.886341 0.900744 0.848641 0.7398 0.705552 0.825557 0.831725 0.987057 0.791692 0.789338 0.838228 0.878989 0.859423 0.821394 0.863724 0.859057 
RBFTPS_iters1_phase_shifts5_Naive_full_pi_is_0
 1.08831 0.838689 0.851301 0.89458 0.967033 1.11119 1.10255 1.17228 1.07476 0.409154 0.496222 0.526166 0.581818 0.64129 0.670714 0.749059 0.691191 0.670861 0.903424 1.03892 0.886341 0.900744 0.848641 0.7398 0.705552 0.825557 0.831725 0.987057 0.791692 0.789338 0.838228 0.878989 0.859423 0.821394 0.863724 0.859057 
RBFTPS_iters3_phase_shifts8_Naive_full_pi_is_1
 0.578894 0.86834 0.90459 1.10382 1.00353 0.910902 0.912105 1.27064 1.06112 0.391418 0.418874 0.618327 0.591993 0.618876 0.624437 0.689918 0.689827 0.659802 0.751441 0.714917 0.805512 0.800404 0.852268 1.05079 1.07446 0.976307 1.04502 0.462025 0.89564 0.778787 0.909704 1.02168 0.877734 0.886211 0.937347 0.929193 
Makima_iters9_phase_shifts2_Naive_full_pi_is_1
 0.655359 1.24192 1.34114 1.02688 1.02057 1.07068 1.08739 0.914471 0.792975 0.432625 0.451337 0.529764 0.633759 0.686715 0.650319 0.632577 0.696597 0.722394 0.575762 0.446986 0.904439 0.743132 1.05243 0.700203 0.850272 0.81108 1.11495 1.2772 0.82688 0.775759 0.71111 0.750906 0.761001 0.850203 0.873588 0.85904 
Makima_iters6_phase_shifts4_Naive_full_pi_is_1
 0.57399 1.20963 1.1599 1.08941 0.989783 1.01489 0.932189 0.94732 0.851286 0.369018 0.438022 0.532747 0.66698 0.629675 0.635101 0.656608 0.727453 0.729798 0.667046 0.439545 0.850164 0.931207 0.837586 0.93967 1.11157 1.02832 0.793814 1.60442 0.818946 0.644658 0.643093 0.797705 0.683255 0.781945 0.796289 0.793497 
RBFTPS_iters3_phase_shifts9_Naive_full_pi_is_1
 0.578504 0.868944 0.909995 1.10315 1.00318 0.911635 0.9127 1.26292 1.06698 0.395721 0.421951 0.61864 0.584469 0.61425 0.62552 0.683691 0.691876 0.645076 0.751125 0.731645 0.808032 0.800151 0.853833 1.05721 1.08361 0.982015 1.04918 0.452739 0.866805 0.779208 0.912336 1.02632 0.884339 0.890715 0.930691 0.933188 
RBFMultiquadricAuto_iters0_phase_shifts7_NaiveFTFracDir_full_pi_is_0
 0.799577 0.677193 0.6564 0.738744 0.950723 1.02759 1.01698 1.028 0.979382 0.575117 0.549272 0.727446 0.731355 0.859936 0.878409 0.846432 0.848508 0.849005 0.955535 1.12992 0.970736 0.937026 0.884666 1.13377 0.830406 1.00017 0.733417 0.296464 0.712292 0.802776 0.864065 0.937667 0.790679 0.733006 0.7983 0.771696 
RBFMultiquadricAuto_iters1_phase_shifts7_NaiveFTFracDir_full_pi_is_0
 0.799577 0.677193 0.6564 0.738744 0.950723 1.02759 1.01698 1.028 0.979382 0.575117 0.549272 0.727446 0.731355 0.859936 0.878409 0.846432 0.848508 0.849005 0.955535 1.12992 0.970736 0.937026 0.884666 1.13377 0.830406 1.00017 0.733417 0.296464 0.712292 0.802776 0.864065 0.937667 0.790679 0.733006 0.7983 0.771696 
RBFMultiquadricManual_iters1_phase_shifts3_NaiveFTFracDir_full_pi_is_0
 0.731063 0.547507 0.522026 0.670245 0.890749 0.864338 0.866162 0.937054 0.897673 0.909798 1.1716 1.05177 0.907655 0.883081 0.885129 0.983578 0.8884 0.897129 0.84632 1.08201 0.907074 0.921417 0.849582 0.912287 0.747409 0.863693 0.539483 0.945634 0.775546 0.763963 0.808333 0.837268 0.758428 0.68419 0.734135 0.730108 
RBFMultiquadricManual_iters0_phase_shifts3_NaiveFTFracDir_full_pi_is_0
 0.731063 0.547507 0.522026 0.670245 0.890749 0.864338 0.866162 0.937054 0.897673 0.909798 1.1716 1.05177 0.907655 0.883081 0.885129 0.983578 0.8884 0.897129 0.84632 1.08201 0.907074 0.921417 0.849582 0.912287 0.747409 0.863693 0.539483 0.945634 0.775546 0.763963 0.808333 0.837268 0.758428 0.68419 0.734135 0.730108 
RBFTPS_iters1_phase_shifts6_Naive_full_pi_is_0
 1.09921 0.874498 0.891505 0.925248 0.977439 1.11796 1.11609 1.17678 1.08723 0.405559 0.496826 0.527016 0.575217 0.634007 0.664948 0.643045 0.687771 0.674747 0.909352 1.03654 0.838273 0.856082 0.84917 0.742193 0.708719 0.837687 0.826337 0.992796 0.796015 0.796777 0.867873 0.885908 0.86951 0.821547 0.863232 0.861903 
RBFTPS_iters0_phase_shifts6_Naive_full_pi_is_0
 1.09921 0.874498 0.891505 0.925248 0.977439 1.11796 1.11609 1.17678 1.08723 0.405559 0.496826 0.527016 0.575217 0.634007 0.664948 0.643045 0.687771 0.674747 0.909352 1.03654 0.838273 0.856082 0.84917 0.742193 0.708719 0.837687 0.826337 0.992796 0.796015 0.796777 0.867873 0.885908 0.86951 0.821547 0.863232 0.861903 
IDW_iters0_phase_shifts2_Naive_full_pi_is_1
 1.10687 0.744564 0.734692 0.775934 0.980831 0.969118 0.963865 0.912773 0.931049 0.404632 0.448847 0.500804 0.554702 0.541798 0.555324 0.562273 0.61708 0.596321 0.860436 0.925376 0.792423 0.768568 0.779824 0.675372 0.628874 0.706343 0.66309 2.51126 0.882326 0.65758 0.708358 0.753885 0.723648 0.764949 0.751752 0.755522 
IDW_iters1_phase_shifts2_Naive_full_pi_is_1
 1.10687 0.744564 0.734692 0.775934 0.980831 0.969118 0.963865 0.912773 0.931049 0.404632 0.448847 0.500804 0.554702 0.541798 0.555324 0.562273 0.61708 0.596321 0.860436 0.925376 0.792423 0.768568 0.779824 0.675372 0.628874 0.706343 0.66309 2.51126 0.882326 0.65758 0.708358 0.753885 0.723648 0.764949 0.751752 0.755522 
RBFTPS_iters5_phase_shifts4_NaiveFTFracDir_full_pi_is_0
 1.11425 0.872423 0.864859 0.906854 0.916222 0.911674 0.910287 0.752488 0.645031 0.386295 0.43277 0.509446 0.58423 0.67082 0.728555 0.777232 0.785143 0.799722 0.791585 1.17926 1.10774 1.15338 0.984691 0.771549 0.822759 0.802388 0.87674 1.08353 1.046 0.773794 0.820738 0.751388 0.788178 0.855535 0.889834 0.902651 
RBFMultiquadricAuto_iters1_phase_shifts2_NaiveFTFracDir_full_pi_is_0
 0.953726 0.575228 0.578092 0.618818 0.838997 0.882886 0.867058 0.980808 0.932719 0.60377 0.71941 0.880347 0.846707 0.917826 0.90397 0.85901 0.797181 0.775062 0.879226 1.11245 0.914368 0.903349 0.858754 0.913144 0.886672 0.99063 0.908683 0.911133 0.792178 0.959345 0.866026 0.915254 0.772591 0.729589 0.775663 0.762559 
RBFMultiquadricAuto_iters0_phase_shifts2_NaiveFTFracDir_full_pi_is_0
 0.953726 0.575228 0.578092 0.618818 0.838997 0.882886 0.867058 0.980808 0.932719 0.60377 0.71941 0.880347 0.846707 0.917826 0.90397 0.85901 0.797181 0.775062 0.879226 1.11245 0.914368 0.903349 0.858754 0.913144 0.886672 0.99063 0.908683 0.911133 0.792178 0.959345 0.866026 0.915254 0.772591 0.729589 0.775663 0.762559 
RBFTPS_iters4_phase_shifts4_NaiveFTFracDir_full_pi_is_0
 1.04643 0.795611 0.780472 0.990152 0.798294 0.916452 1.03382 0.739165 0.681291 0.371961 0.422737 0.522621 0.567979 0.6403 0.712126 0.750771 0.779224 0.753211 0.920735 1.05328 1.03498 1.10636 0.971048 0.719037 0.817043 0.811277 0.984995 1.37339 1.0789 0.777438 0.857251 0.737386 0.774129 0.841732 0.854339 0.860505 
RBFTPS_iters2_phase_shifts8_Naive_full_pi_is_1
 0.568415 0.866629 0.872319 0.911969 0.973837 0.949938 0.954292 1.07616 1.04602 0.484082 0.518523 0.714802 0.725004 0.702832 0.690495 0.722017 0.748875 0.689622 0.768595 0.842293 0.828826 0.816305 0.835992 1.0892 1.01129 0.963757 1.09472 1.06055 0.837843 0.808255 0.878691 0.915175 0.769517 0.814311 0.848665 0.833843 
RBFMultiquadricAuto_iters0_phase_shifts8_NaiveFTFracDir_full_pi_is_0
 0.870088 0.631147 0.663552 0.717291 0.950138 1.04005 1.03615 1.00964 1.00374 0.588883 0.54291 0.720263 0.706299 0.852602 0.844663 0.84898 0.857311 0.831644 0.991995 1.12789 0.955796 0.93109 0.886917 1.08065 0.791948 0.973791 0.636247 0.649719 0.746772 0.830934 0.876215 0.945731 0.805068 0.743559 0.820749 0.782027 
RBFMultiquadricAuto_iters1_phase_shifts8_NaiveFTFracDir_full_pi_is_0
 0.870088 0.631147 0.663552 0.717291 0.950138 1.04005 1.03615 1.00964 1.00374 0.588883 0.54291 0.720263 0.706299 0.852602 0.844663 0.84898 0.857311 0.831644 0.991995 1.12789 0.955796 0.93109 0.886917 1.08065 0.791948 0.973791 0.636247 0.649719 0.746772 0.830934 0.876215 0.945731 0.805068 0.743559 0.820749 0.782027 
IDW_iters2_phase_shifts3_Naive_full_pi_is_0
 0.926168 1.12337 1.06536 0.932658 0.938583 1.00431 1.00026 0.971649 0.998827 0.356973 0.43393 0.548247 0.626928 0.715099 0.668844 0.713906 0.697132 0.708283 0.917709 0.904579 0.817974 0.868791 0.801097 0.822074 0.779528 0.680329 0.755888 1.36203 0.731617 0.855964 0.850152 0.907358 0.874675 0.869469 0.862772 0.912639 
Makima_iters5_phase_shifts5_Naive_full_pi_is_1
 0.548397 1.19353 1.31667 1.15539 0.829807 1.05 0.972958 0.878537 0.875749 0.359048 0.440092 0.568178 0.59854 0.644984 0.65334 0.656681 0.699808 0.735291 0.646175 0.422296 0.869668 0.917673 0.82788 1.04597 1.15274 1.02219 0.825276 1.40184 0.871451 0.72011 0.610437 0.839098 0.715411 0.82264 0.811345 0.814295 
IDW_iters3_phase_shifts2_Naive_full_pi_is_0
 1.74869 0.990487 0.957859 0.799915 0.817541 0.906513 0.900004 0.87998 0.81219 0.331025 0.428041 0.505731 0.600505 0.613181 0.776533 0.78266 0.784828 0.806457 1.25486 0.926877 0.913183 0.968112 1.11675 0.724461 0.89164 0.701257 0.748329 0.643273 0.643013 0.684095 0.769506 0.843965 0.83459 0.811216 0.839203 0.818116 
RBFGaussian_iters2_phase_shifts5_Naive_full_pi_is_1
 0.484659 0.992934 0.988093 0.981479 0.99658 1.00343 1.00608 1.09187 1.06344 0.565987 0.619106 0.677663 0.755761 0.71931 0.667276 0.748455 0.769031 0.733663 0.707384 0.986448 0.757138 0.712451 0.840662 1.16068 0.987288 0.984511 1.01242 0.3761 0.965346 0.759144 0.89016 0.777188 0.822355 0.849127 0.825774 0.81843 
RBFBell_iters2_phase_shifts5_Naive_full_pi_is_1
 0.484659 0.992934 0.988093 0.981479 0.99658 1.00343 1.00608 1.09187 1.06344 0.565987 0.619106 0.677663 0.755761 0.71931 0.667276 0.748455 0.769031 0.733663 0.707384 0.986448 0.757138 0.712451 0.840662 1.16068 0.987288 0.984511 1.01242 0.3761 0.965346 0.759144 0.89016 0.777188 0.822355 0.849127 0.825774 0.81843 
RBFGaussian_iters4_phase_shifts4_NaiveFTFracDir_full_pi_is_0
 0.864266 0.701663 0.711771 0.781393 0.808833 0.830518 0.819172 0.779792 0.707978 0.551617 0.592712 0.678679 0.726644 0.798206 0.827312 0.887503 0.907692 0.868614 0.867071 0.995731 1.05501 1.12239 1.00542 0.75504 0.712131 0.760876 0.883671 1.30479 0.84865 0.863991 0.984332 0.733085 0.866875 0.881365 0.920296 0.910376 
RBFBell_iters4_phase_shifts4_NaiveFTFracDir_full_pi_is_0
 0.864266 0.701663 0.711771 0.781393 0.808833 0.830518 0.819172 0.779792 0.707978 0.551617 0.592712 0.678679 0.726644 0.798206 0.827312 0.887503 0.907692 0.868614 0.867071 0.995731 1.05501 1.12239 1.00542 0.75504 0.712131 0.760876 0.883671 1.30479 0.84865 0.863991 0.984332 0.733085 0.866875 0.881365 0.920296 0.910376 
IDW_iters4_phase_shifts2_Naive_full_pi_is_0
 0.854186 1.08983 0.895835 0.990425 0.87107 0.855865 0.861843 0.822358 0.742886 0.365811 0.481812 0.535861 0.664167 0.655591 0.72333 0.819662 0.803617 0.878039 1.01429 0.993833 0.988069 1.03757 1.03149 0.96513 0.781486 0.757916 0.840198 0.722377 0.739482 0.854708 0.865866 0.977083 0.930097 0.930373 0.941012 0.939523 
Makima_iters2_phase_shifts9_Naive_full_pi_is_0
 0.742201 0.721258 0.744208 0.786037 1.25341 1.31794 1.06896 1.43301 1.24083 0.37851 0.399987 0.482912 0.551255 0.581015 0.608873 0.653059 0.667017 0.650446 0.745696 0.932575 0.810377 0.847587 0.811919 0.795704 0.756993 0.817954 0.825082 1.04853 0.748681 0.859585 0.851912 0.97256 0.859714 0.830838 0.904653 0.899882 
Makima_iters4_phase_shifts6_NaiveFTFracDir_full_pi_is_0
 1.58466 0.870381 0.746895 0.861232 1.03506 0.951005 0.946705 0.78261 0.670193 0.434843 0.463775 0.532078 0.534614 0.581859 0.618151 0.708551 0.702437 0.737294 0.766201 0.785116 0.956929 1.0009 0.87132 1.01088 1.08561 0.842177 0.824393 1.44889 0.842878 0.665899 0.872007 0.685488 0.706622 0.808096 0.844286 0.852626 
Makima_iters3_phase_shifts2_Naive_full_pi_is_0
 1.76033 0.869153 0.839064 0.843235 1.06924 0.899101 0.901657 0.820914 0.659874 0.327874 0.416493 0.532177 0.609537 0.576346 0.660701 0.642689 0.656102 0.707326 1.17007 0.861974 0.892576 0.941412 0.866779 1.01905 0.93896 0.823339 0.889108 1.28566 0.885649 0.607036 0.718569 0.696544 0.666843 0.743639 0.814231 0.839626 
RBFTPS_iters0_phase_shifts7_Naive_full_pi_is_0
 1.1013 0.889008 0.893457 0.938576 0.984575 1.12695 1.12491 1.18348 1.07808 0.39007 0.491676 0.537137 0.60273 0.639852 0.701787 0.742523 0.692025 0.669192 0.914718 1.04013 0.840076 0.857812 0.815633 0.738745 0.71606 0.842788 0.826976 0.943826 0.783389 0.802987 0.866411 0.896048 0.865098 0.824245 0.870149 0.873156 
RBFTPS_iters1_phase_shifts7_Naive_full_pi_is_0
 1.1013 0.889008 0.893457 0.938576 0.984575 1.12695 1.12491 1.18348 1.07808 0.39007 0.491676 0.537137 0.60273 0.639852 0.701787 0.742523 0.692025 0.669192 0.914718 1.04013 0.840076 0.857812 0.815633 0.738745 0.71606 0.842788 0.826976 0.943826 0.783389 0.802987 0.866411 0.896048 0.865098 0.824245 0.870149 0.873156 
RBFTPS_iters5_phase_shifts5_Naive_full_pi_is_1
 0.662314 1.01542 1.02284 1.24359 0.930738 0.953999 0.956173 1.02306 1.00091 0.359274 0.43799 0.68233 0.679679 0.691428 0.703288 0.750302 0.78598 0.81084 0.701869 0.58479 0.833181 0.816011 0.912911 1.01107 0.997663 1.0555 1.05842 0.389728 0.919443 0.77938 0.804926 0.794135 0.907258 0.893547 0.890299 0.932761 
RBFTPS_iters6_phase_shifts2_NaiveFTFracDir_full_pi_is_1
 0.821306 1.11957 1.05156 1.25297 0.923749 0.900565 0.880214 0.915512 0.871795 0.421337 0.460824 0.55999 0.662141 0.606218 0.651209 0.774794 0.723008 0.766397 0.668573 0.726063 0.934688 0.985387 1.03674 1.16803 0.885896 0.971113 1.0627 0.639832 0.781459 0.804217 0.879655 0.695327 0.830039 0.858085 0.885167 0.885668 
RBFTPS_iters6_phase_shifts5_Naive_full_pi_is_1
 0.63985 1.04133 1.03016 1.21611 0.940008 0.927808 0.928972 0.942937 0.922055 0.367601 0.429769 0.721742 0.678016 0.716184 0.725966 0.770619 0.808803 0.834194 0.696578 0.568646 0.794241 0.779066 0.889384 0.899146 0.905154 1.02312 1.04461 0.823767 0.972192 0.854342 0.737777 0.81632 0.95939 0.929086 0.869116 0.975406 
Makima_iters8_phase_shifts8_Naive_full_pi_is_1
 0.852195 1.36727 1.43589 1.30126 1.06636 0.935178 0.954416 1.05026 0.993717 0.411519 0.507948 0.587493 0.600703 0.742616 0.652975 0.638827 0.740362 0.74865 0.681895 0.574598 0.465779 0.500127 0.856341 0.726915 0.715976 0.764221 0.756593 1.20436 0.856837 0.775499 0.811432 0.974989 0.751812 0.814517 0.886157 0.885919 
IDW_iters6_phase_shifts3_Naive_full_pi_is_1
 0.678747 0.972637 0.999035 1.08034 0.943484 1.18819 1.02649 0.913062 0.809844 0.403878 0.51021 0.553873 0.804972 0.752686 0.678238 0.732689 0.764074 0.83593 0.693038 0.655472 0.904495 0.864165 0.971709 1.01178 1.14571 0.920731 1.16361 0.482802 0.689081 0.819325 0.823355 0.77318 0.834872 0.884656 0.896972 0.928643 
RBFBell_iters3_phase_shifts2_Naive_full_pi_is_1
 0.462079 0.968954 0.963377 0.887605 0.963621 0.981111 0.980646 1.06909 0.936243 0.543504 0.622055 0.710433 0.778719 0.750403 0.724383 0.782633 0.787598 0.811816 0.722474 0.906431 0.81972 0.826126 0.922366 0.94358 1.10601 0.97301 1.12163 0.801193 0.832678 0.832968 0.932919 0.691019 0.758972 0.861206 0.82124 0.813934 
RBFGaussian_iters3_phase_shifts2_Naive_full_pi_is_1
 0.462079 0.968954 0.963377 0.887605 0.963621 0.981111 0.980646 1.06909 0.936243 0.543504 0.622055 0.710433 0.778719 0.750403 0.724383 0.782633 0.787598 0.811816 0.722474 0.906431 0.81972 0.826126 0.922366 0.94358 1.10601 0.97301 1.12163 0.801193 0.832678 0.832968 0.932919 0.691019 0.758972 0.861206 0.82124 0.813934 
RBFTPS_iters4_phase_shifts3_NaiveFTFracDir_full_pi_is_1
 0.582911 0.985926 1.08853 0.855259 1.01546 0.851351 0.946492 0.986306 0.83761 0.435935 0.470449 0.591314 0.618974 0.604743 0.689993 0.731466 0.709182 0.773659 0.759909 0.73637 0.984556 0.917895 0.975354 0.942105 1.08512 0.981929 1.08748 1.0277 1.03425 0.715624 0.96003 0.817041 0.799655 0.859197 0.860886 0.891716 
RBFMultiquadricAuto_iters1_phase_shifts3_NaiveFTFracDir_full_pi_is_1
 0.842491 0.868994 0.8146 0.808187 1.03341 1.15153 1.14339 1.06493 1.03368 0.439588 0.534852 0.666967 0.71643 0.831716 0.82026 0.805236 0.825862 0.790895 1.35202 1.00923 0.841425 0.802007 1.02036 0.768607 0.703635 0.767831 0.715477 0.695519 0.762155 0.781996 0.81709 0.889177 0.781287 0.771842 0.772832 0.791327 
RBFMultiquadricAuto_iters0_phase_shifts3_NaiveFTFracDir_full_pi_is_1
 0.842491 0.868994 0.8146 0.808187 1.03341 1.15153 1.14339 1.06493 1.03368 0.439588 0.534852 0.666967 0.71643 0.831716 0.82026 0.805236 0.825862 0.790895 1.35202 1.00923 0.841425 0.802007 1.02036 0.768607 0.703635 0.767831 0.715477 0.695519 0.762155 0.781996 0.81709 0.889177 0.781287 0.771842 0.772832 0.791327 
RBFTPS_iters5_phase_shifts3_NaiveFTFracDir_full_pi_is_0
 1.19116 0.670411 0.786926 0.831078 0.912519 0.929852 0.923363 0.843135 0.771187 0.34739 0.426025 0.551454 0.576072 0.684141 0.712763 0.733539 0.739157 0.773507 0.764343 1.09348 1.094 1.15126 0.973301 0.775971 1.10135 0.793155 0.94173 0.967288 0.887156 0.786474 0.840442 0.779741 0.845154 1.03143 0.94435 0.949327 
RBFTPS_iters5_phase_shifts6_NaiveFTFracDir_full_pi_is_1
 0.737319 0.83508 0.831841 0.944481 0.958088 0.908117 0.915612 0.898124 0.868791 0.485436 0.422425 0.558258 0.689032 0.711927 0.716662 0.791433 0.786503 0.754025 0.689539 0.750001 0.947199 0.902315 0.978695 1.34989 1.06512 1.11021 1.13549 0.737836 1.00713 0.660767 0.928291 0.723411 0.822392 0.837726 0.862266 0.87048 
Makima_iters4_phase_shifts4_NaiveFTFracDir_full_pi_is_1
 0.763706 1.29219 1.28764 1.13953 0.859707 1.06647 0.869273 0.937892 0.718512 0.417822 0.51504 0.520801 0.542564 0.656442 0.620259 0.708987 0.697189 0.734608 0.739917 0.640234 1.00279 0.869599 1.12262 1.20592 1.36926 1.12076 0.907541 0.428328 0.813759 0.583238 0.713039 0.654766 0.726744 0.763845 0.789849 0.797468 
IDW_iters8_phase_shifts3_NaiveFTFracDir_full_pi_is_0
 1.02371 0.744379 0.63913 0.766842 0.867647 0.929945 0.930806 0.772535 0.695612 0.450397 0.604334 0.692582 0.770216 0.689553 0.747008 0.759477 0.79245 0.862345 0.943152 1.18143 1.06996 1.14849 1.0231 1.07338 1.01139 0.864076 1.02479 0.410019 0.890768 0.6744 0.780688 0.741817 0.911147 0.856852 0.953156 0.941323 
RBFBell_iters3_phase_shifts3_Naive_full_pi_is_1
 0.432395 0.98011 0.976601 0.980509 0.968312 0.973922 0.957234 1.07871 1.07931 0.571128 0.615898 0.623902 0.787646 0.801426 0.747284 0.801992 0.8059 0.799526 0.686357 0.872896 0.733927 0.756636 0.871268 0.963132 1.14039 1.02203 1.08054 0.501572 0.921326 0.770958 0.937714 0.739141 0.755538 0.887766 0.850056 0.83807 
RBFGaussian_iters3_phase_shifts3_Naive_full_pi_is_1
 0.432395 0.98011 0.976601 0.980509 0.968312 0.973922 0.957234 1.07871 1.07931 0.571128 0.615898 0.623902 0.787646 0.801426 0.747284 0.801992 0.8059 0.799526 0.686357 0.872896 0.733927 0.756636 0.871268 0.963132 1.14039 1.02203 1.08054 0.501572 0.921326 0.770958 0.937714 0.739141 0.755538 0.887766 0.850056 0.83807 
RBFGaussian_iters1_phase_shifts4_Naive_full_pi_is_0
 1.15205 0.882526 0.875292 0.886716 0.969965 1.07499 1.07072 1.13133 1.05167 0.450453 0.458955 0.598655 0.641576 0.59483 0.706603 0.615372 0.687201 0.674763 0.90962 0.991787 0.898507 0.923285 0.840236 0.950247 0.798854 0.785244 0.870922 0.950834 0.827009 0.899435 0.800034 0.901022 0.908062 0.772348 0.865875 0.865766 
RBFBell_iters0_phase_shifts4_Naive_full_pi_is_0
 1.15205 0.882526 0.875292 0.886716 0.969965 1.07499 1.07072 1.13133 1.05167 0.450453 0.458955 0.598655 0.641576 0.59483 0.706603 0.615372 0.687201 0.674763 0.90962 0.991787 0.898507 0.923285 0.840236 0.950247 0.798854 0.785244 0.870922 0.950834 0.827009 0.899435 0.800034 0.901022 0.908062 0.772348 0.865875 0.865766 
RBFBell_iters1_phase_shifts4_Naive_full_pi_is_0
 1.15205 0.882526 0.875292 0.886716 0.969965 1.07499 1.07072 1.13133 1.05167 0.450453 0.458955 0.598655 0.641576 0.59483 0.706603 0.615372 0.687201 0.674763 0.90962 0.991787 0.898507 0.923285 0.840236 0.950247 0.798854 0.785244 0.870922 0.950834 0.827009 0.899435 0.800034 0.901022 0.908062 0.772348 0.865875 0.865766 
RBFGaussian_iters0_phase_shifts4_Naive_full_pi_is_0
 1.15205 0.882526 0.875292 0.886716 0.969965 1.07499 1.07072 1.13133 1.05167 0.450453 0.458955 0.598655 0.641576 0.59483 0.706603 0.615372 0.687201 0.674763 0.90962 0.991787 0.898507 0.923285 0.840236 0.950247 0.798854 0.785244 0.870922 0.950834 0.827009 0.899435 0.800034 0.901022 0.908062 0.772348 0.865875 0.865766 
Makima_iters8_phase_shifts9_Naive_full_pi_is_1
 0.870584 1.21318 1.44456 1.30193 1.07543 0.940598 0.960122 1.06134 1.00434 0.415348 0.515063 0.536537 0.585122 0.771817 0.607989 0.595394 0.668801 0.683328 0.67561 0.574708 0.497222 0.523936 0.877787 0.81077 0.758641 0.790768 0.843481 1.21876 0.858868 0.766776 0.819247 0.97904 0.754458 0.852245 0.920839 0.920863 
Makima_iters8_phase_shifts7_Naive_full_pi_is_1
 0.930508 1.41975 1.3015 1.33352 1.06083 0.942799 0.950563 1.05581 0.994101 0.41193 0.478503 0.508479 0.557088 0.649389 0.636636 0.623441 0.733526 0.729682 0.668297 0.579677 0.967366 0.506847 0.732863 0.814535 0.717403 0.777684 0.751084 1.18591 0.849188 0.784714 0.652558 0.962607 0.748648 0.835987 0.906494 0.912367 
RBFGaussian_iters3_phase_shifts3_NaiveFTFracDir_full_pi_is_1
 0.572382 0.940063 0.968846 0.884777 0.910183 0.946873 0.933202 1.16701 0.944893 0.60194 0.568765 0.666909 0.700795 0.647777 0.714323 0.821105 0.80111 0.787251 0.66928 0.686485 1.06103 0.912488 1.06927 0.977786 1.01065 0.880416 1.07805 0.615349 0.923393 0.799676 0.962148 0.779097 0.766923 0.946377 0.842625 0.839713 
RBFBell_iters3_phase_shifts3_NaiveFTFracDir_full_pi_is_1
 0.572382 0.940063 0.968846 0.884777 0.910183 0.946873 0.933202 1.16701 0.944893 0.60194 0.568765 0.666909 0.700795 0.647777 0.714323 0.821105 0.80111 0.787251 0.66928 0.686485 1.06103 0.912488 1.06927 0.977786 1.01065 0.880416 1.07805 0.615349 0.923393 0.799676 0.962148 0.779097 0.766923 0.946377 0.842625 0.839713 
IDW_iters5_phase_shifts7_NaiveFTFracDir_full_pi_is_0
 0.853463 0.914809 1.00851 1.02097 0.895876 0.888515 0.881713 0.730314 0.647103 0.425417 0.468307 0.618229 0.63564 0.664761 0.680861 0.708602 0.765872 0.842581 1.05022 1.25228 1.09976 1.15162 1.16567 0.972297 0.943041 0.911854 0.96564 0.553606 0.829019 0.682388 0.777087 0.782526 0.803063 0.804051 0.875471 0.884825 
Makima_iters7_phase_shifts9_Naive_full_pi_is_1
 0.804349 1.30795 1.30784 1.22841 0.95201 0.808166 0.812982 0.950858 0.788451 0.398474 0.475688 0.471567 0.565171 0.715755 0.619556 0.607954 0.676813 0.71164 0.669335 0.608203 0.541192 0.547219 0.878456 1.25881 1.33847 1.18562 1.05447 1.16033 0.815275 0.60339 0.584114 0.819227 0.692864 0.786145 0.854666 0.868669 
RBFTPS_iters2_phase_shifts4_Naive_full_pi_is_0
 0.894792 0.728024 0.795985 0.811759 0.97451 1.03174 1.03202 1.01921 1.05528 0.426911 0.468663 0.541702 0.68731 0.673916 0.708461 0.693822 0.682767 0.716218 0.865614 1.04776 0.948335 0.979989 0.929378 0.791387 0.758526 0.819592 0.965568 0.91109 0.741704 0.867175 0.94265 1.05844 0.954851 0.907596 0.95905 0.963592 
Makima_iters9_phase_shifts3_Naive_full_pi_is_1
 0.606151 1.20502 1.22369 1.06963 1.09256 1.0944 1.08829 0.869363 0.763064 0.448194 0.461088 0.47727 0.612571 0.596861 0.624724 0.697836 0.706541 0.756117 0.830712 0.373845 0.978855 0.70122 1.01816 0.872984 0.90842 0.986387 0.866356 1.7005 0.840569 0.579056 0.660442 0.687333 0.700199 0.795831 0.796968 0.796101 
RBFBell_iters4_phase_shifts5_NaiveFTFracDir_full_pi_is_1
 0.362631 0.936149 0.770277 0.828059 0.90193 0.860776 0.863548 0.881172 0.790337 0.651514 0.628102 0.678942 0.712022 0.735753 0.754373 0.819556 0.836526 0.795607 0.747432 0.779429 0.997308 1.17713 1.08066 1.0957 1.19991 0.987282 1.06529 0.629981 1.01097 0.754305 0.967921 0.760098 0.764937 0.813681 0.861171 0.844028 
RBFGaussian_iters4_phase_shifts5_NaiveFTFracDir_full_pi_is_1
 0.362631 0.936149 0.770277 0.828059 0.90193 0.860776 0.863548 0.881172 0.790337 0.651514 0.628102 0.678942 0.712022 0.735753 0.754373 0.819556 0.836526 0.795607 0.747432 0.779429 0.997308 1.17713 1.08066 1.0957 1.19991 0.987282 1.06529 0.629981 1.01097 0.754305 0.967921 0.760098 0.764937 0.813681 0.861171 0.844028 
RBFTPS_iters7_phase_shifts3_NaiveFTFracDir_full_pi_is_0
 1.2175 0.698272 0.794075 0.944504 0.873618 0.938299 1.01996 0.839361 0.745189 0.384173 0.465994 0.57863 0.631226 0.711565 0.739916 0.751366 0.788741 0.778411 0.884324 1.02337 1.05727 1.11064 0.980284 0.715166 0.880936 0.830162 0.924024 0.997818 0.889817 0.74361 0.84851 0.734079 0.817864 0.948965 1.00478 1.02509 
RBFBell_iters4_phase_shifts6_NaiveFTFracDir_full_pi_is_1
 0.493328 0.876288 0.899761 0.812984 0.889363 0.898265 0.895389 0.889413 0.842114 0.722694 0.669864 0.64908 0.746786 0.789608 0.773547 0.844613 0.831548 0.836014 0.745794 0.679089 0.92849 0.788456 1.10502 1.14282 1.21033 1.05274 1.12509 0.667903 0.970902 0.772266 0.963756 0.701848 0.755058 0.812806 0.842295 0.844153 
RBFGaussian_iters4_phase_shifts6_NaiveFTFracDir_full_pi_is_1
 0.493328 0.876288 0.899761 0.812984 0.889363 0.898265 0.895389 0.889413 0.842114 0.722694 0.669864 0.64908 0.746786 0.789608 0.773547 0.844613 0.831548 0.836014 0.745794 0.679089 0.92849 0.788456 1.10502 1.14282 1.21033 1.05274 1.12509 0.667903 0.970902 0.772266 0.963756 0.701848 0.755058 0.812806 0.842295 0.844153 
RBFGaussian_iters2_phase_shifts8_Naive_full_pi_is_1
 0.568042 1.07561 1.06749 0.871378 0.991679 1.02945 1.02517 1.10597 1.20517 0.511529 0.634471 0.657111 0.721152 0.689187 0.68156 0.740461 0.764763 0.727001 0.716624 0.810812 0.695772 0.711816 0.78042 1.15749 1.04723 0.983011 1.02132 0.577179 0.894969 0.759424 0.890217 0.795169 0.847745 0.867468 0.845762 0.835648 
RBFBell_iters2_phase_shifts8_Naive_full_pi_is_1
 0.568042 1.07561 1.06749 0.871378 0.991679 1.02945 1.02517 1.10597 1.20517 0.511529 0.634471 0.657111 0.721152 0.689187 0.68156 0.740461 0.764763 0.727001 0.716624 0.810812 0.695772 0.711816 0.78042 1.15749 1.04723 0.983011 1.02132 0.577179 0.894969 0.759424 0.890217 0.795169 0.847745 0.867468 0.845762 0.835648 
IDW_iters1_phase_shifts8_Naive_full_pi_is_0
 1.26586 1.02783 1.01463 0.886839 1.02306 1.18239 1.17528 1.13847 1.03361 0.332752 0.432662 0.59565 0.63834 0.683281 0.722802 0.663734 0.734429 0.763543 0.982944 0.990295 0.835157 0.861282 0.881436 0.702273 0.686853 0.704295 0.677891 0.982311 0.782583 0.742279 0.826716 0.815467 0.875138 0.809031 0.825977 0.814211 
IDW_iters0_phase_shifts8_Naive_full_pi_is_0
 1.26586 1.02783 1.01463 0.886839 1.02306 1.18239 1.17528 1.13847 1.03361 0.332752 0.432662 0.59565 0.63834 0.683281 0.722802 0.663734 0.734429 0.763543 0.982944 0.990295 0.835157 0.861282 0.881436 0.702273 0.686853 0.704295 0.677891 0.982311 0.782583 0.742279 0.826716 0.815467 0.875138 0.809031 0.825977 0.814211 
RBFTPS_iters5_phase_shifts6_Naive_full_pi_is_1
 0.645917 1.0463 1.05356 1.29204 0.996222 0.969868 0.973595 1.04526 1.03416 0.396721 0.501285 0.66381 0.665089 0.677732 0.681296 0.722705 0.776952 0.801244 0.69285 0.519844 0.801276 0.800548 0.884507 1.00022 0.993887 1.02605 1.04638 0.49553 0.920103 0.823953 0.801642 0.795983 0.918024 0.902063 0.856351 0.949366 
Makima_iters3_phase_shifts8_NaiveFTFracDir_full_pi_is_0
 0.810961 0.675882 0.714299 0.778332 0.872718 1.16772 1.04784 1.06095 0.953836 0.350253 0.402015 0.579889 0.527572 0.517665 0.604345 0.637931 0.657154 0.670865 1.27435 0.99331 1.06643 1.059 0.959602 0.860734 0.868216 0.822024 0.799657 1.61303 1.00266 0.747491 0.774122 0.793182 0.725875 0.753006 0.775609 0.783145 
IDW_iters5_phase_shifts6_Naive_full_pi_is_1
 0.589112 1.0352 1.19473 1.17695 1.05318 1.02257 0.985833 1.0046 0.92119 0.410194 0.48595 0.516025 0.73809 0.717631 0.669799 0.7464 0.770856 0.7969 0.618124 0.603368 0.884799 0.781323 0.952628 0.793422 1.06214 0.826762 1.06528 0.822475 0.814834 0.815879 0.813085 0.848459 0.882739 0.913377 0.96122 0.949405 
IDW_iters5_phase_shifts5_NaiveFTFracDir_full_pi_is_1
 0.762003 0.996577 1.02944 1.09104 1.06978 1.00889 0.98419 0.888473 0.792654 0.369798 0.503021 0.482687 0.593515 0.618181 0.64755 0.774884 0.801966 0.784326 0.763514 0.684046 1.01605 1.035 0.994757 1.11536 1.27454 1.06985 1.04888 0.634819 0.895053 0.61204 0.758489 0.689354 0.782442 0.82635 0.862673 0.854043 
RBFTPS_iters6_phase_shifts4_NaiveFTFracDir_full_pi_is_0
 1.15103 0.909357 1.08179 0.929593 0.971048 0.945319 0.949714 0.742222 0.629139 0.44911 0.483842 0.517941 0.590603 0.675931 0.735004 0.752317 0.773213 0.770276 0.730062 1.02233 1.09218 1.14203 0.989365 0.712446 0.853728 0.814955 0.863349 1.01589 1.09591 0.787353 0.852879 0.775738 0.809914 0.874899 0.922429 0.923297 
IDW_iters4_phase_shifts4_NaiveFTFracDir_full_pi_is_1
 0.91468 1.17413 0.999905 1.02134 1.09968 1.07666 1.06043 0.911739 0.828686 0.398523 0.490924 0.523265 0.609276 0.658614 0.683284 0.706874 0.722964 0.746404 0.719862 0.713929 0.944201 0.886333 1.07366 1.10443 1.18556 0.955027 0.944939 0.664074 0.916515 0.703206 0.847137 0.701456 0.750524 0.834144 0.823187 0.826088 
IDW_iters5_phase_shifts6_NaiveFTFracDir_full_pi_is_0
 1.06059 0.843912 0.848566 0.985933 0.963754 0.864221 0.843859 0.757745 0.679712 0.333671 0.470188 0.62391 0.623915 0.619414 0.704908 0.726337 0.794852 0.828192 1.09198 1.26779 1.10567 1.17019 1.06712 0.900863 0.981032 0.864408 0.95975 0.499686 0.977249 0.719039 0.783463 0.696158 0.844225 0.842893 0.907671 0.926007 
Makima_iters6_phase_shifts2_NaiveFTFracDir_full_pi_is_1
 0.849237 1.09172 1.17347 0.944948 0.82422 0.739448 0.733574 0.775685 0.78542 0.529808 0.574028 0.592906 0.680333 0.641078 0.67582 0.720187 0.755616 0.73417 0.625137 0.88816 0.919845 0.974924 1.15489 1.02342 1.044 0.862871 0.910643 1.32466 0.969484 0.830168 1.09976 0.68669 0.726354 0.79589 0.828668 0.81699 
RBFTPS_iters4_phase_shifts6_Naive_full_pi_is_1
 0.586527 0.976496 0.955129 1.19389 0.977942 0.901739 0.907679 1.04814 1.02468 0.377074 0.420865 0.512661 0.667864 0.664703 0.676737 0.751991 0.743797 0.765129 0.744168 0.696619 0.835635 0.856075 0.897936 1.2926 1.1877 1.02594 1.03895 0.56295 0.864196 0.807976 0.834336 0.740777 0.897986 0.896784 0.892203 0.916367 
Makima_iters6_phase_shifts4_NaiveFTFracDir_full_pi_is_1
 0.583844 0.955379 0.958422 0.988911 0.731515 0.929386 0.916949 0.754057 0.652107 0.486077 0.5509 0.618552 0.673386 0.624263 0.693631 0.777981 0.784582 0.800408 0.759598 0.777399 1.06941 0.806621 1.08855 1.32329 1.48777 1.12413 0.991396 0.588921 0.895473 0.812444 0.833969 0.6787 0.795724 0.842395 0.889099 0.873873 
RBFBell_iters2_phase_shifts7_Naive_full_pi_is_1
 0.571096 1.05808 1.04961 0.864848 0.983119 1.02593 1.02995 1.13942 1.1759 0.560381 0.642661 0.669805 0.785271 0.707116 0.679018 0.753256 0.77311 0.736668 0.713524 0.932877 0.698134 0.678636 0.817015 1.14135 1.04773 0.959314 1.00553 0.595714 0.889044 0.761451 0.887468 0.797818 0.770143 0.860965 0.840796 0.831417 
RBFGaussian_iters2_phase_shifts7_Naive_full_pi_is_1
 0.571096 1.05808 1.04961 0.864848 0.983119 1.02593 1.02995 1.13942 1.1759 0.560381 0.642661 0.669805 0.785271 0.707116 0.679018 0.753256 0.77311 0.736668 0.713524 0.932877 0.698134 0.678636 0.817015 1.14135 1.04773 0.959314 1.00553 0.595714 0.889044 0.761451 0.887468 0.797818 0.770143 0.860965 0.840796 0.831417 
IDW_iters6_phase_shifts5_NaiveFTFracDir_full_pi_is_1
 1.06223 0.928675 0.978791 1.02488 1.03694 1.01778 0.977361 0.906385 0.791852 0.382208 0.55077 0.523705 0.612007 0.545167 0.632417 0.741593 0.784893 0.781479 0.833837 0.791928 1.0668 0.960742 0.991889 1.06878 1.21807 1.0526 1.11498 0.755891 0.643129 0.647323 0.773804 0.702155 0.810334 0.821697 0.866963 0.847697 
Makima_iters8_phase_shifts2_Naive_full_pi_is_1
 0.628719 1.32135 1.29755 1.0258 1.00972 1.04641 1.07673 0.897437 0.807405 0.397935 0.483841 0.555159 0.708307 0.663936 0.673825 0.688752 0.741576 0.736604 0.618391 0.619933 0.946419 0.926428 1.14232 0.792788 0.792744 0.804352 1.06104 1.28615 0.826926 0.761927 0.707978 0.705429 0.742846 0.838986 0.853938 0.839505 
RBFMultiquadricAuto_iters1_phase_shifts6_NaiveFTFracDir_full_pi_is_0
 0.827601 0.607322 0.632414 0.721685 0.943735 1.01566 0.99336 0.960458 0.956598 0.565978 0.553209 0.739279 0.75534 0.853194 0.858168 0.833776 0.837093 0.831977 1.05203 1.21079 1.00543 0.981175 0.918979 1.01151 0.848567 0.979969 0.650218 0.920225 0.717006 0.842372 0.873016 0.93362 0.820259 0.744685 0.81479 0.78336 
RBFMultiquadricAuto_iters0_phase_shifts6_NaiveFTFracDir_full_pi_is_0
 0.827601 0.607322 0.632414 0.721685 0.943735 1.01566 0.99336 0.960458 0.956598 0.565978 0.553209 0.739279 0.75534 0.853194 0.858168 0.833776 0.837093 0.831977 1.05203 1.21079 1.00543 0.981175 0.918979 1.01151 0.848567 0.979969 0.650218 0.920225 0.717006 0.842372 0.873016 0.93362 0.820259 0.744685 0.81479 0.78336 
IDW_iters5_phase_shifts4_Naive_full_pi_is_1
 0.576967 1.09062 1.09071 1.08841 1.01175 0.993721 0.990317 0.934627 0.86953 0.409206 0.496966 0.501353 0.698813 0.738126 0.677456 0.733902 0.781287 0.795473 0.84403 0.614395 0.855042 0.771463 0.984248 0.908689 0.834558 0.87764 1.06018 1.26766 0.782212 0.808986 0.799877 0.820592 0.845659 0.882691 0.933474 0.990936 
RBFTPS_iters7_phase_shifts3_Naive_full_pi_is_1
 0.865437 0.930195 0.955813 1.16669 0.968995 0.966257 0.970418 0.995074 0.835155 0.372945 0.449031 0.593413 0.666965 0.678931 0.722343 0.756824 0.764475 0.800105 0.68653 0.639332 0.841809 0.842427 0.927706 0.844853 0.996271 0.93643 1.08841 1.30396 0.88961 0.765122 0.736173 0.811477 0.911366 0.901819 0.886942 0.924537 
Makima_iters9_phase_shifts6_Naive_full_pi_is_1
 0.96316 1.30749 1.31501 1.33176 1.10313 0.97457 0.972171 0.813573 0.789041 0.426992 0.480123 0.532087 0.567801 0.57146 0.593715 0.642426 0.703063 0.701217 1.11239 0.395145 0.713662 0.666926 1.05278 0.746861 0.915187 0.89435 0.85335 1.12691 0.769774 0.849943 0.689136 0.960253 0.772589 0.838801 0.87687 0.884435 
RBFTPS_iters8_phase_shifts3_Naive_full_pi_is_1
 0.884521 1.14033 1.15712 1.20292 0.99291 0.996494 1.00138 1.00302 0.912926 0.383335 0.469761 0.59198 0.721258 0.74686 0.707298 0.78826 0.786728 0.793649 0.689118 0.620575 0.842629 0.829546 0.904157 0.883065 0.975885 0.94504 1.08548 0.527713 0.825189 0.800319 0.728013 0.798921 0.931957 0.904472 0.892467 0.94091 
IDW_iters4_phase_shifts3_NaiveFTFracDir_full_pi_is_1
 0.935119 1.14811 1.13421 1.102 1.12457 1.09451 1.10019 0.992864 0.834689 0.413973 0.501752 0.530819 0.61205 0.603005 0.656332 0.711703 0.740987 0.759344 0.641174 0.711414 0.949358 0.87794 1.13558 0.929823 1.02761 0.795969 0.881329 0.779809 1.02744 0.751242 0.844645 0.737187 0.778421 0.805314 0.810913 0.845909 
RBFBell_iters4_phase_shifts7_NaiveFTFracDir_full_pi_is_0
 0.97159 0.753493 0.777765 0.922347 0.851784 0.84229 0.857012 0.824127 0.744321 0.5954 0.625769 0.631799 0.734306 0.804227 0.829804 0.8639 0.911754 0.853932 1.01651 0.99224 1.02262 1.13743 1.02169 0.725996 0.774195 0.749357 0.878336 0.63073 1.11321 0.900477 1.00358 0.832838 0.849525 0.892484 0.926251 0.894355 
RBFGaussian_iters4_phase_shifts7_NaiveFTFracDir_full_pi_is_0
 0.97159 0.753493 0.777765 0.922347 0.851784 0.84229 0.857012 0.824127 0.744321 0.5954 0.625769 0.631799 0.734306 0.804227 0.829804 0.8639 0.911754 0.853932 1.01651 0.99224 1.02262 1.13743 1.02169 0.725996 0.774195 0.749357 0.878336 0.63073 1.11321 0.900477 1.00358 0.832838 0.849525 0.892484 0.926251 0.894355 
Makima_iters9_phase_shifts5_Naive_full_pi_is_1
 0.883872 1.34576 1.34066 1.31361 1.02497 0.964098 0.962392 0.87044 0.982272 0.431549 0.481384 0.50467 0.558092 0.62305 0.611707 0.556422 0.627879 0.711057 0.863049 0.411045 0.644983 0.634203 0.930414 0.73735 0.901293 0.887915 0.840604 1.47325 0.93751 0.796345 0.669341 0.936386 0.758728 0.819886 0.86026 0.858651 
Makima_iters8_phase_shifts3_Naive_full_pi_is_1
 0.617408 1.31435 1.2705 1.18517 1.13734 1.12884 1.13074 0.919595 0.850205 0.419928 0.468678 0.484417 0.58435 0.671738 0.634093 0.709895 0.773184 0.756783 0.714324 0.449541 1.07184 0.685111 0.986581 0.864111 0.825652 0.928242 1.01767 1.31773 0.793125 0.594336 0.656207 0.810998 0.685209 0.779783 0.810549 0.820784 
RBFTPS_iters4_phase_shifts7_Naive_full_pi_is_1
 0.580016 1.02189 0.982803 1.21912 0.98538 0.908285 0.912933 1.02313 1.04051 0.371208 0.411566 0.507173 0.658518 0.720933 0.677588 0.716507 0.727991 0.748466 0.754385 0.691015 0.838122 0.860162 0.903621 1.41123 1.05021 1.02804 1.01368 0.47277 0.867741 0.813057 0.837733 0.755998 0.90468 0.892291 0.906112 0.941212 
IDW_iters5_phase_shifts7_Naive_full_pi_is_1
 0.643145 1.24619 1.09045 1.19773 1.02564 1.00572 1.0023 0.985377 0.930824 0.422328 0.491267 0.510489 0.722777 0.766296 0.70568 0.770082 0.798194 0.816404 0.617037 0.596201 0.882831 0.778798 0.945534 0.8116 1.07548 0.833219 1.02441 0.765513 0.793863 0.812569 0.797409 0.851423 0.882375 0.90213 0.959817 0.942105 
RBFGaussian_iters3_phase_shifts4_NaiveFTFracDir_full_pi_is_1
 0.4238 0.843872 0.863349 0.761246 0.946627 0.954096 0.948757 0.965156 0.957704 0.532272 0.521205 0.668838 0.708865 0.769044 0.780375 0.838026 0.845252 0.871776 0.826135 0.720426 1.15023 0.832767 1.19266 1.07016 1.06864 1.0056 1.10742 0.627889 0.939636 0.836508 0.910045 0.700693 0.825958 0.859573 0.826463 0.829688 
RBFBell_iters3_phase_shifts4_NaiveFTFracDir_full_pi_is_1
 0.4238 0.843872 0.863349 0.761246 0.946627 0.954096 0.948757 0.965156 0.957704 0.532272 0.521205 0.668838 0.708865 0.769044 0.780375 0.838026 0.845252 0.871776 0.826135 0.720426 1.15023 0.832767 1.19266 1.07016 1.06864 1.0056 1.10742 0.627889 0.939636 0.836508 0.910045 0.700693 0.825958 0.859573 0.826463 0.829688 
IDW_iters5_phase_shifts5_Naive_full_pi_is_1
 0.592787 1.15861 1.16513 1.24656 1.01715 1.01543 1.00613 0.996779 0.884735 0.409808 0.462266 0.500809 0.740587 0.7466 0.699645 0.753836 0.806623 0.807736 0.611249 0.610476 0.88054 0.785576 0.962737 0.790379 1.05627 0.819841 1.06261 0.847788 0.815093 0.83945 0.817022 0.817989 0.862351 0.902439 0.931695 0.950136 
RBFBell_iters4_phase_shifts9_NaiveFTFracDir_full_pi_is_1
 0.474495 0.870665 0.786641 0.843624 0.91288 0.899876 0.933292 0.933959 0.836673 0.702213 0.686651 0.745704 0.765537 0.77703 0.763299 0.832072 0.850776 0.821061 0.758357 0.807049 0.954595 0.82258 1.03142 1.14769 1.18537 1.08384 1.10973 0.819939 0.814219 0.745787 0.988306 0.783643 0.759929 0.812747 0.844238 0.843034 
RBFGaussian_iters4_phase_shifts9_NaiveFTFracDir_full_pi_is_1
 0.474495 0.870665 0.786641 0.843624 0.91288 0.899876 0.933292 0.933959 0.836673 0.702213 0.686651 0.745704 0.765537 0.77703 0.763299 0.832072 0.850776 0.821061 0.758357 0.807049 0.954595 0.82258 1.03142 1.14769 1.18537 1.08384 1.10973 0.819939 0.814219 0.745787 0.988306 0.783643 0.759929 0.812747 0.844238 0.843034 
Makima_iters2_phase_shifts3_Naive_full_pi_is_1
 0.742204 0.955543 0.955205 1.05077 0.934396 0.855007 0.861922 0.973779 0.862981 0.460336 0.466387 0.491261 0.563379 0.557328 0.546213 0.578389 0.590596 0.599857 0.726781 0.765922 0.786551 0.80732 0.781218 0.827078 0.810459 0.789269 0.874866 2.50897 0.814311 0.68337 0.824098 0.825366 0.744797 0.748887 0.781827 0.755159 
IDW_iters5_phase_shifts6_NaiveFTFracDir_full_pi_is_1
 0.626077 1.12839 1.20158 1.06819 0.993971 0.954295 1.02674 0.881037 0.783265 0.385524 0.469044 0.546887 0.667925 0.559412 0.658109 0.741663 0.770401 0.781367 0.68568 0.651845 0.879196 1.22914 1.09913 1.09363 1.27833 0.973752 1.14772 0.514651 0.790605 0.63909 0.810115 0.688439 0.79674 0.826503 0.877869 0.883632 
RBFTPS_iters3_phase_shifts7_Naive_full_pi_is_1
 0.578117 0.935468 0.977975 1.20064 1.01454 0.920971 0.920552 1.28586 1.06438 0.39132 0.423931 0.672159 0.617532 0.664141 0.647327 0.708781 0.706149 0.68659 0.751546 0.720514 0.807495 0.799421 0.853312 1.04886 1.06784 0.971176 1.17953 0.476301 0.897053 0.779704 0.910894 1.01036 0.862136 0.876156 0.930352 0.914502 
RBFTPS_iters4_phase_shifts4_Naive_full_pi_is_1
 0.53303 0.936574 0.944301 1.0952 0.981955 0.875317 0.879534 0.989645 1.0058 0.381225 0.44095 0.626418 0.656103 0.69875 0.673042 0.732397 0.773202 0.762652 0.722719 0.699697 0.843738 0.832785 0.913263 1.38335 1.17415 1.0171 1.12802 0.787596 0.901505 0.784573 0.910556 0.724755 0.869403 0.873451 0.909673 0.912176 
Makima_iters5_phase_shifts7_NaiveFTFracDir_full_pi_is_0
 0.956277 1.0518 1.07011 1.11279 0.861394 0.93955 1.04378 0.667658 0.633177 0.434485 0.533801 0.525175 0.549594 0.608817 0.65409 0.712909 0.699547 0.772079 0.784695 1.09084 1.07963 1.13341 0.926427 1.04225 0.955231 0.941996 0.912227 0.889989 1.11463 0.692474 0.940013 0.725654 0.73795 0.8193 0.902798 0.900638 
IDW_iters7_phase_shifts3_NaiveFTFracDir_full_pi_is_0
 1.00179 0.87471 0.724078 0.722518 0.85072 0.965227 0.854889 0.857082 0.635196 0.419499 0.540274 0.653549 0.757304 0.676454 0.741978 0.727687 0.737729 0.796957 0.894219 1.20728 1.05629 1.13436 1.0057 1.02149 1.0115 1.25806 1.03799 0.617453 0.808808 0.755056 0.798149 0.720281 0.874314 0.885145 0.963271 0.927009 
RBFTPS_iters4_phase_shifts5_Naive_full_pi_is_1
 0.590126 0.996036 0.920235 1.1561 1.00754 0.895113 0.901203 1.01967 1.0305 0.373108 0.429313 0.519834 0.648908 0.668577 0.657488 0.741379 0.745972 0.762041 0.738786 0.698203 0.833282 0.858476 0.910301 1.27312 1.31435 1.00946 1.05812 0.634942 0.859091 0.776269 0.948943 0.742599 0.877986 0.885341 0.896497 0.922592 
IDW_iters0_phase_shifts9_Naive_full_pi_is_0
 1.27028 1.04422 1.03614 0.934355 1.03016 1.19623 1.18744 1.15194 1.04699 0.334573 0.441224 0.633854 0.638995 0.672151 0.676992 0.651506 0.724565 0.754855 0.996634 0.991854 0.832963 0.857854 0.801319 0.700497 0.68553 0.704162 0.680434 1.24968 0.710072 0.725148 0.811327 0.807557 0.816088 0.806072 0.817877 0.820358 
IDW_iters1_phase_shifts9_Naive_full_pi_is_0
 1.27028 1.04422 1.03614 0.934355 1.03016 1.19623 1.18744 1.15194 1.04699 0.334573 0.441224 0.633854 0.638995 0.672151 0.676992 0.651506 0.724565 0.754855 0.996634 0.991854 0.832963 0.857854 0.801319 0.700497 0.68553 0.704162 0.680434 1.24968 0.710072 0.725148 0.811327 0.807557 0.816088 0.806072 0.817877 0.820358 
Makima_iters9_phase_shifts3_NaiveFTFracDir_full_pi_is_1
 0.634339 1.14277 1.23807 1.13957 1.03916 0.888871 0.898252 0.763686 0.673749 0.474046 0.62005 0.617457 0.659756 0.620085 0.699836 0.823509 0.81915 0.896545 0.652043 0.716458 0.968539 0.954308 0.938643 1.06497 1.00483 0.863686 0.951702 0.713133 1.2708 0.761575 0.894575 0.705432 0.779341 0.833964 0.897541 0.890692 
IDW_iters7_phase_shifts2_Naive_full_pi_is_1
 0.629818 1.10388 1.13019 1.08745 0.947485 1.07216 1.07573 0.834382 0.751944 0.469033 0.505349 0.617416 0.709399 0.755265 0.736551 0.828013 0.812566 0.844741 0.611045 0.662192 0.939805 0.965763 1.08181 0.842675 1.03306 0.895559 1.05565 0.609518 0.915296 0.853122 0.853105 0.770009 0.871782 0.900187 0.921638 0.916502 
Makima_iters9_phase_shifts3_NaiveFTFracDir_full_pi_is_0
 1.30486 0.941724 0.757052 0.808324 0.976934 0.864084 0.91 0.820642 0.674422 0.490155 0.624688 0.604902 0.629514 0.647735 0.742585 0.852628 0.81804 0.866183 0.76883 1.25875 1.17672 1.15621 0.974572 0.884434 1.05254 0.769664 1.02828 0.397351 0.849102 0.911206 0.709919 0.755056 0.767568 0.796258 0.94248 0.928518 
Makima_iters9_phase_shifts9_NaiveFTFracDir_full_pi_is_1
 0.764998 0.850512 0.876134 0.796571 0.921309 0.859521 0.878394 0.905692 0.759444 0.443829 0.503625 0.594541 0.604947 0.697538 0.608762 0.714962 0.794652 0.85502 0.900556 0.758889 0.808582 1.06725 0.918922 1.09589 1.05466 1.16538 1.3387 0.965512 1.01786 0.734867 0.751683 0.938595 0.875084 0.886782 0.953709 0.9277 
RBFTPS_iters5_phase_shifts9_NaiveFTFracDir_full_pi_is_1
 0.69297 0.810923 0.856618 1.17921 0.91897 0.865086 0.905065 0.94066 0.828568 0.378698 0.427878 0.49802 0.653745 0.616074 0.668505 0.738301 0.713397 0.739375 0.743597 0.832738 1.01826 0.926969 1.00395 1.3055 1.4189 1.15829 1.17922 0.549983 0.970794 0.67128 0.863434 0.720041 0.840102 0.854553 0.862752 0.852072 
Makima_iters2_phase_shifts8_Naive_full_pi_is_0
 0.739472 0.730831 0.755649 0.783992 1.24793 1.31415 1.30637 1.4308 1.25638 0.371187 0.399911 0.479194 0.558815 0.5991 0.619377 0.65648 0.67328 0.66061 0.729257 0.93273 0.811262 0.849253 0.815228 0.796798 0.758473 0.818896 0.827643 1.12924 0.758164 0.859243 0.864242 0.968448 0.883234 0.835447 0.897131 0.898359 
Makima_iters5_phase_shifts7_Naive_full_pi_is_1
 0.497971 1.28285 1.58672 1.17469 0.846578 0.961035 0.979769 0.857881 0.861131 0.3746 0.446924 0.562526 0.613672 0.630208 0.644165 0.688362 0.74155 0.748931 0.667709 0.447699 0.827257 0.912006 0.815772 1.19093 1.23982 1.13965 0.863847 0.847696 0.792193 0.695032 0.709096 0.917033 0.779614 0.885947 0.85401 0.86388 
RBFMultiquadricAuto_iters1_phase_shifts5_NaiveFTFracDir_full_pi_is_0
 0.819273 0.614687 0.606116 0.702504 0.922816 0.983154 0.990878 1.0545 0.976305 0.609164 0.563417 0.711803 0.714274 0.809688 0.854969 0.806986 0.799515 0.809373 1.05135 1.22104 1.03109 0.979909 0.907986 0.960698 0.966431 1.01002 0.739834 1.11515 0.806603 0.83987 0.832292 0.895809 0.788434 0.735916 0.810009 0.774533 
RBFMultiquadricAuto_iters0_phase_shifts5_NaiveFTFracDir_full_pi_is_0
 0.819273 0.614687 0.606116 0.702504 0.922816 0.983154 0.990878 1.0545 0.976305 0.609164 0.563417 0.711803 0.714274 0.809688 0.854969 0.806986 0.799515 0.809373 1.05135 1.22104 1.03109 0.979909 0.907986 0.960698 0.966431 1.01002 0.739834 1.11515 0.806603 0.83987 0.832292 0.895809 0.788434 0.735916 0.810009 0.774533 
IDW_iters7_phase_shifts5_NaiveFTFracDir_full_pi_is_1
 0.692078 1.03695 1.10717 1.10586 1.16582 0.926524 0.95487 0.914409 0.792675 0.361837 0.494834 0.560506 0.696939 0.570594 0.77716 0.820921 0.817645 0.843566 0.74578 0.693172 0.941271 0.859253 1.04593 0.99222 1.24672 1.07749 1.13919 0.559758 0.668741 0.688757 0.799283 0.656709 0.891764 0.88924 0.926911 0.976422 
Makima_iters7_phase_shifts9_NaiveFTFracDir_full_pi_is_1
 0.640467 0.995294 0.987945 1.02162 0.954647 0.951306 0.961337 0.910436 0.797409 0.468894 0.487116 0.515409 0.566314 0.52263 0.642434 0.764243 0.772865 0.763597 1.61993 0.746541 0.882665 0.823857 1.00764 1.05609 1.03283 1.04633 1.03939 1.10437 0.804002 0.70438 0.738449 0.677453 0.800854 0.805949 0.851174 0.843628 
RBFTPS_iters4_phase_shifts8_Naive_full_pi_is_1
 0.57587 1.06743 1.00285 1.25696 0.899331 0.922588 0.928164 1.03888 1.04599 0.401485 0.41292 0.502775 0.650905 0.721274 0.677797 0.739614 0.734572 0.717206 0.756484 0.690366 0.837463 0.859652 0.902838 1.42273 1.06334 1.05949 1.03114 0.462163 0.866885 0.811792 0.840378 0.757531 0.921107 0.906013 0.88099 0.943617 
IDW_iters5_phase_shifts9_NaiveFTFracDir_full_pi_is_1
 1.5624 0.788711 0.805074 0.839587 0.953941 0.907672 0.913457 0.854378 0.782654 0.393797 0.464735 0.538051 0.598715 0.559315 0.663461 0.761382 0.776226 0.805552 0.911562 0.686503 0.878555 0.964255 0.944611 1.23645 1.33018 1.04683 1.15189 0.460848 0.948598 0.713956 0.784668 0.711137 0.818213 0.857302 0.874185 0.877242 
Makima_iters7_phase_shifts4_NaiveFTFracDir_full_pi_is_0
 1.30692 0.890365 0.874988 0.770105 0.851548 0.902238 0.760309 0.750048 0.72204 0.395022 0.549508 0.573883 0.628491 0.653106 0.704767 0.738898 0.793544 0.842965 0.855467 1.25403 1.15074 1.15859 0.9638 0.942572 0.945295 0.974548 0.982044 1.0662 1.08157 0.736266 0.781052 0.692989 0.734364 0.750682 0.880555 0.879622 
RBFBell_iters2_phase_shifts4_Naive_full_pi_is_1
 0.553328 0.980924 0.977318 0.963636 1.02041 0.99772 1.00233 1.09343 1.19168 0.642071 0.716153 0.727326 0.751901 0.768867 0.724249 0.785031 0.766862 0.763335 0.711305 0.970111 0.7573 0.736866 0.850387 1.16861 1.02932 0.967433 1.04207 0.3748 0.917117 0.770715 0.892718 0.780663 0.807361 0.903548 0.819978 0.812952 
RBFGaussian_iters2_phase_shifts4_Naive_full_pi_is_1
 0.553328 0.980924 0.977318 0.963636 1.02041 0.99772 1.00233 1.09343 1.19168 0.642071 0.716153 0.727326 0.751901 0.768867 0.724249 0.785031 0.766862 0.763335 0.711305 0.970111 0.7573 0.736866 0.850387 1.16861 1.02932 0.967433 1.04207 0.3748 0.917117 0.770715 0.892718 0.780663 0.807361 0.903548 0.819978 0.812952 
Makima_iters9_phase_shifts8_Naive_full_pi_is_1
 0.941992 1.3622 1.35351 1.33364 1.05321 0.97492 0.972618 0.827203 0.757541 0.456174 0.510213 0.497223 0.569328 0.6408 0.566222 0.665168 0.726926 0.609153 1.18608 0.46806 0.564482 0.65965 0.885054 0.838796 0.965653 0.881497 0.753385 1.51444 0.751415 0.667169 0.638197 0.909695 0.740707 0.804647 0.940103 0.875097 
Makima_iters3_phase_shifts9_NaiveFTFracDir_full_pi_is_0
 0.718026 0.653147 0.97086 0.860318 0.922335 1.12654 1.02009 1.01697 0.915213 0.34739 0.40759 0.610736 0.528563 0.517245 0.62813 0.639238 0.662792 0.679512 1.51939 1.01163 1.06873 1.05595 0.96005 0.839909 0.892026 0.784235 0.816609 1.02076 1.04368 0.894059 0.993074 0.828212 0.816526 0.817043 0.854241 0.861922 
Makima_iters5_phase_shifts8_NaiveFTFracDir_full_pi_is_1
 0.90028 0.875367 1.13526 0.921076 0.91333 0.865979 0.886968 0.864274 0.687493 0.453815 0.543497 0.516508 0.574406 0.518081 0.655175 0.693758 0.701315 0.718365 0.733032 0.643274 1.09224 1.11775 1.09944 1.51896 1.42631 1.33476 1.02505 0.696707 0.884179 0.618817 0.721685 0.70143 0.688011 0.770466 0.777719 0.777159 
RBFTPS_iters6_phase_shifts6_NaiveFTFracDir_full_pi_is_1
 0.759204 1.14287 0.96095 0.858637 0.963144 0.896094 0.901956 0.886728 0.784273 0.376754 0.354731 0.558586 0.706905 0.749357 0.750202 0.807195 0.781698 0.7714 0.706498 0.877057 0.857225 0.893608 0.991052 1.2606 1.17088 1.16634 1.13185 0.649091 1.0666 0.683435 0.850767 0.762784 0.852455 0.85424 0.886706 0.899405 
RBFTPS_iters7_phase_shifts7_NaiveFTFracDir_full_pi_is_0
 1.14532 1.11691 1.00642 0.983705 0.886484 0.790009 0.748271 0.757419 0.644508 0.434803 0.58351 0.540175 0.663446 0.751747 0.801453 0.824746 0.861454 0.833161 0.785732 1.08001 1.09451 1.14709 1.01857 0.758046 0.832652 0.877696 0.879825 0.541631 0.921126 0.899662 0.909984 0.79125 0.913238 0.947829 0.993749 0.98527 
Makima_iters5_phase_shifts4_NaiveFTFracDir_full_pi_is_1
 0.618904 1.14577 1.04846 0.925133 0.930448 0.941036 0.925281 0.910418 0.780568 0.415435 0.495361 0.558063 0.577438 0.633698 0.665059 0.737182 0.728117 0.740375 0.749695 0.681826 1.04274 0.877276 1.16016 1.64048 1.33179 1.13428 0.951956 0.565279 1.0489 0.64103 0.688947 0.701849 0.708583 0.786739 0.812072 0.806181 
IDW_iters5_phase_shifts3_Naive_full_pi_is_1
 1.53829 1.27336 1.02538 1.0284 1.05482 1.01738 1.00497 0.936263 0.852508 0.367969 0.495909 0.500737 0.675951 0.696601 0.678217 0.710908 0.813432 0.769064 0.675749 0.649719 0.869412 0.851406 1.02832 0.880458 0.960918 0.836253 0.902397 0.93021 0.717145 0.773716 0.773885 0.746223 0.815885 0.856524 0.890866 0.86551 
RBFMultiquadricAuto_iters4_phase_shifts8_NaiveFTFracDir_full_pi_is_1
 0.583177 0.702559 0.710073 0.784349 0.924739 0.920585 0.931992 0.923252 0.867324 0.562461 0.516215 0.656979 0.719696 0.794639 0.767799 0.843506 0.786277 0.805101 0.772852 0.637305 1.01301 0.899674 1.14834 1.25472 1.11965 1.25621 1.2839 0.770294 0.884287 0.800894 0.896965 0.730917 0.839574 0.843583 0.876323 0.871587 
IDW_iters8_phase_shifts2_Naive_full_pi_is_1
 0.682787 0.806146 0.846914 1.00607 0.945596 1.00013 1.04499 0.825288 0.731921 0.503701 0.589189 0.672331 0.746309 0.815518 0.768658 0.779645 0.834695 0.855364 0.779142 0.635947 0.916422 0.976794 1.06332 0.879375 1.05695 0.911437 1.17603 0.879401 0.919548 0.820865 0.908188 0.806558 0.954075 0.929404 0.964575 0.962856 
RBFTPS_iters5_phase_shifts4_NaiveFTFracDir_full_pi_is_1
 0.731089 0.903952 0.853476 0.918751 0.965128 0.905784 0.897332 0.909337 0.91401 0.39384 0.365342 0.513559 0.674788 0.751704 0.72484 0.78491 0.783534 0.781179 0.789197 0.796123 0.992833 0.955652 1.09924 1.43125 1.02996 1.10276 1.12781 0.567797 0.937915 0.737933 0.912923 0.697555 0.884447 0.906412 0.917153 0.915814 
RBFTPS_iters6_phase_shifts3_NaiveFTFracDir_full_pi_is_0
 1.33394 0.802813 0.972745 0.962267 0.901844 0.972256 0.961822 0.846996 0.755695 0.431734 0.475375 0.561905 0.622902 0.691638 0.724256 0.736727 0.758222 0.751529 0.789738 1.10644 1.06611 1.12201 0.96619 0.651775 0.883021 0.791211 0.944943 0.987894 0.873039 0.737376 0.87057 0.795641 0.865707 0.982138 1.00542 1.01845 
RBFGaussian_iters4_phase_shifts6_NaiveFTFracDir_full_pi_is_0
 0.835725 0.673108 0.701679 0.849195 0.814669 0.868751 0.826778 0.814333 0.719938 0.591029 0.5839 0.695645 0.736946 0.804288 0.876268 0.891341 0.933171 0.861438 1.04935 1.0506 1.06359 1.15992 1.05617 0.727724 0.875651 0.776647 0.888078 1.11365 0.835381 0.911797 0.979965 0.823779 0.839323 0.923894 0.957056 0.930716 
RBFBell_iters4_phase_shifts6_NaiveFTFracDir_full_pi_is_0
 0.835725 0.673108 0.701679 0.849195 0.814669 0.868751 0.826778 0.814333 0.719938 0.591029 0.5839 0.695645 0.736946 0.804288 0.876268 0.891341 0.933171 0.861438 1.04935 1.0506 1.06359 1.15992 1.05617 0.727724 0.875651 0.776647 0.888078 1.11365 0.835381 0.911797 0.979965 0.823779 0.839323 0.923894 0.957056 0.930716 
IDW_iters8_phase_shifts3_Naive_full_pi_is_1
 0.655426 0.859253 0.890315 1.11912 0.960247 1.02822 1.00494 0.895531 0.806444 0.413937 0.541132 0.604114 0.727782 0.790348 0.74059 0.830493 0.863988 0.87807 0.861914 0.655532 0.787166 0.824062 1.03722 0.950326 0.988675 0.99351 1.22458 1.00954 0.720588 0.833448 0.884203 0.865236 0.875859 0.919198 0.939759 0.952162 
Makima_iters7_phase_shifts8_NaiveFTFracDir_full_pi_is_1
 0.726644 0.836025 0.896843 0.893372 0.918098 0.873009 0.91251 0.842793 0.761609 0.472074 0.555038 0.576165 0.682731 0.572231 0.703644 0.798678 0.788414 0.806343 1.60402 0.813407 0.856452 0.875986 1.05711 1.17707 1.02645 1.04563 1.02562 0.694092 0.883583 0.838703 0.865452 0.698988 0.888653 0.872373 0.911933 0.913204 
RBFTPS_iters7_phase_shifts8_NaiveFTFracDir_full_pi_is_1
 0.989096 1.09545 1.13456 0.945552 1.00182 0.889586 0.908832 0.912574 0.831021 0.455513 0.525139 0.529313 0.638627 0.701925 0.710251 0.781292 0.785091 0.760722 0.743957 1.02891 0.817501 0.867924 1.00424 0.951021 1.087 1.0701 1.09686 0.880779 0.923842 0.643624 0.770315 0.852251 0.866081 0.86949 0.912408 0.914734 
RBFBell_iters0_phase_shifts5_Naive_full_pi_is_0
 1.2023 0.958475 0.950446 0.913474 1.02716 1.10503 1.10199 1.16291 1.06816 0.434679 0.491342 0.633394 0.643475 0.618943 0.741472 0.638657 0.738971 0.703246 0.927343 0.984946 0.869751 0.895759 0.826868 0.969487 0.793839 0.794957 0.842473 0.991149 0.799281 0.896171 0.816696 0.880779 0.911193 0.77644 0.860567 0.870081 
RBFGaussian_iters1_phase_shifts5_Naive_full_pi_is_0
 1.2023 0.958475 0.950446 0.913474 1.02716 1.10503 1.10199 1.16291 1.06816 0.434679 0.491342 0.633394 0.643475 0.618943 0.741472 0.638657 0.738971 0.703246 0.927343 0.984946 0.869751 0.895759 0.826868 0.969487 0.793839 0.794957 0.842473 0.991149 0.799281 0.896171 0.816696 0.880779 0.911193 0.77644 0.860567 0.870081 
RBFGaussian_iters0_phase_shifts5_Naive_full_pi_is_0
 1.2023 0.958475 0.950446 0.913474 1.02716 1.10503 1.10199 1.16291 1.06816 0.434679 0.491342 0.633394 0.643475 0.618943 0.741472 0.638657 0.738971 0.703246 0.927343 0.984946 0.869751 0.895759 0.826868 0.969487 0.793839 0.794957 0.842473 0.991149 0.799281 0.896171 0.816696 0.880779 0.911193 0.77644 0.860567 0.870081 
RBFBell_iters1_phase_shifts5_Naive_full_pi_is_0
 1.2023 0.958475 0.950446 0.913474 1.02716 1.10503 1.10199 1.16291 1.06816 0.434679 0.491342 0.633394 0.643475 0.618943 0.741472 0.638657 0.738971 0.703246 0.927343 0.984946 0.869751 0.895759 0.826868 0.969487 0.793839 0.794957 0.842473 0.991149 0.799281 0.896171 0.816696 0.880779 0.911193 0.77644 0.860567 0.870081 
IDW_iters0_phase_shifts7_Naive_full_pi_is_0
 1.2599 1.00418 0.989601 0.867627 1.01407 1.17695 1.16993 1.13563 1.03225 0.33208 0.431754 0.523472 0.622857 0.657058 0.652796 0.652625 0.74089 0.745815 1.01225 0.983612 0.832608 0.860304 0.795091 0.699194 0.683722 0.667493 0.678996 1.51352 0.847312 0.772744 0.843019 0.830473 0.885262 0.809872 0.829646 0.815687 
IDW_iters1_phase_shifts7_Naive_full_pi_is_0
 1.2599 1.00418 0.989601 0.867627 1.01407 1.17695 1.16993 1.13563 1.03225 0.33208 0.431754 0.523472 0.622857 0.657058 0.652796 0.652625 0.74089 0.745815 1.01225 0.983612 0.832608 0.860304 0.795091 0.699194 0.683722 0.667493 0.678996 1.51352 0.847312 0.772744 0.843019 0.830473 0.885262 0.809872 0.829646 0.815687 
RBFTPS_iters0_phase_shifts8_Naive_full_pi_is_0
 1.1889 0.946641 0.946277 0.817875 1.02176 1.14783 1.14199 1.19928 1.09859 0.389582 0.491411 0.53719 0.586021 0.643851 0.709153 0.63343 0.701193 0.673921 0.919509 1.0414 0.840721 0.856997 0.819514 0.731343 0.709479 0.834237 0.837146 1.31459 0.760954 0.801716 0.870611 0.889515 0.88812 0.85161 0.88591 0.88861 
RBFTPS_iters1_phase_shifts8_Naive_full_pi_is_0
 1.1889 0.946641 0.946277 0.817875 1.02176 1.14783 1.14199 1.19928 1.09859 0.389582 0.491411 0.53719 0.586021 0.643851 0.709153 0.63343 0.701193 0.673921 0.919509 1.0414 0.840721 0.856997 0.819514 0.731343 0.709479 0.834237 0.837146 1.31459 0.760954 0.801716 0.870611 0.889515 0.88812 0.85161 0.88591 0.88861 
RBFTPS_iters9_phase_shifts2_Naive_full_pi_is_1
 1.01838 1.1537 0.971057 0.948874 0.849791 0.958354 0.962936 0.909515 0.798103 0.413955 0.424266 0.554741 0.672584 0.711181 0.683152 0.771029 0.777598 0.812419 0.665084 0.749943 0.877991 0.87159 0.931402 0.863987 0.894244 0.868468 1.0498 1.48957 0.981314 0.886792 0.862904 0.766104 0.882688 0.893437 0.919927 0.909771 
RBFTPS_iters7_phase_shifts4_NaiveFTFracDir_full_pi_is_0
 1.35998 0.9442 0.985168 1.08096 0.993398 0.964348 0.961016 0.701741 0.640842 0.424611 0.465671 0.575849 0.6165 0.667186 0.753097 0.779905 0.821989 0.806155 0.637418 0.986516 1.06656 1.11961 0.997179 0.755981 0.789394 0.84988 0.873961 1.00836 1.08912 0.759114 0.859363 0.780799 0.831255 0.884701 0.969162 0.938672 
RBFTPS_iters9_phase_shifts3_NaiveFTFracDir_full_pi_is_0
 1.55834 0.869576 0.921659 0.942233 0.969578 0.865543 0.865967 0.844251 0.691812 0.428266 0.56717 0.604047 0.649883 0.720657 0.745265 0.76329 0.819133 0.81784 0.79131 1.00946 1.08684 1.14114 1.01891 0.882087 0.753608 0.874798 0.85371 0.438305 0.930909 0.666803 0.869088 0.77817 0.883666 0.943489 1.05218 1.02939 
RBFGaussian_iters4_phase_shifts9_NaiveFTFracDir_full_pi_is_0
 0.962852 0.79221 0.797814 0.901903 0.894492 0.816252 0.827463 0.797708 0.726411 0.561533 0.618621 0.645712 0.765181 0.798025 0.835818 0.858357 0.9071 0.826639 1.10933 1.09159 1.06308 1.17413 1.06359 0.759189 0.758537 0.747105 0.891364 0.749508 0.900137 0.898976 1.01492 0.901096 0.912897 0.908827 0.947345 0.901942 
RBFBell_iters4_phase_shifts9_NaiveFTFracDir_full_pi_is_0
 0.962852 0.79221 0.797814 0.901903 0.894492 0.816252 0.827463 0.797708 0.726411 0.561533 0.618621 0.645712 0.765181 0.798025 0.835818 0.858357 0.9071 0.826639 1.10933 1.09159 1.06308 1.17413 1.06359 0.759189 0.758537 0.747105 0.891364 0.749508 0.900137 0.898976 1.01492 0.901096 0.912897 0.908827 0.947345 0.901942 
Makima_iters3_phase_shifts7_NaiveFTFracDir_full_pi_is_1
 0.599797 0.913758 0.692399 0.749905 0.82585 0.935356 0.830347 0.9554 0.769074 0.383569 0.375634 0.548659 0.559386 0.571924 0.607254 0.65007 0.673268 0.69357 0.578662 0.619499 1.0031 0.840939 1.06876 0.955433 0.831749 0.838375 0.873707 2.69636 0.97603 0.629516 0.833269 0.607694 0.770484 0.730718 0.766983 0.763207 
IDW_iters5_phase_shifts8_NaiveFTFracDir_full_pi_is_0
 0.819967 0.988639 1.03584 1.04677 0.767351 0.920501 0.861612 0.785596 0.648158 0.415393 0.459861 0.673334 0.653657 0.69046 0.679703 0.750383 0.796701 0.831524 1.22942 1.31883 1.1471 1.17788 1.0861 0.918752 0.998143 0.935468 0.968391 0.557154 0.878274 0.671683 0.800037 0.754735 0.82648 0.816988 0.879062 0.893483 
RBFMultiquadricAuto_iters3_phase_shifts9_NaiveFTFracDir_full_pi_is_1
 0.51478 0.62696 0.676665 0.818685 0.88939 0.936851 0.93257 1.03794 0.947675 0.586516 0.585233 0.817217 0.82294 0.849373 0.854027 0.90405 0.888795 0.929777 0.682939 0.782226 1.15731 1.03941 1.05799 1.07424 0.987577 1.18016 1.27047 0.574515 0.866681 0.735057 0.8635 0.704213 0.809261 0.820765 0.832345 0.829101 
Makima_iters5_phase_shifts5_NaiveFTFracDir_full_pi_is_0
 0.914277 1.07375 1.05877 0.948894 0.983623 0.993243 0.905299 0.922665 0.694477 0.429564 0.5468 0.514301 0.554848 0.620839 0.675674 0.733874 0.733223 0.79595 1.04751 1.12903 1.1055 1.12007 0.945796 0.964452 1.19097 0.980692 0.895977 1.04764 0.870047 0.740673 0.734583 0.644818 0.725742 0.790622 0.861576 0.867373 
IDW_iters7_phase_shifts3_Naive_full_pi_is_1
 0.907908 0.823346 0.849322 1.11796 0.962772 1.09393 1.04392 0.918394 0.829355 0.431224 0.482427 0.517662 0.698638 0.802064 0.685665 0.799776 0.801473 0.870141 1.00396 0.712048 0.878775 0.857314 1.02514 0.929527 0.943952 1.00735 1.18419 0.843527 0.725438 0.822451 0.916132 0.829557 0.892761 0.919961 0.911969 0.94327 
RBFTPS_iters2_phase_shifts5_Naive_full_pi_is_0
 0.698604 0.745914 0.801496 0.791857 0.98277 1.04331 1.0324 1.08198 1.05681 0.388531 0.463725 0.584627 0.683044 0.68191 0.718022 0.709203 0.702689 0.735736 0.877883 1.04534 0.951354 0.97912 0.926204 0.805699 0.773022 0.826769 0.968843 1.15584 0.781117 1.00039 0.915057 1.09188 1.00771 0.925544 0.970248 0.977096 
RBFTPS_iters6_phase_shifts6_Naive_full_pi_is_1
 0.633135 1.08186 1.00435 1.25135 1.03365 0.989738 0.993895 0.98946 0.955635 0.373139 0.430184 0.581405 0.799783 0.71841 0.706516 0.748011 0.787454 0.801569 0.697588 0.582007 0.84042 0.827501 0.936334 0.923885 0.930477 1.04343 1.045 0.828199 0.989181 0.803884 0.722772 0.879573 1.00074 0.960025 0.927609 1.02668 
Makima_iters6_phase_shifts5_Naive_full_pi_is_1
 0.596897 1.23351 1.21408 1.15566 0.986956 0.929194 0.877655 0.938396 0.846613 0.382994 0.483906 0.487302 0.62838 0.650105 0.64481 0.649975 0.679623 0.717785 0.73392 0.474316 0.871232 0.674965 0.839724 1.13866 1.45026 1.17027 0.948334 1.52731 0.859419 0.606457 0.678599 0.91037 0.711135 0.790837 0.808075 0.81048 
Makima_iters7_phase_shifts3_NaiveFTFracDir_full_pi_is_1
 0.612451 1.05142 1.11514 1.08507 0.977786 0.932335 0.944032 0.92856 0.720373 0.41851 0.454233 0.61822 0.666367 0.693614 0.707068 0.797778 0.807467 0.839808 1.3151 0.840052 0.924523 0.820914 0.986217 1.33819 0.924545 0.706037 0.906128 0.831595 1.02693 0.778222 0.832238 0.906357 0.777764 0.787216 0.86289 0.865238 
Makima_iters8_phase_shifts6_Naive_full_pi_is_1
 0.865796 1.35585 1.43959 1.30376 1.05628 0.940296 0.968538 1.04359 0.972196 0.404261 0.487579 0.531811 0.629876 0.632843 0.639656 0.620647 0.713404 0.730167 0.711635 0.581977 0.964958 0.54132 0.870991 0.775396 0.737264 0.806326 0.771437 1.52449 0.866282 0.769032 0.653217 0.969457 0.741993 0.81753 0.886604 0.886962 
RBFTPS_iters5_phase_shifts5_NaiveFTFracDir_full_pi_is_1
 0.678712 0.882827 1.11661 1.04369 0.950687 0.811682 0.824988 0.870176 0.756861 0.449792 0.55206 0.578195 0.639308 0.716516 0.701821 0.778885 0.762528 0.791226 0.762255 0.827245 1.0269 1.32005 1.14115 1.35329 1.11272 1.09572 1.07706 0.711019 0.812993 0.631263 0.920839 0.688049 0.734493 0.850582 0.867536 0.882292 
RBFTPS_iters0_phase_shifts9_Naive_full_pi_is_0
 1.19027 0.959652 0.968912 0.831514 1.02858 1.15443 1.14858 1.20006 1.09288 0.389703 0.493911 0.539949 0.58924 0.645359 0.710591 0.633119 0.707039 0.68032 0.923058 1.01795 0.831769 0.849138 0.819971 0.735269 0.71319 0.840485 0.837708 1.3199 0.75998 0.804979 0.87211 0.905363 0.889702 0.853613 0.887526 0.885628 
RBFTPS_iters1_phase_shifts9_Naive_full_pi_is_0
 1.19027 0.959652 0.968912 0.831514 1.02858 1.15443 1.14858 1.20006 1.09288 0.389703 0.493911 0.539949 0.58924 0.645359 0.710591 0.633119 0.707039 0.68032 0.923058 1.01795 0.831769 0.849138 0.819971 0.735269 0.71319 0.840485 0.837708 1.3199 0.75998 0.804979 0.87211 0.905363 0.889702 0.853613 0.887526 0.885628 
IDW_iters5_phase_shifts3_NaiveFTFracDir_full_pi_is_1
 0.665426 1.41266 1.10989 0.93674 1.02619 1.06155 1.05688 0.900064 0.779628 0.377027 0.511354 0.548172 0.687948 0.646158 0.690821 0.763117 0.760723 0.807509 0.67469 0.687945 0.950949 0.904983 0.993606 0.983642 1.05655 0.888106 1.03204 0.882668 1.09192 0.765462 0.950962 0.747893 0.827968 0.851023 0.875909 0.897686 
RBFTPS_iters5_phase_shifts3_NaiveFTFracDir_full_pi_is_1
 0.707984 0.821585 0.722389 0.898276 1.06567 0.94743 0.98143 0.899195 0.774295 0.412103 0.486951 0.577365 0.637266 0.606608 0.733803 0.796644 0.793742 0.810735 0.714259 0.826189 0.974193 0.960164 1.15075 1.31242 1.0437 1.0271 1.08298 0.964825 1.12263 0.701643 0.993477 0.839932 0.791913 0.891965 0.890313 0.914663 
RBFTPS_iters5_phase_shifts7_Naive_full_pi_is_1
 0.638013 1.10355 1.11033 1.31839 1.02817 1.00234 1.00586 1.0564 1.07628 0.369865 0.497525 0.660197 0.664154 0.690141 0.689616 0.730606 0.782118 0.791968 0.699283 0.579737 0.803144 0.801487 0.885447 1.01812 1.11203 1.03501 1.05072 0.471537 0.910887 0.823668 0.750748 0.842876 0.948168 0.925759 0.876938 0.970043 
RBFMultiquadricAuto_iters3_phase_shifts4_NaiveFTFracDir_full_pi_is_1
 0.359858 0.658784 0.642128 0.706642 0.879049 0.89187 0.942793 0.958298 0.800065 0.607278 0.725904 0.705636 0.780614 0.962254 0.96051 0.974832 0.956283 0.950314 0.749716 0.802195 1.00911 1.00713 1.13806 1.03289 0.916535 1.18183 1.25642 0.829812 0.932407 0.781365 0.867037 0.71262 0.814677 0.833066 0.858155 0.850948 
IDW_iters5_phase_shifts9_NaiveFTFracDir_full_pi_is_0
 1.0267 0.919126 0.9109 0.825893 0.982224 0.943719 0.88477 0.763465 0.721771 0.484691 0.530638 0.643001 0.674846 0.686954 0.696356 0.740205 0.785304 0.844052 1.19938 1.30003 1.14031 1.17537 1.04142 0.942103 0.943656 0.8876 0.96372 0.498485 0.817431 0.737813 0.908608 0.825538 0.857474 0.822973 0.902006 0.911487 
Makima_iters5_phase_shifts9_Naive_full_pi_is_1
 0.518852 1.29242 1.29687 1.16753 0.845102 0.968036 0.930704 0.972429 0.874883 0.375132 0.47141 0.562596 0.600642 0.637935 0.731656 0.695649 0.747039 0.753134 0.720443 0.46505 1.14966 0.841718 0.829517 1.26029 1.31688 1.1943 0.897467 0.75744 0.776355 0.729881 0.716817 0.929094 0.785577 0.890025 0.864708 0.859458 
RBFMultiquadricAuto_iters0_phase_shifts9_NaiveFTFracDir_full_pi_is_0
 0.828623 0.578364 0.574453 0.699913 0.952774 1.05304 1.03203 1.08606 1.05171 0.560889 0.548889 0.740263 0.721722 0.872468 0.87847 0.891677 0.889276 0.860731 1.15566 1.21167 1.03529 0.98725 0.909167 1.22012 0.884707 0.989746 0.651919 0.595968 0.749016 0.868089 0.858642 0.926978 0.789775 0.736198 0.806124 0.780348 
RBFMultiquadricAuto_iters1_phase_shifts9_NaiveFTFracDir_full_pi_is_0
 0.828623 0.578364 0.574453 0.699913 0.952774 1.05304 1.03203 1.08606 1.05171 0.560889 0.548889 0.740263 0.721722 0.872468 0.87847 0.891677 0.889276 0.860731 1.15566 1.21167 1.03529 0.98725 0.909167 1.22012 0.884707 0.989746 0.651919 0.595968 0.749016 0.868089 0.858642 0.926978 0.789775 0.736198 0.806124 0.780348 
Makima_iters9_phase_shifts9_Naive_full_pi_is_1
 0.940923 1.37156 1.35348 1.33179 1.04767 0.97056 0.972365 0.823817 0.757135 0.456033 0.55541 0.509688 0.581733 0.654698 0.571779 0.669088 0.750036 0.619074 1.27271 0.474812 0.550391 0.664022 0.880827 0.793029 0.954191 0.892985 0.759701 1.61286 0.727293 0.690916 0.644258 0.877601 0.750857 0.809533 0.940985 0.879524 
Makima_iters8_phase_shifts3_NaiveFTFracDir_full_pi_is_1
 0.557672 1.05876 1.11586 1.05333 0.956663 0.915446 0.901845 0.913332 0.758597 0.412175 0.456552 0.608608 0.645777 0.711025 0.703674 0.793359 0.807677 0.857635 1.41389 0.930132 0.96775 1.02361 0.974447 1.10403 0.955229 0.850467 0.989834 0.624029 0.999584 0.815793 0.917348 0.713788 0.783067 0.835996 0.878946 0.869363 
Makima_iters8_phase_shifts4_Naive_full_pi_is_1
 0.787617 1.4715 1.44377 1.30221 1.11973 1.15322 1.15663 0.91823 0.88743 0.541677 0.482655 0.514972 0.525749 0.646724 0.635816 0.668187 0.711938 0.734975 0.822319 0.661341 0.636763 0.564789 0.87931 0.81385 0.768984 0.803183 0.732911 1.40233 0.888254 0.713239 0.680117 0.970176 0.724007 0.792926 0.859857 0.868948 
RBFTPS_iters2_phase_shifts6_Naive_full_pi_is_0
 0.705327 0.78216 0.826611 0.821024 0.985614 1.05988 1.06051 1.10184 1.04995 0.414094 0.503165 0.577476 0.660065 0.677827 0.724811 0.711309 0.718452 0.739287 0.892308 1.06126 0.953821 0.977694 0.919593 0.807413 0.773335 0.823508 0.955714 1.10114 0.743202 1.00296 0.915983 1.11354 1.02147 0.93368 0.980724 0.977934 
RBFMultiquadricManual_iters1_phase_shifts8_NaiveFTFracDir_full_pi_is_0
 0.847376 0.595672 0.608102 0.716144 0.917734 0.988858 0.990249 1.05739 1.01622 0.880595 1.00319 1.00913 0.885768 0.981035 0.943045 0.986853 0.931439 0.96845 0.915724 1.13655 0.894309 0.884684 0.849678 1.01633 0.711914 0.814642 0.544729 0.698297 0.799798 0.845083 0.905353 0.91239 0.792171 0.722214 0.772597 0.785635 
RBFMultiquadricManual_iters0_phase_shifts8_NaiveFTFracDir_full_pi_is_0
 0.847376 0.595672 0.608102 0.716144 0.917734 0.988858 0.990249 1.05739 1.01622 0.880595 1.00319 1.00913 0.885768 0.981035 0.943045 0.986853 0.931439 0.96845 0.915724 1.13655 0.894309 0.884684 0.849678 1.01633 0.711914 0.814642 0.544729 0.698297 0.799798 0.845083 0.905353 0.91239 0.792171 0.722214 0.772597 0.785635 
Makima_iters5_phase_shifts6_NaiveFTFracDir_full_pi_is_1
 0.767642 1.31703 1.40045 1.09987 0.844391 0.857621 0.866111 0.891986 0.730351 0.398952 0.492635 0.531872 0.58989 0.635714 0.670621 0.715199 0.744768 0.736128 0.763998 0.665123 1.10647 0.830403 1.08878 1.19475 1.30288 1.27385 1.05397 0.625707 0.940168 0.61904 0.724223 0.793138 0.867451 0.78546 0.786544 0.801496 
Makima_iters7_phase_shifts6_NaiveFTFracDir_full_pi_is_1
 0.658306 1.05779 1.00689 1.0086 0.98474 0.963355 0.956525 0.956364 0.803486 0.486311 0.553654 0.572865 0.690849 0.63347 0.646362 0.726434 0.762515 0.775201 1.58127 0.826033 0.86534 1.13065 1.07166 1.06714 1.0823 1.04707 1.02034 0.520273 1.04807 0.597232 0.702377 0.675359 0.796727 0.790782 0.834979 0.83328 
RBFMultiquadricManual_iters1_phase_shifts9_NaiveFTFracDir_full_pi_is_0
 0.775413 0.58159 0.5381 0.712415 0.892136 0.957655 0.92977 0.974056 0.992672 0.949572 1.04814 1.04011 0.977932 1.02296 1.00816 1.06438 0.987095 0.983401 0.965758 1.16018 0.943081 0.898613 0.854306 0.744328 0.72627 0.827851 0.614222 0.515647 0.798923 0.924643 0.899548 0.90836 0.788693 0.719822 0.765371 0.78387 
RBFMultiquadricManual_iters0_phase_shifts9_NaiveFTFracDir_full_pi_is_0
 0.775413 0.58159 0.5381 0.712415 0.892136 0.957655 0.92977 0.974056 0.992672 0.949572 1.04814 1.04011 0.977932 1.02296 1.00816 1.06438 0.987095 0.983401 0.965758 1.16018 0.943081 0.898613 0.854306 0.744328 0.72627 0.827851 0.614222 0.515647 0.798923 0.924643 0.899548 0.90836 0.788693 0.719822 0.765371 0.78387 
RBFTPS_iters7_phase_shifts5_Naive_full_pi_is_1
 0.769853 1.09773 1.10831 1.33056 0.998671 0.990143 1.01841 1.04929 1.0136 0.411742 0.453838 0.61124 0.643167 0.712899 0.717274 0.719767 0.760088 0.796341 0.674299 0.683448 0.891749 0.854702 0.913668 0.836976 0.790433 0.983788 0.984685 0.592728 0.848354 0.826723 0.745591 1.12443 1.04177 0.993246 0.938694 1.0416 
RBFGaussian_iters2_phase_shifts6_Naive_full_pi_is_1
 0.465813 1.1346 1.12292 1.08212 1.01098 1.04498 1.04692 1.12468 1.21316 0.529852 0.620375 0.668016 0.701897 0.701091 0.682 0.747927 0.755325 0.729049 0.715628 0.977869 0.767649 0.697215 0.81541 1.22331 1.02966 0.973576 1.01006 0.814388 0.899193 0.758715 0.896881 0.775073 0.748317 0.856139 0.873192 0.818961 
RBFBell_iters2_phase_shifts6_Naive_full_pi_is_1
 0.465813 1.1346 1.12292 1.08212 1.01098 1.04498 1.04692 1.12468 1.21316 0.529852 0.620375 0.668016 0.701897 0.701091 0.682 0.747927 0.755325 0.729049 0.715628 0.977869 0.767649 0.697215 0.81541 1.22331 1.02966 0.973576 1.01006 0.814388 0.899193 0.758715 0.896881 0.775073 0.748317 0.856139 0.873192 0.818961 
IDW_iters4_phase_shifts7_Naive_full_pi_is_1
 0.572116 1.32973 1.30875 1.26611 0.951549 0.978992 1.01088 1.02517 0.937232 0.410166 0.465202 0.494951 0.724396 0.717178 0.687484 0.742278 0.802383 0.769008 0.855383 0.630291 0.838419 0.865073 1.03182 0.899507 1.10805 0.956888 1.04705 0.500332 0.743896 0.803074 0.789869 0.973355 0.83154 0.900965 0.914499 0.909498 
RBFBell_iters3_phase_shifts6_Naive_full_pi_is_1
 0.378093 0.975228 0.897585 0.94732 0.983109 0.970796 1.01697 1.12618 1.09549 0.734686 0.823883 0.699419 0.825309 0.772034 0.774451 0.823686 0.82409 0.839768 0.752712 0.647127 0.725724 0.72663 0.849431 1.07309 1.06894 1.03888 1.158 0.822776 0.942092 0.834858 0.977591 0.769641 0.785213 0.86196 0.878957 0.874028 
RBFGaussian_iters3_phase_shifts6_Naive_full_pi_is_1
 0.378093 0.975228 0.897585 0.94732 0.983109 0.970796 1.01697 1.12618 1.09549 0.734686 0.823883 0.699419 0.825309 0.772034 0.774451 0.823686 0.82409 0.839768 0.752712 0.647127 0.725724 0.72663 0.849431 1.07309 1.06894 1.03888 1.158 0.822776 0.942092 0.834858 0.977591 0.769641 0.785213 0.86196 0.878957 0.874028 
RBFMultiquadricAuto_iters3_phase_shifts2_NaiveFTFracDir_full_pi_is_1
 0.550957 0.697563 0.719036 0.87811 1.00784 0.921844 0.977901 1.00078 0.910035 1.06922 0.855774 0.867168 0.920808 0.932738 0.917835 0.926983 0.975623 0.992847 0.59778 0.734237 1.054 0.924668 0.942432 0.94077 0.811746 1.04899 1.21385 0.624448 0.798756 0.764659 0.95091 0.66975 0.735231 0.793609 0.812271 0.82514 
RBFMultiquadricManual_iters1_phase_shifts8_NaiveFTFracDir_full_pi_is_1
 0.807837 0.680325 0.647823 0.711049 0.953534 1.05935 1.05502 1.03022 1.058 1.3154 1.15539 1.16401 1.01479 1.04921 0.983685 0.963079 0.929231 0.929806 1.27252 0.90963 0.728618 0.710029 0.712347 0.770447 0.677879 0.804018 0.77924 0.329792 0.717148 0.634595 0.736231 0.768589 0.722663 0.700947 0.723802 0.739724 
RBFMultiquadricManual_iters0_phase_shifts8_NaiveFTFracDir_full_pi_is_1
 0.807837 0.680325 0.647823 0.711049 0.953534 1.05935 1.05502 1.03022 1.058 1.3154 1.15539 1.16401 1.01479 1.04921 0.983685 0.963079 0.929231 0.929806 1.27252 0.90963 0.728618 0.710029 0.712347 0.770447 0.677879 0.804018 0.77924 0.329792 0.717148 0.634595 0.736231 0.768589 0.722663 0.700947 0.723802 0.739724 
Makima_iters8_phase_shifts8_NaiveFTFracDir_full_pi_is_1
 0.805838 1.09493 1.04598 1.02613 0.984497 0.929355 0.934207 0.931872 0.796261 0.462652 0.580791 0.70115 0.657197 0.613819 0.716336 0.822484 0.845101 0.854785 0.918758 0.816947 0.848865 0.837217 0.975522 1.1162 1.1565 1.08268 1.06376 0.696175 0.898403 0.726937 1.0096 0.682969 0.905903 0.882209 0.929142 0.931057 
RBFMultiquadricAuto_iters1_phase_shifts2_NaiveFTFracDir_full_pi_is_1
 1.06226 0.712198 0.786033 0.99067 0.997849 1.04982 1.05975 0.931288 1.08896 0.475509 0.58494 0.62455 0.741152 0.985449 0.966146 0.928569 0.965057 0.930696 1.37301 0.952915 0.816066 0.780284 0.779655 0.908737 0.901525 0.969164 0.955903 0.487828 0.824301 0.828594 0.782065 0.890215 0.789873 0.746407 0.781152 0.756775 
RBFMultiquadricAuto_iters0_phase_shifts2_NaiveFTFracDir_full_pi_is_1
 1.06226 0.712198 0.786033 0.99067 0.997849 1.04982 1.05975 0.931288 1.08896 0.475509 0.58494 0.62455 0.741152 0.985449 0.966146 0.928569 0.965057 0.930696 1.37301 0.952915 0.816066 0.780284 0.779655 0.908737 0.901525 0.969164 0.955903 0.487828 0.824301 0.828594 0.782065 0.890215 0.789873 0.746407 0.781152 0.756775 
Makima_iters6_phase_shifts6_NaiveFTFracDir_full_pi_is_1
 0.648051 1.26629 1.14632 1.02511 0.874604 0.880107 0.830705 0.793536 0.695941 0.454758 0.485567 0.519859 0.638522 0.622672 0.67741 0.744837 0.759143 0.766641 0.820918 0.825424 1.11934 0.77737 0.945122 1.56814 1.41121 1.37401 1.12327 0.567428 0.921587 0.623412 0.720723 0.650094 0.765685 0.769815 0.805753 0.819117 
IDW_iters9_phase_shifts2_Naive_full_pi_is_1
 0.629581 0.881199 0.895936 0.968268 0.917857 0.95833 0.967437 0.89817 0.792887 0.445526 0.651818 0.566906 0.773743 0.753494 0.780957 0.773536 0.793387 0.865022 0.674581 0.469582 0.95067 0.955499 1.08038 1.01591 1.05905 0.981902 1.37882 0.5247 0.922146 0.851286 0.958817 1.02377 1.00072 0.962008 0.999016 1.00025 
IDW_iters6_phase_shifts4_Naive_full_pi_is_1
 0.742482 0.946029 0.977419 1.19171 1.02254 1.12773 1.11541 0.967953 0.88826 0.419651 0.485186 0.50019 0.715171 0.742004 0.706261 0.792739 0.799376 0.860029 0.597618 0.612269 0.912042 0.86279 0.949283 1.05169 0.972292 0.953371 1.15211 1.27989 0.693901 0.778543 0.81894 0.80893 0.851852 0.897306 0.923393 0.955566 
RBFTPS_iters6_phase_shifts7_Naive_full_pi_is_1
 0.629426 1.12149 1.04088 1.28425 0.986983 0.953168 0.955675 1.03259 0.930872 0.440414 0.463299 0.629328 0.639943 0.700323 0.680527 0.724908 0.771097 0.787999 0.710691 0.595085 0.792043 0.78191 0.873096 0.934888 1.15939 1.04921 1.04937 0.662492 0.960476 0.851775 0.768387 0.910663 1.03019 1.01729 0.979349 1.15154 
RBFMultiquadricAuto_iters0_phase_shifts1_Naive_full_pi_is_0
 1.00642 0.578676 0.590551 0.524072 0.871645 0.900762 0.897017 0.89882 0.80194 0.709779 0.753532 0.920604 0.897341 0.947306 0.907774 0.84864 0.808001 0.801664 0.872036 1.15713 0.913438 0.912405 0.872138 1.18496 1.08531 1.15017 1.00188 0.955342 1.10412 0.797575 0.858734 0.902903 0.780014 0.686023 0.745487 0.742476 
RBFMultiquadricAuto_iters1_phase_shifts1_Naive_full_pi_is_1
 1.00642 0.578676 0.590551 0.524072 0.871645 0.900762 0.897017 0.89882 0.80194 0.709779 0.753532 0.920604 0.897341 0.947306 0.907774 0.84864 0.808001 0.801664 0.872036 1.15713 0.913438 0.912405 0.872138 1.18496 1.08531 1.15017 1.00188 0.955342 1.10412 0.797575 0.858734 0.902903 0.780014 0.686023 0.745487 0.742476 
RBFMultiquadricAuto_iters0_phase_shifts1_NaiveFTFracDir_full_pi_is_0
 1.00642 0.578676 0.590551 0.524072 0.871645 0.900762 0.897017 0.89882 0.80194 0.709779 0.753532 0.920604 0.897341 0.947306 0.907774 0.84864 0.808001 0.801664 0.872036 1.15713 0.913438 0.912405 0.872138 1.18496 1.08531 1.15017 1.00188 0.955342 1.10412 0.797575 0.858734 0.902903 0.780014 0.686023 0.745487 0.742476 
RBFMultiquadricAuto_iters0_phase_shifts1_NaiveFTFracDir_full_pi_is_1
 1.00642 0.578676 0.590551 0.524072 0.871645 0.900762 0.897017 0.89882 0.80194 0.709779 0.753532 0.920604 0.897341 0.947306 0.907774 0.84864 0.808001 0.801664 0.872036 1.15713 0.913438 0.912405 0.872138 1.18496 1.08531 1.15017 1.00188 0.955342 1.10412 0.797575 0.858734 0.902903 0.780014 0.686023 0.745487 0.742476 
RBFMultiquadricAuto_iters0_phase_shifts1_Naive_full_pi_is_1
 1.00642 0.578676 0.590551 0.524072 0.871645 0.900762 0.897017 0.89882 0.80194 0.709779 0.753532 0.920604 0.897341 0.947306 0.907774 0.84864 0.808001 0.801664 0.872036 1.15713 0.913438 0.912405 0.872138 1.18496 1.08531 1.15017 1.00188 0.955342 1.10412 0.797575 0.858734 0.902903 0.780014 0.686023 0.745487 0.742476 
RBFMultiquadricAuto_iters1_phase_shifts1_Naive_full_pi_is_0
 1.00642 0.578676 0.590551 0.524072 0.871645 0.900762 0.897017 0.89882 0.80194 0.709779 0.753532 0.920604 0.897341 0.947306 0.907774 0.84864 0.808001 0.801664 0.872036 1.15713 0.913438 0.912405 0.872138 1.18496 1.08531 1.15017 1.00188 0.955342 1.10412 0.797575 0.858734 0.902903 0.780014 0.686023 0.745487 0.742476 
RBFMultiquadricAuto_iters1_phase_shifts1_NaiveFTFracDir_full_pi_is_0
 1.00642 0.578676 0.590551 0.524072 0.871645 0.900762 0.897017 0.89882 0.80194 0.709779 0.753532 0.920604 0.897341 0.947306 0.907774 0.84864 0.808001 0.801664 0.872036 1.15713 0.913438 0.912405 0.872138 1.18496 1.08531 1.15017 1.00188 0.955342 1.10412 0.797575 0.858734 0.902903 0.780014 0.686023 0.745487 0.742476 
RBFMultiquadricAuto_iters1_phase_shifts1_NaiveFTFracDir_full_pi_is_1
 1.00642 0.578676 0.590551 0.524072 0.871645 0.900762 0.897017 0.89882 0.80194 0.709779 0.753532 0.920604 0.897341 0.947306 0.907774 0.84864 0.808001 0.801664 0.872036 1.15713 0.913438 0.912405 0.872138 1.18496 1.08531 1.15017 1.00188 0.955342 1.10412 0.797575 0.858734 0.902903 0.780014 0.686023 0.745487 0.742476 
RBFMultiquadricManual_iters0_phase_shifts9_NaiveFTFracDir_full_pi_is_1
 0.891587 0.74849 0.735468 0.719429 0.969025 1.01656 1.00167 1.02411 1.01291 1.18883 1.18008 1.13238 1.02248 1.02423 1.03539 0.989918 0.983829 0.947424 1.08938 0.940659 0.717811 0.703547 0.778031 0.77216 0.640352 0.786382 0.77941 0.635834 0.746412 0.575488 0.755235 0.810053 0.744209 0.70531 0.767466 0.749786 
RBFMultiquadricManual_iters1_phase_shifts9_NaiveFTFracDir_full_pi_is_1
 0.891587 0.74849 0.735468 0.719429 0.969025 1.01656 1.00167 1.02411 1.01291 1.18883 1.18008 1.13238 1.02248 1.02423 1.03539 0.989918 0.983829 0.947424 1.08938 0.940659 0.717811 0.703547 0.778031 0.77216 0.640352 0.786382 0.77941 0.635834 0.746412 0.575488 0.755235 0.810053 0.744209 0.70531 0.767466 0.749786 
RBFTPS_iters6_phase_shifts7_NaiveFTFracDir_full_pi_is_0
 1.24273 1.07493 1.06476 0.985471 0.895244 0.805813 0.813505 0.763681 0.667441 0.377412 0.42363 0.505672 0.650239 0.744626 0.798977 0.841839 0.853229 0.832721 1.045 1.10868 1.13951 1.18532 1.01075 0.775637 0.829427 0.844777 0.868622 0.547366 0.952001 0.891354 0.942907 0.816488 0.898198 0.938731 0.979871 0.971215 
Makima_iters9_phase_shifts5_NaiveFTFracDir_full_pi_is_1
 0.830218 0.990847 1.22967 1.20739 1.04659 1.01684 1.01418 0.834308 0.680374 0.484176 0.50291 0.615329 0.577273 0.490118 0.645198 0.748696 0.755408 0.762901 1.05634 0.906781 0.923156 0.986799 1.08848 1.10767 0.905406 1.08794 0.984668 1.05695 0.867838 0.696306 0.852995 0.681001 0.792352 0.869408 0.912502 0.886983 
Makima_iters5_phase_shifts8_Naive_full_pi_is_1
 0.514213 1.29331 1.57453 1.18124 0.842022 0.965123 0.929778 0.971607 0.867318 0.381615 0.473541 0.559069 0.601115 0.63682 0.656975 0.693813 0.746723 0.751997 0.720907 0.461061 1.15237 0.933179 0.835188 1.21034 1.25529 1.1563 0.873698 0.752459 0.781098 0.723743 0.713999 0.923962 0.784534 0.887389 0.861758 0.865072 
RBFMultiquadricAuto_iters3_phase_shifts6_NaiveFTFracDir_full_pi_is_1
 0.508996 0.70382 0.667548 0.791298 0.907058 0.925476 0.93577 1.20426 0.916746 0.600237 0.505711 0.729144 0.749825 0.902451 0.917503 0.90852 0.904049 0.829136 0.786146 0.756766 1.1754 0.951384 1.14793 1.11248 1.0993 1.21069 1.18167 0.622604 0.91783 0.729897 0.866535 0.707545 0.815617 0.817466 0.83601 0.841078 
RBFGaussian_iters3_phase_shifts5_Naive_full_pi_is_1
 0.38955 1.16571 1.15569 1.05286 0.983258 0.979208 0.983699 1.14148 1.06009 0.574711 0.666496 0.573079 0.797328 0.724547 0.717626 0.784782 0.794076 0.800243 0.724326 0.781121 0.708072 0.72383 0.843312 1.09114 1.09807 1.02157 1.15711 0.821958 0.946068 0.831643 0.964411 0.754522 0.783018 0.867104 0.87571 0.871737 
RBFBell_iters3_phase_shifts5_Naive_full_pi_is_1
 0.38955 1.16571 1.15569 1.05286 0.983258 0.979208 0.983699 1.14148 1.06009 0.574711 0.666496 0.573079 0.797328 0.724547 0.717626 0.784782 0.794076 0.800243 0.724326 0.781121 0.708072 0.72383 0.843312 1.09114 1.09807 1.02157 1.15711 0.821958 0.946068 0.831643 0.964411 0.754522 0.783018 0.867104 0.87571 0.871737 
RBFTPS_iters4_phase_shifts9_Naive_full_pi_is_1
 0.572033 1.09863 1.03428 1.28216 0.913045 0.932678 0.934056 1.05533 1.05928 0.390706 0.42108 0.63517 0.641054 0.712084 0.673642 0.733485 0.725978 0.701602 0.75793 0.757038 0.873008 0.893255 0.925806 1.44656 1.08378 1.07732 1.05167 0.460845 0.86575 0.812538 0.839885 0.760666 0.928541 0.911013 0.954837 0.96162 
RBFMultiquadricManual_iters2_phase_shifts4_NaiveFTFracDir_full_pi_is_1
 0.776786 0.661405 0.665547 0.734593 0.946718 0.951455 0.94924 0.972326 0.905502 1.03258 1.08156 1.18848 0.970433 1.07161 1.1971 1.10461 1.08301 0.919984 0.668872 0.758459 0.911565 0.810658 0.99839 0.754741 0.74002 0.878632 0.925405 0.562814 0.739424 0.793777 0.859486 0.696536 0.775011 0.757088 0.78831 0.78907 
RBFTPS_iters8_phase_shifts4_Naive_full_pi_is_1
 0.799229 1.22363 1.06261 1.3061 0.932962 0.995503 0.998402 1.00218 0.927908 0.372874 0.452948 0.554856 0.696184 0.736022 0.709619 0.724617 0.769247 0.801487 0.681105 0.653691 0.866873 0.828504 0.897478 0.920752 0.891646 1.00054 0.96013 1.02621 0.837121 0.828832 0.756414 1.03197 1.01344 0.994592 0.924587 1.00958 
RBFTPS_iters5_phase_shifts7_NaiveFTFracDir_full_pi_is_0
 1.28085 0.94778 0.928085 0.973968 0.882376 0.971865 0.989893 0.73714 0.716801 0.377888 0.38074 0.493454 0.631086 0.727953 0.796809 0.833761 0.850242 0.841413 0.878688 1.12268 1.14275 1.18698 0.999229 0.936519 0.969483 0.871608 0.977077 0.452524 0.873026 0.82942 0.992035 0.806401 0.874086 0.921651 0.9442 0.956774 
RBFTPS_iters8_phase_shifts3_NaiveFTFracDir_full_pi_is_0
 1.60659 0.854948 0.907802 1.00651 0.851683 0.911068 0.97595 0.860287 0.727544 0.449893 0.553948 0.582188 0.609144 0.687156 0.720939 0.738796 0.801864 0.801369 0.693874 1.04771 1.09435 1.13894 1.02297 0.819894 0.802224 0.837962 0.85528 1.01372 0.986883 0.704109 0.897971 0.783632 0.814365 0.927093 1.02499 1.00035 
Makima_iters8_phase_shifts2_NaiveFTFracDir_full_pi_is_1
 0.949029 1.04482 1.04287 0.891255 0.933797 0.884522 0.829364 0.934594 0.779869 0.566321 0.653214 0.681312 0.777763 0.695605 0.757313 0.816046 0.817541 0.840716 0.665526 0.916612 0.931944 1.01829 1.09043 1.21162 1.11646 1.11473 1.05493 0.567819 0.880049 0.815374 1.05191 0.698073 0.79255 0.832474 0.896409 0.89054 
RBFMultiquadricAuto_iters2_phase_shifts2_NaiveFTFracDir_full_pi_is_1
 0.714808 0.611817 0.606927 0.669618 0.942371 0.962627 1.04878 1.0315 0.998766 0.815445 0.818847 0.756522 0.918123 0.952667 0.911395 0.898162 0.961613 0.89901 0.816376 0.964325 1.3314 0.949962 0.930229 0.990388 0.815362 1.00284 1.06583 0.766038 0.873835 0.748399 0.909111 0.786958 0.761079 0.757674 0.76931 0.776724 
Makima_iters5_phase_shifts6_NaiveFTFracDir_full_pi_is_0
 0.962077 1.15472 1.18718 1.02787 0.991245 0.912221 0.951201 0.71723 0.624947 0.451287 0.511286 0.528029 0.561764 0.617898 0.68292 0.744471 0.742773 0.790876 1.03012 1.07889 1.11301 1.1577 0.947484 0.869187 1.04097 0.946197 0.884137 1.20309 0.937167 0.75522 0.956538 0.717769 0.743208 0.8222 0.896684 0.88054 
Makima_iters7_phase_shifts6_NaiveFTFracDir_full_pi_is_0
 1.26006 0.930852 0.980057 0.941484 0.868526 0.840386 0.813905 0.904563 0.712946 0.401662 0.540939 0.593397 0.656564 0.716676 0.766506 0.812035 0.846762 0.866005 1.06413 1.29573 1.22136 1.23543 1.01672 1.00229 0.953425 0.990036 0.942092 1.06217 0.692919 0.626408 0.722882 0.637863 0.696823 0.726982 0.879784 0.874095 
RBFMultiquadricAuto_iters1_phase_shifts4_NaiveFTFracDir_full_pi_is_0
 0.862831 0.62828 0.624056 0.676308 0.911271 0.944069 0.940155 0.968212 0.998478 0.615568 0.622503 0.786377 0.77123 0.859755 0.877653 0.838476 0.830217 0.824121 1.04495 1.24385 1.06173 1.02821 0.926089 1.29291 1.01241 0.991611 0.712019 1.02651 0.736954 0.914929 0.856981 0.915199 0.772556 0.734631 0.801498 0.790009 
RBFMultiquadricAuto_iters0_phase_shifts4_NaiveFTFracDir_full_pi_is_0
 0.862831 0.62828 0.624056 0.676308 0.911271 0.944069 0.940155 0.968212 0.998478 0.615568 0.622503 0.786377 0.77123 0.859755 0.877653 0.838476 0.830217 0.824121 1.04495 1.24385 1.06173 1.02821 0.926089 1.29291 1.01241 0.991611 0.712019 1.02651 0.736954 0.914929 0.856981 0.915199 0.772556 0.734631 0.801498 0.790009 
IDW_iters6_phase_shifts7_NaiveFTFracDir_full_pi_is_1
 0.915153 0.99619 1.00837 1.026 1.02015 0.979986 0.929717 0.890983 0.779055 0.332038 0.454122 0.528318 0.646848 0.590003 0.66329 0.748078 0.794393 0.771447 0.758059 0.679002 0.854756 0.930115 0.963011 1.29529 1.37508 1.11209 1.11511 1.1971 0.844083 0.696665 0.865042 0.719429 0.852834 0.861434 0.897084 0.913961 
Makima_iters7_phase_shifts8_NaiveFTFracDir_full_pi_is_0
 0.882078 0.739578 0.742105 0.838287 0.863454 0.801098 0.799622 0.891255 0.628822 0.410719 0.502124 0.578194 0.665264 0.66752 0.755882 0.811268 0.842448 0.869033 1.07025 1.23609 1.24713 1.25305 1.04474 1.01732 1.05176 1.00073 0.941896 1.24709 0.724531 0.712447 0.901386 0.768869 0.831158 0.856648 0.98004 0.970484 
Makima_iters6_phase_shifts8_NaiveFTFracDir_full_pi_is_0
 0.946697 0.911147 0.885818 0.960748 0.856169 0.834738 0.869806 0.994294 0.831419 0.420089 0.525763 0.546987 0.603821 0.63117 0.708255 0.767565 0.817225 0.815542 1.0904 1.07294 1.1656 1.19564 0.991474 1.01181 1.10556 0.987525 0.89588 1.17 0.892649 0.68242 0.899373 0.729322 0.794576 0.831332 0.920958 0.925063 
IDW_iters5_phase_shifts8_Naive_full_pi_is_1
 0.660025 1.23944 1.25879 1.21811 1.0259 1.29891 1.00686 0.991358 0.935931 0.433694 0.495457 0.509836 0.710458 0.766996 0.710122 0.766579 0.800263 0.820608 0.640298 0.618689 0.895389 0.776233 0.946937 0.823649 1.08316 0.927451 1.02947 0.771167 0.801122 0.807613 0.784864 0.846613 0.892363 0.91462 0.958338 0.950824 
RBFTPS_iters6_phase_shifts8_Naive_full_pi_is_1
 0.561096 1.09406 1.0791 1.29473 1.01212 0.96073 0.963917 1.05122 0.948494 0.388564 0.441083 0.598763 0.633389 0.687594 0.656517 0.71006 0.764204 0.777249 0.759328 0.625979 0.808051 0.802522 0.883126 0.938875 1.17551 1.05923 1.0318 0.653653 0.987406 0.859437 0.770714 0.935511 1.06252 1.03761 0.992735 1.07483 
IDW_iters4_phase_shifts5_Naive_full_pi_is_1
 0.595722 1.40748 1.32237 1.22168 0.93687 1.00397 1.00873 1.04905 0.962389 0.394059 0.480191 0.497172 0.72598 0.714359 0.701654 0.747532 0.804091 0.778916 0.849899 0.646264 0.835859 0.767542 1.06412 0.867502 1.08256 0.94072 1.01105 0.778726 0.834251 0.788068 0.772291 0.94444 0.822845 0.889788 0.904812 0.907331 
RBFBell_iters1_phase_shifts6_Naive_full_pi_is_0
 1.23469 1.01351 0.999305 0.954213 1.04556 1.11981 1.11653 1.17599 1.08145 0.421749 0.479979 0.610133 0.62604 0.622664 0.72481 0.636066 0.710787 0.707625 0.93549 0.987923 0.902643 0.924467 0.846473 0.996518 0.823084 0.813973 0.827374 0.973488 0.765666 0.912532 0.814898 0.896519 0.941175 0.849036 0.893381 0.897786 
RBFGaussian_iters1_phase_shifts6_Naive_full_pi_is_0
 1.23469 1.01351 0.999305 0.954213 1.04556 1.11981 1.11653 1.17599 1.08145 0.421749 0.479979 0.610133 0.62604 0.622664 0.72481 0.636066 0.710787 0.707625 0.93549 0.987923 0.902643 0.924467 0.846473 0.996518 0.823084 0.813973 0.827374 0.973488 0.765666 0.912532 0.814898 0.896519 0.941175 0.849036 0.893381 0.897786 
RBFBell_iters0_phase_shifts6_Naive_full_pi_is_0
 1.23469 1.01351 0.999305 0.954213 1.04556 1.11981 1.11653 1.17599 1.08145 0.421749 0.479979 0.610133 0.62604 0.622664 0.72481 0.636066 0.710787 0.707625 0.93549 0.987923 0.902643 0.924467 0.846473 0.996518 0.823084 0.813973 0.827374 0.973488 0.765666 0.912532 0.814898 0.896519 0.941175 0.849036 0.893381 0.897786 
RBFGaussian_iters0_phase_shifts6_Naive_full_pi_is_0
 1.23469 1.01351 0.999305 0.954213 1.04556 1.11981 1.11653 1.17599 1.08145 0.421749 0.479979 0.610133 0.62604 0.622664 0.72481 0.636066 0.710787 0.707625 0.93549 0.987923 0.902643 0.924467 0.846473 0.996518 0.823084 0.813973 0.827374 0.973488 0.765666 0.912532 0.814898 0.896519 0.941175 0.849036 0.893381 0.897786 
RBFMultiquadricAuto_iters1_phase_shifts2_Naive_full_pi_is_1
 1.08675 0.677813 0.643079 0.662096 1.00601 0.942456 0.934903 1.03122 0.932835 0.62855 0.633913 0.78389 0.803832 0.799775 0.808721 0.830527 0.771221 0.757281 0.897176 0.995362 0.801964 0.792856 0.798506 1.17073 1.1291 1.1813 0.986967 1.10211 0.962086 0.883431 0.855059 0.870751 0.865568 0.835111 0.848055 0.839127 
RBFMultiquadricAuto_iters0_phase_shifts2_Naive_full_pi_is_1
 1.08675 0.677813 0.643079 0.662096 1.00601 0.942456 0.934903 1.03122 0.932835 0.62855 0.633913 0.78389 0.803832 0.799775 0.808721 0.830527 0.771221 0.757281 0.897176 0.995362 0.801964 0.792856 0.798506 1.17073 1.1291 1.1813 0.986967 1.10211 0.962086 0.883431 0.855059 0.870751 0.865568 0.835111 0.848055 0.839127 
IDW_iters7_phase_shifts8_NaiveFTFracDir_full_pi_is_1
 0.699137 0.966109 0.989758 1.01138 1.18862 1.07367 1.09339 0.912677 0.80277 0.342325 0.52878 0.602864 0.740559 0.635983 0.688781 0.812551 0.819771 0.830491 0.770402 0.763538 0.918125 0.880265 0.956582 1.18517 1.21519 1.01892 1.1897 0.489218 0.949741 0.710447 0.953951 0.679967 0.912011 0.919649 0.959072 0.938863 
Makima_iters4_phase_shifts2_Naive_full_pi_is_0
 1.36282 1.13433 1.04863 1.13156 0.847806 1.1153 1.10969 0.814303 0.942487 0.418977 0.50223 0.660453 0.611291 0.610803 0.689096 0.706957 0.718253 0.772565 0.791647 0.922742 0.974351 1.01226 0.929043 0.897118 0.851774 0.869666 0.885626 1.37555 0.846847 0.694831 0.80409 0.785662 0.703829 0.789551 0.896524 0.895005 
RBFTPS_iters7_phase_shifts2_NaiveFTFracDir_full_pi_is_1
 0.823328 1.07763 1.06769 1.11496 0.885217 0.897878 0.913279 0.912206 0.831458 0.507325 0.52394 0.534579 0.648408 0.621248 0.63697 0.725337 0.796719 0.805192 0.696554 0.728303 0.940917 0.97906 1.06703 1.32649 0.972688 1.0255 1.10307 1.14602 0.843308 0.833675 0.909085 0.821417 0.883721 0.895134 0.931333 0.892578 
RBFTPS_iters4_phase_shifts2_Naive_full_pi_is_0
 0.960098 0.946184 0.961331 1.05931 0.676069 0.904099 0.905485 0.822861 0.691274 0.348918 0.402617 0.622697 0.664851 0.680327 0.735108 0.753508 0.805751 0.820947 1.07073 1.09199 1.07448 1.12007 1.01564 0.972453 0.885837 0.801422 0.935868 0.977355 0.811718 0.898075 0.894292 1.0284 1.00373 0.978036 1.00413 1.02485 
RBFTPS_iters6_phase_shifts6_NaiveFTFracDir_full_pi_is_0
 1.34065 1.01449 1.09958 1.06868 0.905054 0.798923 0.77741 0.974282 0.654137 0.352548 0.510931 0.564401 0.685817 0.750561 0.798814 0.823478 0.843928 0.837612 0.863122 1.11426 1.09403 1.12241 0.996616 0.718802 0.901748 0.818023 0.895343 0.941616 0.823328 0.824674 0.894606 0.781899 0.869241 0.911998 0.960094 0.983182 
RBFBell_iters4_phase_shifts5_NaiveFTFracDir_full_pi_is_0
 0.883535 0.659952 0.642974 0.777734 0.821158 0.877638 0.866818 0.793321 0.734527 0.498863 0.549954 0.657701 0.735349 0.816743 0.837692 0.883776 0.90251 0.89149 1.08765 1.15277 1.0987 1.20449 1.04712 0.769365 0.796118 0.799177 0.930712 1.31005 1.04683 0.917 1.00298 0.802819 0.821684 0.939819 0.938354 0.911784 
RBFGaussian_iters4_phase_shifts5_NaiveFTFracDir_full_pi_is_0
 0.883535 0.659952 0.642974 0.777734 0.821158 0.877638 0.866818 0.793321 0.734527 0.498863 0.549954 0.657701 0.735349 0.816743 0.837692 0.883776 0.90251 0.89149 1.08765 1.15277 1.0987 1.20449 1.04712 0.769365 0.796118 0.799177 0.930712 1.31005 1.04683 0.917 1.00298 0.802819 0.821684 0.939819 0.938354 0.911784 
RBFBell_iters2_phase_shifts9_Naive_full_pi_is_1
 0.563075 1.07222 1.06329 1.04203 0.984874 1.03097 1.03442 1.14364 1.21342 0.721767 0.784 0.782726 0.764801 0.774864 0.74264 0.793282 0.806738 0.774519 0.716578 0.812527 0.737061 0.709479 0.780624 1.17202 1.04865 0.963426 0.981166 0.860395 0.902256 0.762126 0.887873 0.804708 0.767266 0.871755 0.845554 0.834765 
RBFGaussian_iters2_phase_shifts9_Naive_full_pi_is_1
 0.563075 1.07222 1.06329 1.04203 0.984874 1.03097 1.03442 1.14364 1.21342 0.721767 0.784 0.782726 0.764801 0.774864 0.74264 0.793282 0.806738 0.774519 0.716578 0.812527 0.737061 0.709479 0.780624 1.17202 1.04865 0.963426 0.981166 0.860395 0.902256 0.762126 0.887873 0.804708 0.767266 0.871755 0.845554 0.834765 
RBFGaussian_iters4_phase_shifts8_NaiveFTFracDir_full_pi_is_0
 0.906773 0.837625 0.734727 0.92041 0.864534 0.850608 0.881199 0.866941 0.761568 0.529128 0.573618 0.682862 0.797902 0.828411 0.850192 0.882142 0.939393 0.858772 1.04443 1.09466 1.04444 1.13378 1.0578 0.735732 0.957703 0.747778 0.902654 0.601375 1.07944 0.932126 1.03699 0.876779 0.931752 0.957664 0.982986 0.937122 
RBFBell_iters4_phase_shifts8_NaiveFTFracDir_full_pi_is_0
 0.906773 0.837625 0.734727 0.92041 0.864534 0.850608 0.881199 0.866941 0.761568 0.529128 0.573618 0.682862 0.797902 0.828411 0.850192 0.882142 0.939393 0.858772 1.04443 1.09466 1.04444 1.13378 1.0578 0.735732 0.957703 0.747778 0.902654 0.601375 1.07944 0.932126 1.03699 0.876779 0.931752 0.957664 0.982986 0.937122 
IDW_iters9_phase_shifts5_NaiveFTFracDir_full_pi_is_1
 1.00046 1.09288 1.11189 1.0622 0.843535 0.773477 0.908513 0.705956 0.593 0.498928 0.596927 0.642245 0.730902 0.622734 0.794074 0.811079 0.838285 0.892401 0.85921 0.723046 0.863717 0.850954 0.907776 1.22985 1.4185 1.11816 1.2651 0.488425 1.00193 0.701999 0.844436 0.680851 0.868972 0.865842 0.972372 0.966384 
RBFTPS_iters5_phase_shifts8_Naive_full_pi_is_1
 0.644999 1.14382 1.18695 1.36172 1.03494 1.00311 1.00777 1.07784 1.0394 0.380593 0.507 0.681978 0.809583 0.686173 0.692186 0.727589 0.780697 0.801385 0.701405 0.488505 0.804942 0.798856 0.887478 1.02587 1.12263 1.04533 1.0584 0.474192 0.903752 0.822339 0.730501 0.852174 0.960034 0.939128 0.901122 1.00043 
RBFGaussian_iters5_phase_shifts2_NaiveFTFracDir_full_pi_is_0
 1.29413 0.582838 0.645679 0.732944 0.839476 0.869545 0.870506 0.854217 0.682885 0.775963 0.602779 0.737826 0.746198 0.820647 0.875613 0.898422 0.924835 0.952949 1.0604 1.15377 1.15668 1.18088 1.06786 0.742092 0.846079 0.876611 1.02104 0.496773 1.1469 0.842059 0.897847 0.72551 0.813553 0.890379 0.869682 0.90694 
RBFBell_iters5_phase_shifts2_NaiveFTFracDir_full_pi_is_0
 1.29413 0.582838 0.645679 0.732944 0.839476 0.869545 0.870506 0.854217 0.682885 0.775963 0.602779 0.737826 0.746198 0.820647 0.875613 0.898422 0.924835 0.952949 1.0604 1.15377 1.15668 1.18088 1.06786 0.742092 0.846079 0.876611 1.02104 0.496773 1.1469 0.842059 0.897847 0.72551 0.813553 0.890379 0.869682 0.90694 
IDW_iters6_phase_shifts5_NaiveFTFracDir_full_pi_is_0
 1.3252 0.9043 0.848587 0.915596 0.773722 0.913651 0.824628 0.75723 0.670788 0.37229 0.662347 0.588067 0.679985 0.658912 0.67158 0.680796 0.73989 0.788019 1.23354 1.22822 1.13144 1.17855 1.03445 1.05908 1.00726 0.895656 0.98539 0.764306 0.84777 0.773046 0.789108 0.81328 0.894706 0.888124 0.971785 0.970095 
RBFTPS_iters6_phase_shifts9_Naive_full_pi_is_1
 0.578368 1.12122 1.10879 1.31309 1.01454 0.962066 0.961012 1.05401 0.947306 0.373415 0.43852 0.601246 0.615141 0.682321 0.65254 0.707422 0.76662 0.772614 0.759291 0.628563 0.805971 0.801981 0.884677 0.94155 1.18098 1.0581 1.03215 0.663941 0.988265 0.862175 0.76687 0.892609 1.07588 1.04283 0.992171 1.07952 
Makima_iters6_phase_shifts6_Naive_full_pi_is_1
 0.750345 1.3708 1.46005 1.23936 1.03395 0.963899 1.08603 0.972776 0.901078 0.387397 0.499325 0.589508 0.650294 0.667231 0.654582 0.664013 0.707851 0.74631 0.708923 0.463321 0.802501 0.656104 0.81448 1.19306 1.49332 1.20618 0.95115 0.809745 0.813106 0.616421 0.667986 0.873372 0.721634 0.7995 0.840442 0.848938 
RBFTPS_iters6_phase_shifts9_NaiveFTFracDir_full_pi_is_1
 0.945398 1.01682 1.13744 1.032 0.939564 0.898107 0.924645 0.906434 0.801715 0.387523 0.362972 0.539685 0.638831 0.657293 0.686045 0.765755 0.739132 0.73727 0.771781 0.889934 0.87231 1.14438 0.998473 1.29826 1.1475 1.16803 1.17498 0.620304 0.993053 0.735887 0.865345 0.772298 0.89647 0.901486 0.911823 0.896589 
RBFBell_iters4_phase_shifts4_NaiveFTFracDir_full_pi_is_1
 0.409845 0.826357 0.946737 0.825428 0.889077 0.930088 0.90766 0.866567 0.811448 0.746125 0.640809 0.747223 0.825896 0.839868 0.846898 0.91788 0.94473 0.959045 0.704928 0.714306 1.00197 0.857147 1.16311 1.14744 1.19916 1.00667 1.10146 0.685869 0.875325 0.934849 1.05645 0.754982 0.781152 0.944462 0.899703 0.891255 
RBFGaussian_iters4_phase_shifts4_NaiveFTFracDir_full_pi_is_1
 0.409845 0.826357 0.946737 0.825428 0.889077 0.930088 0.90766 0.866567 0.811448 0.746125 0.640809 0.747223 0.825896 0.839868 0.846898 0.91788 0.94473 0.959045 0.704928 0.714306 1.00197 0.857147 1.16311 1.14744 1.19916 1.00667 1.10146 0.685869 0.875325 0.934849 1.05645 0.754982 0.781152 0.944462 0.899703 0.891255 
Makima_iters6_phase_shifts9_NaiveFTFracDir_full_pi_is_1
 0.629714 1.13313 1.03299 0.902268 0.892736 0.946696 1.08545 0.848263 0.743402 0.381938 0.489961 0.613171 0.550881 0.507851 0.596188 0.738041 0.727868 0.752714 0.7658 0.774677 1.1217 0.807295 1.17669 1.39595 1.47134 1.32903 1.16874 0.719921 0.937435 0.709616 0.779436 0.720016 0.844981 0.809144 0.852305 0.851472 
IDW_iters4_phase_shifts6_Naive_full_pi_is_1
 0.566439 1.31292 1.29114 1.25211 0.962462 1.02386 1.02508 1.07181 1.00306 0.410243 0.458832 0.497636 0.711333 0.711341 0.686748 0.744968 0.805505 0.776675 0.85698 0.641727 0.842217 0.867445 1.03854 0.884173 1.09938 0.956684 1.04457 0.690181 0.81276 0.81512 0.803122 0.971482 0.831576 0.902348 0.914723 0.914181 
IDW_iters6_phase_shifts5_Naive_full_pi_is_1
 1.219 0.952889 0.987482 1.18553 1.009 1.10163 1.09377 0.950971 0.870726 0.429339 0.508633 0.542633 0.722109 0.735483 0.71704 0.78752 0.823935 0.920123 0.600893 0.633155 0.93347 0.87512 0.941024 0.817767 1.11166 0.914168 1.12497 0.709166 0.787604 0.830217 0.826409 0.845852 0.953224 0.977187 0.980347 0.99642 
IDW_iters5_phase_shifts2_NaiveFTFracDir_full_pi_is_1
 0.740092 1.02833 0.942344 0.901903 0.980665 1.03006 0.933666 0.90619 0.894147 0.477118 0.558066 0.590043 0.682789 0.722994 0.685194 0.744565 0.767529 0.807995 0.711391 0.737638 0.997916 1.44413 1.10655 1.02857 1.22584 1.00869 0.958454 1.2526 0.789633 0.740905 0.852014 0.847794 0.783804 0.83138 0.817783 0.822589 
Makima_iters5_phase_shifts2_NaiveFTFracDir_full_pi_is_1
 0.752718 1.2027 1.16462 1.11485 0.909396 0.80641 0.786596 0.833242 0.735375 0.66949 0.779047 0.688642 0.706831 0.681731 0.654099 0.752451 0.77569 0.837232 0.639316 0.76096 0.990765 1.00994 1.24037 1.29689 1.37165 1.05773 0.974333 0.518474 0.868308 0.753915 0.992897 0.835563 0.744825 0.790608 0.812688 0.812389 
RBFMultiquadricManual_iters0_phase_shifts5_NaiveFTFracDir_full_pi_is_0
 0.759053 0.588827 0.588183 0.663936 0.880469 0.943242 0.944932 1.0032 1.00027 1.03188 0.93568 1.07163 0.917264 0.976536 0.964264 1.01462 0.940084 0.954207 0.982029 1.14738 0.976075 0.955499 0.852498 0.795006 0.755385 0.826183 0.63903 1.13356 0.826437 0.845669 0.865263 0.929807 0.787892 0.710922 0.76566 0.762659 
RBFMultiquadricManual_iters1_phase_shifts5_NaiveFTFracDir_full_pi_is_0
 0.759053 0.588827 0.588183 0.663936 0.880469 0.943242 0.944932 1.0032 1.00027 1.03188 0.93568 1.07163 0.917264 0.976536 0.964264 1.01462 0.940084 0.954207 0.982029 1.14738 0.976075 0.955499 0.852498 0.795006 0.755385 0.826183 0.63903 1.13356 0.826437 0.845669 0.865263 0.929807 0.787892 0.710922 0.76566 0.762659 
RBFTPS_iters5_phase_shifts5_NaiveFTFracDir_full_pi_is_0
 1.27698 0.847506 0.850771 0.891122 0.911096 0.846544 0.872502 0.828428 0.678189 0.427569 0.407759 0.525927 0.600871 0.681868 0.743864 0.790505 0.776546 0.841723 0.832639 1.21152 1.16294 1.21388 1.00765 0.971156 0.981037 0.895851 0.943885 1.07967 1.01239 0.796449 0.951875 0.808573 0.856456 0.937019 0.940891 0.961351 
Makima_iters4_phase_shifts5_NaiveFTFracDir_full_pi_is_0
 1.4735 1.2178 1.17788 0.95112 1.02305 0.949133 0.90779 0.859772 0.815881 0.462481 0.522647 0.676947 0.543264 0.606909 0.642037 0.704311 0.730921 0.767221 0.947573 1.0603 1.04948 1.06988 0.919453 1.03929 0.908686 0.871687 0.842598 1.01053 1.06371 0.689957 0.828705 0.672511 0.715965 0.825657 0.856542 0.867199 
RBFTPS_iters5_phase_shifts9_Naive_full_pi_is_1
 0.64249 1.15599 1.20287 1.3739 1.0401 1.0068 1.01014 1.0847 1.04873 0.385583 0.571443 0.750739 0.610609 0.690965 0.677327 0.70568 0.778654 0.79095 0.70377 0.488635 0.803672 0.797598 0.888152 1.02862 1.12654 1.04896 1.05915 0.456293 0.905304 0.841783 0.733966 0.862705 0.995347 0.960604 0.91568 1.01621 
IDW_iters4_phase_shifts8_Naive_full_pi_is_1
 0.549323 1.34127 1.31955 1.27757 0.949278 0.980512 1.01 1.00961 0.941136 0.409223 0.449002 0.49103 0.713625 0.714842 0.691194 0.74056 0.840343 0.77598 0.854692 0.622107 0.838315 0.86765 1.02692 0.941809 1.11623 0.964833 1.05219 0.574847 0.841978 0.844721 0.821419 0.994053 0.846848 0.915483 0.931291 0.925123 
RBFBell_iters3_phase_shifts7_Naive_full_pi_is_1
 0.365436 1.0139 0.927475 0.981287 0.995737 0.970602 0.979786 1.13707 1.10325 0.657634 0.695556 0.661335 0.825945 0.780519 0.773703 0.817942 0.833443 0.811796 0.783011 0.679778 0.733709 0.74806 0.842922 1.07399 1.08255 1.03716 1.12594 1.20873 0.917265 0.858526 0.975663 0.769992 0.786498 0.865155 0.886949 0.883066 
RBFGaussian_iters3_phase_shifts7_Naive_full_pi_is_1
 0.365436 1.0139 0.927475 0.981287 0.995737 0.970602 0.979786 1.13707 1.10325 0.657634 0.695556 0.661335 0.825945 0.780519 0.773703 0.817942 0.833443 0.811796 0.783011 0.679778 0.733709 0.74806 0.842922 1.07399 1.08255 1.03716 1.12594 1.20873 0.917265 0.858526 0.975663 0.769992 0.786498 0.865155 0.886949 0.883066 
RBFGaussian_iters4_phase_shifts5_Naive_full_pi_is_1
 0.351668 1.11924 1.36072 1.0713 1.06925 0.997514 0.985458 0.975522 1.0499 0.511649 0.658025 0.617339 0.745414 0.819509 0.758823 0.835109 0.863923 0.850167 0.726303 0.656416 0.736496 0.734348 0.831772 1.11312 1.07261 1.09411 1.1631 0.475658 0.928687 0.870705 0.944895 0.737415 0.827538 0.948263 0.896724 0.893627 
RBFBell_iters4_phase_shifts5_Naive_full_pi_is_1
 0.351668 1.11924 1.36072 1.0713 1.06925 0.997514 0.985458 0.975522 1.0499 0.511649 0.658025 0.617339 0.745414 0.819509 0.758823 0.835109 0.863923 0.850167 0.726303 0.656416 0.736496 0.734348 0.831772 1.11312 1.07261 1.09411 1.1631 0.475658 0.928687 0.870705 0.944895 0.737415 0.827538 0.948263 0.896724 0.893627 
Makima_iters6_phase_shifts7_Naive_full_pi_is_1
 0.749816 1.36865 1.45726 1.20547 1.04586 0.936101 0.940961 0.981817 0.902982 0.422932 0.499745 0.552805 0.615224 0.658315 0.637051 0.636862 0.650633 0.727952 0.700128 0.457215 0.804039 0.652591 1.01785 1.21653 1.50933 1.22035 0.951648 0.938108 0.809603 0.621108 0.713348 0.880743 0.731301 0.806386 0.847796 0.850515 
Makima_iters7_phase_shifts2_NaiveFTFracDir_full_pi_is_1
 0.916251 1.1479 1.11855 0.894606 0.880316 0.889485 0.874151 0.949702 0.798175 0.502703 0.594161 0.651597 0.726003 0.669776 0.690677 0.740649 0.667224 0.775292 0.632653 0.979666 0.975024 1.25897 1.17279 1.15006 1.0617 1.00936 1.00303 0.820058 0.958947 0.821931 1.13766 0.688943 0.789277 0.829854 0.867565 0.871304 
IDW_iters6_phase_shifts6_NaiveFTFracDir_full_pi_is_1
 0.588962 1.08445 1.08335 1.05862 1.00568 0.945508 1.01157 0.876206 0.749688 0.368287 0.568566 0.700858 0.735311 0.643258 0.683544 0.798972 0.835556 0.843215 0.815718 0.801734 0.87828 1.00931 1.02445 1.08732 1.26632 0.985541 1.17914 1.08304 0.881717 0.733203 0.863575 0.741176 0.869581 0.860707 0.907643 0.933323 
RBFTPS_iters6_phase_shifts8_NaiveFTFracDir_full_pi_is_1
 0.946315 0.941735 0.970623 1.0392 0.957426 0.871713 0.870358 0.882204 0.771116 0.381724 0.464544 0.556374 0.689007 0.711635 0.739 0.789436 0.775487 0.804103 0.749528 0.880036 0.887183 1.117 1.11394 1.24483 1.11523 1.17675 1.17902 0.664069 0.943417 0.795085 0.94796 0.868482 0.884864 0.893823 0.918917 0.930211 
Makima_iters7_phase_shifts3_Naive_full_pi_is_1
 0.618374 1.30292 1.30069 1.15259 1.11071 1.08593 1.17253 1.06909 0.949637 0.394075 0.438258 0.505473 0.643069 0.642385 0.772329 0.721084 0.742902 0.725191 0.69211 0.486507 0.942831 0.914039 1.12956 0.923985 1.34369 1.03641 1.1255 0.987941 0.802584 0.590432 0.652254 0.858658 0.681232 0.783779 0.806218 0.800643 
IDW_iters4_phase_shifts9_Naive_full_pi_is_1
 0.580705 1.36028 1.33075 1.29044 0.954766 0.989601 0.994085 1.0238 0.948335 0.43319 0.446687 0.476022 0.672943 0.703148 0.68722 0.73192 0.796601 0.767016 0.856856 0.632583 0.838103 0.868848 1.01946 0.91677 1.11956 0.965415 1.04255 0.653741 0.846767 0.839896 0.808342 0.997325 0.846617 0.916206 0.935455 0.927607 
IDW_iters5_phase_shifts4_NaiveFTFracDir_full_pi_is_1
 0.649027 1.11668 1.1804 1.06751 0.985755 1.06558 1.13221 0.872337 0.820757 0.473716 0.507602 0.601839 0.685134 0.711412 0.751185 0.795277 0.811288 0.832427 0.697076 0.79687 0.983648 0.883401 1.06802 1.20799 1.20686 0.976198 1.10576 0.804919 0.801567 0.734883 0.890106 0.73107 0.873482 0.88305 0.894092 0.88732 
RBFTPS_iters9_phase_shifts4_Naive_full_pi_is_1
 0.791662 1.25362 1.26658 1.31228 0.979895 0.836799 0.84522 1.03695 0.989905 0.400071 0.439665 0.577917 0.80021 0.730856 0.710267 0.758075 0.767101 0.771212 0.687349 0.442807 0.824074 0.845245 0.881962 0.972621 0.807461 1.03116 0.962858 0.518599 0.900296 0.910636 0.934647 1.11365 1.05907 1.03802 0.965906 1.06274 
RBFMultiquadricAuto_iters4_phase_shifts9_NaiveFTFracDir_full_pi_is_1
 0.618984 0.804511 0.834812 0.913041 0.907675 0.858946 0.911231 0.989404 0.857148 0.603233 0.608793 0.777416 0.789831 0.828996 0.84086 0.936817 0.864126 0.831509 0.75056 0.654348 0.992172 0.906072 1.02422 1.18352 1.14927 1.32777 1.25654 0.753015 0.893236 0.810707 0.936456 0.732741 0.875066 0.875689 0.89029 0.889463 
IDW_iters7_phase_shifts3_NaiveFTFracDir_full_pi_is_1
 0.96946 0.976134 0.942924 0.897855 1.05225 0.90201 0.910652 0.872309 0.723906 0.332694 0.560547 0.570514 0.714013 0.728734 0.779292 0.824382 0.830936 0.872147 0.884833 0.608329 0.979618 0.888493 0.908926 1.09053 1.12088 0.984682 1.13743 1.05214 1.35748 0.887957 0.960995 0.764687 0.860135 0.811327 0.868511 0.919999 
Makima_iters8_phase_shifts5_NaiveFTFracDir_full_pi_is_0
 1.26749 0.938334 0.97035 0.831457 0.891239 0.822119 0.822505 0.829442 0.685489 0.372053 0.485298 0.586224 0.669404 0.684918 0.725575 0.748654 0.813786 0.843503 0.971737 1.34679 1.22126 1.2196 1.027 1.04076 0.99201 1.03471 0.982009 0.987146 0.921314 0.803407 0.766244 0.669028 0.784105 0.787385 0.921384 0.913567 
RBFGaussian_iters4_phase_shifts3_Naive_full_pi_is_1
 0.375268 1.0608 1.05806 0.94675 0.989502 0.904415 0.911162 1.10077 0.9728 0.698014 0.716205 0.748242 0.97469 0.905934 0.891765 0.915069 0.92759 0.912309 0.732346 0.588313 0.889949 0.745294 0.853275 0.997392 1.11266 0.912752 1.00287 0.899884 0.928326 0.962827 1.01891 0.717374 0.794185 0.877865 0.879574 0.878446 
RBFBell_iters4_phase_shifts3_Naive_full_pi_is_1
 0.375268 1.0608 1.05806 0.94675 0.989502 0.904415 0.911162 1.10077 0.9728 0.698014 0.716205 0.748242 0.97469 0.905934 0.891765 0.915069 0.92759 0.912309 0.732346 0.588313 0.889949 0.745294 0.853275 0.997392 1.11266 0.912752 1.00287 0.899884 0.928326 0.962827 1.01891 0.717374 0.794185 0.877865 0.879574 0.878446 
RBFBell_iters3_phase_shifts4_Naive_full_pi_is_1
 0.418211 1.09374 1.08764 1.1655 1.01539 1.00533 1.01149 1.11789 1.0571 0.785856 0.829312 0.74722 0.872623 0.851891 0.800128 0.862397 0.870317 0.860058 0.623318 0.807863 0.724025 0.741913 0.857535 0.953098 1.04013 1.00204 1.09498 0.820335 0.932213 0.780676 0.940541 0.733038 0.740976 0.864598 0.83251 0.836604 
RBFGaussian_iters3_phase_shifts4_Naive_full_pi_is_1
 0.418211 1.09374 1.08764 1.1655 1.01539 1.00533 1.01149 1.11789 1.0571 0.785856 0.829312 0.74722 0.872623 0.851891 0.800128 0.862397 0.870317 0.860058 0.623318 0.807863 0.724025 0.741913 0.857535 0.953098 1.04013 1.00204 1.09498 0.820335 0.932213 0.780676 0.940541 0.733038 0.740976 0.864598 0.83251 0.836604 
Makima_iters7_phase_shifts7_NaiveFTFracDir_full_pi_is_0
 0.958163 0.878279 0.887029 0.667679 0.886245 0.868711 0.885748 0.888757 0.694712 0.36518 0.542064 0.58014 0.640989 0.686176 0.731278 0.778179 0.824456 0.827343 1.08305 1.28575 1.18514 1.22249 1.01084 1.04344 0.967628 0.997483 0.959785 1.33317 0.82573 0.73999 0.940641 0.728484 0.789514 0.820283 0.954499 0.950788 
IDW_iters6_phase_shifts4_NaiveFTFracDir_full_pi_is_1
 1.08367 0.878148 0.950116 0.945231 0.999939 1.00389 0.96517 0.889218 0.803579 0.472554 0.48536 0.593933 0.706769 0.703839 0.719783 0.798968 0.847052 0.84281 0.789583 0.754202 0.986812 1.13833 0.990974 1.18526 1.32551 1.00193 1.06059 1.04344 0.701502 0.757244 0.900432 0.735415 0.840315 0.892997 0.923257 0.907421 
IDW_iters7_phase_shifts4_Naive_full_pi_is_1
 0.528149 0.885253 0.921731 1.14457 0.978572 1.06447 1.07299 0.906438 0.831556 0.426864 0.522678 0.565162 0.745568 0.719131 0.761246 0.847733 0.846081 0.907534 1.08513 0.695215 0.723822 0.840421 1.05251 1.06448 0.94235 0.995805 1.24428 1.0126 0.692084 0.851103 0.859652 0.845733 1.08688 0.974934 0.964469 0.983496 
RBFGaussian_iters4_phase_shifts3_NaiveFTFracDir_full_pi_is_1
 0.455994 1.03167 0.949456 0.944654 0.918412 0.896573 0.911801 1.05904 0.877116 0.624974 0.636855 0.717635 0.742242 0.738868 0.783081 0.838439 0.859796 0.853227 0.73393 0.703618 1.00676 0.893309 0.989387 1.13576 1.16189 0.961524 1.11541 0.772702 1.16868 0.824569 1.06732 0.817712 0.82132 0.967062 0.901878 0.919136 
RBFBell_iters4_phase_shifts3_NaiveFTFracDir_full_pi_is_1
 0.455994 1.03167 0.949456 0.944654 0.918412 0.896573 0.911801 1.05904 0.877116 0.624974 0.636855 0.717635 0.742242 0.738868 0.783081 0.838439 0.859796 0.853227 0.73393 0.703618 1.00676 0.893309 0.989387 1.13576 1.16189 0.961524 1.11541 0.772702 1.16868 0.824569 1.06732 0.817712 0.82132 0.967062 0.901878 0.919136 
RBFTPS_iters7_phase_shifts6_NaiveFTFracDir_full_pi_is_0
 1.31837 1.02028 1.06333 0.953991 0.901266 0.968554 0.778711 0.985148 0.640656 0.420854 0.538851 0.614653 0.699426 0.764868 0.823507 0.836752 0.868538 0.871761 0.715291 1.06678 1.09445 1.12061 1.0995 0.753716 0.867074 0.856183 0.895964 0.933491 1.01893 0.811233 0.832485 0.784383 0.865109 0.920057 0.978785 1.01019 
Makima_iters9_phase_shifts7_Naive_full_pi_is_1
 0.966151 1.35237 1.33874 1.32925 1.0452 0.969591 0.978416 0.814428 0.760076 0.446841 0.48213 0.51512 0.560069 0.633384 0.639076 0.63437 0.749155 0.615392 1.1756 0.460697 0.7064 0.657222 1.02008 0.901686 0.923959 0.878349 0.800259 1.7652 0.7962 0.829525 0.68044 0.956535 0.768319 0.832429 0.868531 0.890272 
RBFMultiquadricAuto_iters4_phase_shifts7_NaiveFTFracDir_full_pi_is_1
 0.684727 0.667082 0.694141 0.757714 0.918801 0.859912 0.896531 0.942384 0.847333 0.625751 0.632025 0.913241 0.83902 0.858631 0.902465 0.993942 0.931266 0.935328 0.752317 0.664551 0.982194 0.925762 1.11455 1.17113 1.19511 1.26088 1.24804 0.457006 1.07679 0.837593 0.94545 0.671122 0.817338 0.866409 0.894554 0.884741 
IDW_iters6_phase_shifts8_NaiveFTFracDir_full_pi_is_1
 0.935432 0.922817 1.04334 0.908028 1.07962 0.926506 0.994434 0.868452 0.764211 0.382881 0.48907 0.559612 0.635016 0.566136 0.649159 0.719418 0.766356 0.786576 1.47913 0.818573 0.871063 0.951437 0.969342 1.3156 1.38693 1.14334 1.14943 0.426737 0.956332 0.70722 0.828503 0.684548 0.815537 0.856727 0.893723 0.87425 
Makima_iters6_phase_shifts9_NaiveFTFracDir_full_pi_is_0
 0.910066 0.892568 0.987301 0.930075 0.915005 0.870149 0.868948 0.891492 0.878263 0.397964 0.473486 0.536618 0.599006 0.636777 0.701625 0.764913 0.79624 0.798282 1.12258 1.10382 1.18456 1.20864 0.985129 1.11314 1.05444 0.962091 0.930217 1.21258 1.0877 0.749977 0.852919 0.720547 0.789088 0.81026 0.913198 0.911955 
Makima_iters7_phase_shifts4_NaiveFTFracDir_full_pi_is_1
 0.677886 1.08481 1.07017 0.977045 0.952998 0.931449 1.0749 0.870749 0.746258 0.468066 0.572006 0.582811 0.66038 0.603115 0.654951 0.785297 0.790882 0.81592 1.41633 0.832943 0.891606 1.12129 1.13626 0.999522 1.22307 1.02291 1.01362 0.705239 0.803936 0.856868 0.828897 0.70219 0.970068 0.85934 0.924716 0.910038 
RBFTPS_iters3_phase_shifts3_Naive_full_pi_is_0
 0.647328 0.841359 0.911651 1.09646 0.928015 0.877697 0.887655 0.991374 1.02306 0.366343 0.396022 0.546312 0.676451 0.677879 0.716599 0.757448 0.763362 0.76484 0.980025 1.14669 1.05976 1.10522 1.00751 0.924439 0.8305 0.801738 0.949095 0.95488 0.716912 0.95215 1.03566 1.08502 1.06928 1.01477 1.02923 1.06611 
RBFTPS_iters5_phase_shifts9_NaiveFTFracDir_full_pi_is_0
 1.29482 0.991441 1.00192 1.01998 0.907576 0.807367 0.792886 0.766646 0.678595 0.363525 0.426182 0.506556 0.621541 0.689117 0.750352 0.777012 0.802486 0.806445 0.864334 1.08504 1.13214 1.15408 1.00448 1.11464 0.926162 0.883451 0.918404 1.08915 1.05712 0.85945 0.971626 0.82467 0.878037 0.911923 0.927112 0.949719 
RBFMultiquadricAuto_iters3_phase_shifts7_NaiveFTFracDir_full_pi_is_0
 0.710084 0.638077 0.6743 0.758221 0.752326 0.79907 0.878415 0.909952 0.82089 0.666564 0.721012 1.00001 0.891334 0.921792 0.945203 0.971842 0.976994 0.965287 0.948116 1.12865 1.12215 1.13005 1.01557 0.915701 0.975623 0.971608 1.02229 0.362703 1.06817 1.01036 0.986296 0.818861 0.84763 0.832259 0.836418 0.862854 
IDW_iters5_phase_shifts7_NaiveFTFracDir_full_pi_is_1
 1.4434 1.15093 1.15419 1.18034 1.00416 1.03879 0.992741 0.863456 0.77067 0.353586 0.446606 0.519353 0.589064 0.529811 0.613359 0.7271 0.735695 0.781185 0.69784 0.642328 0.842179 0.960736 1.06196 1.25122 1.28477 1.07249 1.03111 1.06984 0.83326 0.637221 0.800265 0.699908 0.797174 0.834524 0.857566 0.854633 
RBFTPS_iters9_phase_shifts3_Naive_full_pi_is_1
 0.868664 1.18224 1.14312 1.3763 0.941437 0.979383 0.996955 0.984094 0.913704 0.406447 0.486095 0.553522 0.81215 0.741977 0.708466 0.769187 0.777607 0.832722 0.698751 0.525026 0.809352 0.79042 0.848888 0.937886 0.955258 0.953513 0.899287 1.28104 0.919501 0.80498 0.768428 0.989839 0.990916 0.961151 0.9658 0.988478 
Makima_iters7_phase_shifts9_NaiveFTFracDir_full_pi_is_0
 0.906391 0.914237 1.03011 0.91759 0.899161 0.849574 0.866286 0.901366 0.802536 0.376919 0.517005 0.56721 0.648239 0.685016 0.76102 0.800801 0.841713 0.872516 1.10531 1.3536 1.25427 1.24496 1.03403 1.03064 0.957624 0.993408 0.942973 0.765105 0.970616 0.756843 0.881978 0.735428 0.792837 0.803851 0.924689 0.91776 
Makima_iters5_phase_shifts9_NaiveFTFracDir_full_pi_is_0
 0.962451 1.16215 1.00443 1.14224 1.00658 1.21036 1.04146 0.793481 0.726403 0.39598 0.468434 0.522308 0.575917 0.6323 0.682608 0.743086 0.732799 0.776127 0.965272 1.03754 1.09459 1.12867 0.92382 1.10464 0.995274 0.935779 0.950191 0.964433 1.10454 0.712788 0.965502 0.729141 0.741219 0.810481 0.89862 0.896332 
RBFTPS_iters5_phase_shifts8_NaiveFTFracDir_full_pi_is_0
 1.25135 0.941352 0.912376 0.945114 0.905211 0.969312 0.998842 0.799271 0.695564 0.346128 0.378423 0.498462 0.617556 0.695819 0.769477 0.818138 0.833719 0.818059 0.962913 1.12357 1.13781 1.16984 0.99738 0.903197 0.951147 0.894171 0.930132 1.01984 1.04107 0.805543 0.975856 0.802115 0.874715 0.957276 0.928969 0.95463 
RBFGaussian_iters5_phase_shifts4_NaiveFTFracDir_full_pi_is_0
 0.95884 0.854271 0.803761 0.891445 0.852043 0.800054 0.817095 0.783006 0.686443 0.651109 0.719286 0.69687 0.825172 0.856509 0.9094 0.953446 0.993632 0.992825 0.987706 1.059 1.10626 1.21048 1.05889 0.7608 0.773345 0.902068 0.938214 0.958241 0.946358 0.932835 1.01631 0.792256 0.843459 0.93514 0.9303 0.900169 
RBFBell_iters5_phase_shifts4_NaiveFTFracDir_full_pi_is_0
 0.95884 0.854271 0.803761 0.891445 0.852043 0.800054 0.817095 0.783006 0.686443 0.651109 0.719286 0.69687 0.825172 0.856509 0.9094 0.953446 0.993632 0.992825 0.987706 1.059 1.10626 1.21048 1.05889 0.7608 0.773345 0.902068 0.938214 0.958241 0.946358 0.932835 1.01631 0.792256 0.843459 0.93514 0.9303 0.900169 
RBFTPS_iters7_phase_shifts6_NaiveFTFracDir_full_pi_is_1
 0.951261 1.14256 1.10582 1.04753 1.15008 1.01261 1.0189 1.01232 0.945794 0.433278 0.371495 0.547565 0.724068 0.776104 0.777862 0.823948 0.815823 0.794133 0.705899 0.785243 0.800703 1.13724 1.06066 1.01301 1.06516 1.08039 1.07327 0.564281 1.03719 0.695232 0.805414 0.856872 0.846997 0.854643 0.902213 0.917863 
RBFTPS_iters6_phase_shifts9_NaiveFTFracDir_full_pi_is_0
 1.27076 1.08873 1.13221 0.931036 0.907581 0.748787 0.794224 0.767448 0.661713 0.35344 0.415344 0.541421 0.651826 0.7238 0.776857 0.827415 0.816751 0.817856 0.909299 1.17667 1.14297 1.17428 1.02497 0.871871 0.867244 0.850675 0.906262 1.11028 1.05999 0.845061 0.905135 0.808644 0.888034 0.930199 0.961103 0.963487 
RBFMultiquadricManual_iters1_phase_shifts6_NaiveFTFracDir_full_pi_is_1
 0.850023 0.675008 0.675131 0.724836 0.924692 1.06888 1.09599 0.935254 1.04832 1.41397 1.1462 1.14374 1.10769 1.05185 1.00086 0.992574 0.942633 0.902794 1.27891 0.933385 0.735002 0.714211 0.793789 0.761767 0.671898 0.773806 0.814082 0.462909 0.744745 0.649936 0.794239 0.82504 0.756975 0.717043 0.764303 0.765244 
RBFMultiquadricManual_iters0_phase_shifts6_NaiveFTFracDir_full_pi_is_1
 0.850023 0.675008 0.675131 0.724836 0.924692 1.06888 1.09599 0.935254 1.04832 1.41397 1.1462 1.14374 1.10769 1.05185 1.00086 0.992574 0.942633 0.902794 1.27891 0.933385 0.735002 0.714211 0.793789 0.761767 0.671898 0.773806 0.814082 0.462909 0.744745 0.649936 0.794239 0.82504 0.756975 0.717043 0.764303 0.765244 
IDW_iters2_phase_shifts4_Naive_full_pi_is_0
 0.984591 1.27464 1.21471 1.13755 0.971511 1.04917 1.04842 1.22215 1.03172 0.362201 0.393651 0.533294 0.612773 0.656474 0.666346 0.718768 0.725525 0.713771 1.05487 1.03788 0.881501 0.932874 0.874524 0.849672 0.917078 0.710782 0.731766 1.10519 0.715375 0.887344 0.94719 0.958329 0.92218 0.876502 0.923983 0.877804 
IDW_iters9_phase_shifts3_Naive_full_pi_is_1
 0.862487 0.935138 1.05717 1.38413 0.98934 0.91898 0.92086 0.909253 0.841942 0.480353 0.565732 0.599561 0.726226 0.694732 0.761515 0.8509 0.889067 0.929364 0.714554 0.662828 1.03041 0.812933 1.00374 0.973972 0.934226 1.04718 1.15736 0.708941 0.71547 0.885783 0.922332 0.927594 1.00661 0.990544 1.00469 1.02309 
RBFMultiquadricAuto_iters2_phase_shifts5_NaiveFTFracDir_full_pi_is_0
 0.557147 0.522003 0.509376 0.543544 0.823753 0.903896 0.904294 1.0199 0.903633 0.723887 0.753461 1.01145 0.937655 0.886369 0.887454 0.896421 0.890442 0.88706 1.15096 1.24699 1.18339 1.17492 1.09752 1.01891 1.03085 1.0047 0.92367 0.968775 0.80964 0.887077 0.928914 0.758785 0.774329 0.736187 0.781445 0.781496 
Makima_iters8_phase_shifts4_NaiveFTFracDir_full_pi_is_1
 0.754749 1.18762 1.18769 1.05142 1.01867 0.967499 0.895885 0.984469 0.835094 0.449122 0.507296 0.588352 0.67603 0.650045 0.700265 0.77817 0.80445 0.841073 1.50297 0.744703 0.890909 0.938725 1.09829 1.14559 0.975216 1.09026 1.06428 0.609192 0.75795 0.779136 0.920124 0.650865 0.80332 0.865787 0.940556 0.914956 
RBFBell_iters4_phase_shifts2_NaiveFTFracDir_full_pi_is_1
 0.802661 0.741765 1.17876 0.880813 0.923337 0.926657 0.952372 1.12343 0.856254 0.713598 0.694678 0.786402 0.863643 0.893078 0.82131 0.924233 0.913135 0.888829 0.647582 0.705918 1.03566 0.922994 1.04475 1.09308 1.15749 0.959264 1.13073 0.680041 0.703429 0.789696 1.02621 0.823418 0.793646 0.952098 0.868351 0.866576 
RBFGaussian_iters4_phase_shifts2_NaiveFTFracDir_full_pi_is_1
 0.802661 0.741765 1.17876 0.880813 0.923337 0.926657 0.952372 1.12343 0.856254 0.713598 0.694678 0.786402 0.863643 0.893078 0.82131 0.924233 0.913135 0.888829 0.647582 0.705918 1.03566 0.922994 1.04475 1.09308 1.15749 0.959264 1.13073 0.680041 0.703429 0.789696 1.02621 0.823418 0.793646 0.952098 0.868351 0.866576 
RBFTPS_iters7_phase_shifts5_NaiveFTFracDir_full_pi_is_1
 0.858346 1.15203 1.07213 1.2295 1.03835 0.946081 0.965332 0.911549 0.844674 0.406872 0.560911 0.614403 0.687306 0.736355 0.716563 0.82118 0.807547 0.785404 0.756601 0.692468 0.822064 0.813013 1.11726 1.3064 1.1932 1.17559 1.14068 0.541801 0.928299 0.700649 0.861663 0.881774 0.872242 0.884352 0.905328 0.907501 
RBFGaussian_iters2_phase_shifts1_NaiveFTFracDir_full_pi_is_0
 0.833422 0.462134 0.489193 0.427792 0.862251 0.829559 0.830822 0.980304 0.751015 0.601879 0.57569 0.72774 0.729622 0.719011 0.698328 0.739961 0.767755 0.764583 1.20395 0.920883 1.0246 1.09214 1.0242 0.72104 0.807991 0.742557 1.01494 2.55466 0.911698 0.686555 0.85285 0.780272 0.793285 0.781498 0.73766 0.760034 
RBFBell_iters2_phase_shifts1_Naive_full_pi_is_1
 0.833422 0.462134 0.489193 0.427792 0.862251 0.829559 0.830822 0.980304 0.751015 0.601879 0.57569 0.72774 0.729622 0.719011 0.698328 0.739961 0.767755 0.764583 1.20395 0.920883 1.0246 1.09214 1.0242 0.72104 0.807991 0.742557 1.01494 2.55466 0.911698 0.686555 0.85285 0.780272 0.793285 0.781498 0.73766 0.760034 
RBFGaussian_iters2_phase_shifts1_Naive_full_pi_is_1
 0.833422 0.462134 0.489193 0.427792 0.862251 0.829559 0.830822 0.980304 0.751015 0.601879 0.57569 0.72774 0.729622 0.719011 0.698328 0.739961 0.767755 0.764583 1.20395 0.920883 1.0246 1.09214 1.0242 0.72104 0.807991 0.742557 1.01494 2.55466 0.911698 0.686555 0.85285 0.780272 0.793285 0.781498 0.73766 0.760034 
RBFGaussian_iters2_phase_shifts1_Naive_full_pi_is_0
 0.833422 0.462134 0.489193 0.427792 0.862251 0.829559 0.830822 0.980304 0.751015 0.601879 0.57569 0.72774 0.729622 0.719011 0.698328 0.739961 0.767755 0.764583 1.20395 0.920883 1.0246 1.09214 1.0242 0.72104 0.807991 0.742557 1.01494 2.55466 0.911698 0.686555 0.85285 0.780272 0.793285 0.781498 0.73766 0.760034 
RBFBell_iters2_phase_shifts1_Naive_full_pi_is_0
 0.833422 0.462134 0.489193 0.427792 0.862251 0.829559 0.830822 0.980304 0.751015 0.601879 0.57569 0.72774 0.729622 0.719011 0.698328 0.739961 0.767755 0.764583 1.20395 0.920883 1.0246 1.09214 1.0242 0.72104 0.807991 0.742557 1.01494 2.55466 0.911698 0.686555 0.85285 0.780272 0.793285 0.781498 0.73766 0.760034 
RBFBell_iters2_phase_shifts1_NaiveFTFracDir_full_pi_is_1
 0.833422 0.462134 0.489193 0.427792 0.862251 0.829559 0.830822 0.980304 0.751015 0.601879 0.57569 0.72774 0.729622 0.719011 0.698328 0.739961 0.767755 0.764583 1.20395 0.920883 1.0246 1.09214 1.0242 0.72104 0.807991 0.742557 1.01494 2.55466 0.911698 0.686555 0.85285 0.780272 0.793285 0.781498 0.73766 0.760034 
RBFBell_iters2_phase_shifts1_NaiveFTFracDir_full_pi_is_0
 0.833422 0.462134 0.489193 0.427792 0.862251 0.829559 0.830822 0.980304 0.751015 0.601879 0.57569 0.72774 0.729622 0.719011 0.698328 0.739961 0.767755 0.764583 1.20395 0.920883 1.0246 1.09214 1.0242 0.72104 0.807991 0.742557 1.01494 2.55466 0.911698 0.686555 0.85285 0.780272 0.793285 0.781498 0.73766 0.760034 
RBFGaussian_iters2_phase_shifts1_NaiveFTFracDir_full_pi_is_1
 0.833422 0.462134 0.489193 0.427792 0.862251 0.829559 0.830822 0.980304 0.751015 0.601879 0.57569 0.72774 0.729622 0.719011 0.698328 0.739961 0.767755 0.764583 1.20395 0.920883 1.0246 1.09214 1.0242 0.72104 0.807991 0.742557 1.01494 2.55466 0.911698 0.686555 0.85285 0.780272 0.793285 0.781498 0.73766 0.760034 
RBFMultiquadricAuto_iters2_phase_shifts3_NaiveFTFracDir_full_pi_is_1
 0.61187 0.723571 0.671237 0.787068 0.949587 1.00967 1.01355 0.997811 0.997299 0.708713 0.803059 0.828796 0.932528 0.991249 0.961249 0.996702 0.915914 0.950583 0.735371 0.859564 0.999507 0.896515 1.0115 0.813845 0.783959 0.948964 1.0595 0.951165 1.08536 0.879534 1.03996 0.970747 0.823628 0.829415 0.846036 0.84428 
RBFBell_iters3_phase_shifts2_Naive_full_pi_is_0
 1.02101 0.985964 0.989026 0.882813 0.913709 0.882647 0.896367 0.991045 0.900237 0.599822 0.640651 0.7454 0.846098 0.824968 0.843625 0.858316 0.887174 0.897178 1.15822 0.813944 0.968021 1.07673 1.00227 0.607105 0.916444 0.772767 0.902 0.804074 0.723635 0.95854 0.99087 1.03809 0.925557 0.980204 0.970997 0.981336 
RBFGaussian_iters3_phase_shifts2_Naive_full_pi_is_0
 1.02101 0.985964 0.989026 0.882813 0.913709 0.882647 0.896367 0.991045 0.900237 0.599822 0.640651 0.7454 0.846098 0.824968 0.843625 0.858316 0.887174 0.897178 1.15822 0.813944 0.968021 1.07673 1.00227 0.607105 0.916444 0.772767 0.902 0.804074 0.723635 0.95854 0.99087 1.03809 0.925557 0.980204 0.970997 0.981336 
Makima_iters8_phase_shifts5_NaiveFTFracDir_full_pi_is_1
 0.791511 1.07266 1.17644 1.03106 1.01127 0.96721 0.979476 0.790078 0.670699 0.383929 0.487823 0.543877 0.566087 0.53154 0.675832 0.746201 0.762996 0.76723 1.67636 0.832476 0.913222 1.0235 1.29529 1.09421 0.970081 1.07631 1.00291 0.909112 0.866755 0.697646 0.869991 0.680076 0.814913 0.866786 0.906436 0.884621 
RBFMultiquadricAuto_iters0_phase_shifts3_Naive_full_pi_is_1
 0.865182 0.717471 0.692712 0.799078 0.942297 0.918036 0.916191 1.03213 0.936958 0.610866 0.629369 0.854181 0.895626 0.861736 0.857621 0.887737 0.815991 0.802809 0.929169 1.01688 0.7996 0.781706 0.795299 1.35566 1.2769 1.29456 1.05214 0.832052 0.915346 0.867665 0.882288 0.832713 0.838519 0.833785 0.842698 0.835792 
RBFMultiquadricAuto_iters1_phase_shifts3_Naive_full_pi_is_1
 0.865182 0.717471 0.692712 0.799078 0.942297 0.918036 0.916191 1.03213 0.936958 0.610866 0.629369 0.854181 0.895626 0.861736 0.857621 0.887737 0.815991 0.802809 0.929169 1.01688 0.7996 0.781706 0.795299 1.35566 1.2769 1.29456 1.05214 0.832052 0.915346 0.867665 0.882288 0.832713 0.838519 0.833785 0.842698 0.835792 
IDW_iters6_phase_shifts6_NaiveFTFracDir_full_pi_is_0
 0.899737 1.00946 1.04042 1.00694 0.880243 0.876487 0.855565 0.754079 0.682543 0.393126 0.519201 0.641338 0.696031 0.700389 0.728489 0.773409 0.772476 0.838252 1.22872 1.31091 1.15975 1.2031 1.07789 0.970396 1.10346 0.964327 0.99642 0.580671 0.917892 0.755746 0.773463 0.811332 0.944306 0.895858 0.983913 0.995609 
IDW_iters6_phase_shifts7_NaiveFTFracDir_full_pi_is_0
 0.824426 1.10825 1.09071 0.971722 0.883153 0.845158 0.885164 0.787997 0.677159 0.518373 0.573989 0.685724 0.723548 0.759352 0.733021 0.769578 0.809234 0.853401 1.27128 1.24388 1.15209 1.19029 1.05269 0.984406 0.971701 0.96713 1.00919 0.478898 0.828666 0.757669 0.878387 0.80898 0.906196 0.898415 0.973963 0.971316 
Makima_iters8_phase_shifts7_NaiveFTFracDir_full_pi_is_1
 0.958795 0.850244 0.837747 0.836995 0.928392 0.883462 0.900142 0.896445 0.775601 0.418447 0.54838 0.702327 0.641748 0.571836 0.703752 0.774641 0.802423 0.787148 1.78903 0.866883 0.877408 0.951529 1.03735 1.09706 0.985249 1.06323 0.960581 1.22429 1.17785 0.758114 0.796888 0.709893 0.75565 0.851267 0.912869 0.888273 
RBFBell_iters5_phase_shifts2_Naive_full_pi_is_1
 0.629849 1.01955 1.02034 1.17151 0.989291 0.923991 0.931865 1.0072 0.87418 0.664937 0.716649 0.780888 0.927889 0.929392 0.881122 0.930751 0.910308 0.910741 0.82919 0.836734 0.81765 0.823241 0.935104 1.05875 1.12561 0.955659 1.12013 0.825625 0.759993 0.750761 1.0447 0.675549 0.805644 0.893846 0.882247 0.88248 
RBFGaussian_iters5_phase_shifts2_Naive_full_pi_is_1
 0.629849 1.01955 1.02034 1.17151 0.989291 0.923991 0.931865 1.0072 0.87418 0.664937 0.716649 0.780888 0.927889 0.929392 0.881122 0.930751 0.910308 0.910741 0.82919 0.836734 0.81765 0.823241 0.935104 1.05875 1.12561 0.955659 1.12013 0.825625 0.759993 0.750761 1.0447 0.675549 0.805644 0.893846 0.882247 0.88248 
IDW_iters9_phase_shifts3_NaiveFTFracDir_full_pi_is_0
 1.11243 0.651478 0.697799 0.812442 0.90063 0.995344 0.982839 0.783548 0.650395 0.466138 0.623794 0.749695 0.767278 0.781842 0.775345 0.803274 0.829713 0.941544 0.963488 1.26158 1.10842 1.16139 1.22699 1.03645 0.975338 0.916576 1.13687 0.527378 0.902628 0.724955 0.880604 0.896105 0.892855 0.89129 1.04726 1.01073 
Makima_iters7_phase_shifts8_Naive_full_pi_is_1
 0.787291 1.4817 1.417 1.31566 1.1322 0.96648 0.969476 1.07199 0.892707 0.405868 0.489494 0.512267 0.619024 0.66772 0.62395 0.611884 0.659295 0.707241 0.717532 0.713548 0.527203 0.548439 0.866611 1.22459 1.31683 1.16248 1.0297 1.14725 0.813368 0.750016 0.659849 0.893456 0.747221 0.834403 0.895003 0.896273 
Makima_iters6_phase_shifts5_NaiveFTFracDir_full_pi_is_0
 0.948406 1.02413 0.999194 0.934491 0.889211 0.834871 0.853582 0.817617 0.707958 0.406933 0.542017 0.609947 0.596493 0.640968 0.711853 0.742092 0.772805 0.817182 0.964283 1.23294 1.15472 1.17143 0.988289 1.03479 1.0011 0.995992 0.904223 1.77667 0.764395 0.699312 0.846586 0.677478 0.822466 0.808713 0.897449 0.904381 
Makima_iters7_phase_shifts5_NaiveFTFracDir_full_pi_is_0
 1.13787 0.878005 0.884366 0.814382 0.934258 1.0308 0.986356 0.824963 0.719036 0.365603 0.531822 0.597114 0.626956 0.665625 0.709084 0.756549 0.809669 0.839122 0.98461 1.25889 1.18366 1.1878 1.00734 1.04942 0.942341 0.989711 0.953246 1.56615 0.960154 0.662857 0.756653 0.664574 0.769667 0.785393 0.882086 0.879895 
RBFTPS_iters7_phase_shifts9_NaiveFTFracDir_full_pi_is_1
 0.976238 1.1391 1.12018 1.09561 1.00173 0.951343 0.967769 0.958633 0.846566 0.491823 0.378098 0.506922 0.666052 0.684562 0.629385 0.789811 0.759746 0.77512 0.766941 0.932671 0.824222 0.89754 1.09109 0.986532 1.06599 1.0737 1.2886 0.943755 1.10443 0.718378 0.812469 0.933374 0.912818 0.890437 0.936383 0.928659 
RBFBell_iters5_phase_shifts3_Naive_full_pi_is_1
 0.34143 0.942854 1.26149 0.858733 1.01121 0.952889 0.959517 1.00865 1.06141 0.815937 0.773082 0.821333 0.926815 0.96031 0.955198 0.990786 0.997116 0.968319 0.709579 0.811361 0.728822 0.739881 0.825809 0.835318 1.06255 0.915549 0.991926 0.8539 0.908084 0.841564 1.01419 0.748906 0.831897 0.95258 0.902298 0.90385 
RBFGaussian_iters5_phase_shifts3_Naive_full_pi_is_1
 0.34143 0.942854 1.26149 0.858733 1.01121 0.952889 0.959517 1.00865 1.06141 0.815937 0.773082 0.821333 0.926815 0.96031 0.955198 0.990786 0.997116 0.968319 0.709579 0.811361 0.728822 0.739881 0.825809 0.835318 1.06255 0.915549 0.991926 0.8539 0.908084 0.841564 1.01419 0.748906 0.831897 0.95258 0.902298 0.90385 
IDW_iters5_phase_shifts9_Naive_full_pi_is_1
 0.650837 1.25047 1.25592 1.21098 1.02281 1.29252 1.00403 0.989803 0.931761 0.430723 0.500688 0.552101 0.732609 0.787331 0.734535 0.783864 0.818051 0.834113 0.661461 0.621094 0.904985 0.766637 0.939708 0.960316 1.20458 1.04298 1.11394 0.849032 0.791714 0.807242 0.776944 0.839846 0.852443 0.90831 0.961437 0.954674 
RBFMultiquadricManual_iters0_phase_shifts6_NaiveFTFracDir_full_pi_is_0
 0.761518 0.544032 0.578442 0.667608 0.879311 0.969451 0.966192 0.908343 0.933272 1.1011 0.866808 1.12661 1.02631 1.06756 1.05812 1.06842 1.00996 1.03163 1.02982 1.17612 1.00413 0.947596 0.869099 0.909139 0.747574 0.80732 0.603407 0.964241 0.785863 0.857988 0.885705 0.904365 0.793697 0.71834 0.779285 0.786237 
RBFMultiquadricManual_iters1_phase_shifts6_NaiveFTFracDir_full_pi_is_0
 0.761518 0.544032 0.578442 0.667608 0.879311 0.969451 0.966192 0.908343 0.933272 1.1011 0.866808 1.12661 1.02631 1.06756 1.05812 1.06842 1.00996 1.03163 1.02982 1.17612 1.00413 0.947596 0.869099 0.909139 0.747574 0.80732 0.603407 0.964241 0.785863 0.857988 0.885705 0.904365 0.793697 0.71834 0.779285 0.786237 
RBFMultiquadricAuto_iters2_phase_shifts2_NaiveFTFracDir_full_pi_is_0
 0.671169 0.535165 0.552746 0.492753 0.781788 0.856804 0.859625 0.980677 0.834614 0.751354 0.856913 1.23875 1.16969 0.995973 1.02235 1.06089 1.00098 0.989925 0.752941 1.02514 1.06661 1.0694 1.09975 0.951879 0.884212 1.01778 1.05042 0.952061 1.05628 0.865078 0.845312 0.833837 0.693287 0.69084 0.759508 0.755279 
Makima_iters9_phase_shifts4_NaiveFTFracDir_full_pi_is_1
 0.774521 1.0817 1.20364 1.06211 1.05121 0.941176 0.931201 0.996142 1.03883 0.438302 0.540468 0.579992 0.670056 0.660223 0.716077 0.777077 0.833846 0.816686 0.942505 0.836333 0.900108 0.904907 1.03091 1.20381 0.994668 1.11599 1.08866 1.0869 0.82405 0.718364 0.901957 0.744691 0.865527 0.873939 0.940557 0.927544 
RBFGaussian_iters4_phase_shifts6_Naive_full_pi_is_1
 0.329484 0.971777 1.28612 1.03976 1.04011 0.956436 0.957967 0.97528 1.02198 0.584972 0.666526 0.698968 0.852224 0.842105 0.821711 0.890283 0.900882 0.897862 0.93589 0.701514 0.774273 0.726923 0.819261 1.00498 1.07867 1.10222 1.14318 0.794079 0.937625 0.85198 0.991015 0.800796 0.852922 0.976877 0.927493 0.927719 
RBFBell_iters4_phase_shifts6_Naive_full_pi_is_1
 0.329484 0.971777 1.28612 1.03976 1.04011 0.956436 0.957967 0.97528 1.02198 0.584972 0.666526 0.698968 0.852224 0.842105 0.821711 0.890283 0.900882 0.897862 0.93589 0.701514 0.774273 0.726923 0.819261 1.00498 1.07867 1.10222 1.14318 0.794079 0.937625 0.85198 0.991015 0.800796 0.852922 0.976877 0.927493 0.927719 
RBFGaussian_iters5_phase_shifts1_NaiveFTFracDir_full_pi_is_0
 0.889463 0.535796 0.523102 0.450103 0.802545 0.783338 0.788904 0.690047 0.612653 1.18938 1.20621 1.25912 1.03629 1.09188 1.05998 1.09664 1.01269 1.0773 0.769219 0.845231 1.08549 1.04966 1.23917 0.724507 0.876076 0.848221 1.00708 0.59575 0.939015 0.794883 0.848988 0.654518 0.791631 0.912786 0.865665 0.858162 
RBFGaussian_iters5_phase_shifts1_Naive_full_pi_is_1
 0.889463 0.535796 0.523102 0.450103 0.802545 0.783338 0.788904 0.690047 0.612653 1.18938 1.20621 1.25912 1.03629 1.09188 1.05998 1.09664 1.01269 1.0773 0.769219 0.845231 1.08549 1.04966 1.23917 0.724507 0.876076 0.848221 1.00708 0.59575 0.939015 0.794883 0.848988 0.654518 0.791631 0.912786 0.865665 0.858162 
RBFGaussian_iters5_phase_shifts1_Naive_full_pi_is_0
 0.889463 0.535796 0.523102 0.450103 0.802545 0.783338 0.788904 0.690047 0.612653 1.18938 1.20621 1.25912 1.03629 1.09188 1.05998 1.09664 1.01269 1.0773 0.769219 0.845231 1.08549 1.04966 1.23917 0.724507 0.876076 0.848221 1.00708 0.59575 0.939015 0.794883 0.848988 0.654518 0.791631 0.912786 0.865665 0.858162 
RBFGaussian_iters5_phase_shifts1_NaiveFTFracDir_full_pi_is_1
 0.889463 0.535796 0.523102 0.450103 0.802545 0.783338 0.788904 0.690047 0.612653 1.18938 1.20621 1.25912 1.03629 1.09188 1.05998 1.09664 1.01269 1.0773 0.769219 0.845231 1.08549 1.04966 1.23917 0.724507 0.876076 0.848221 1.00708 0.59575 0.939015 0.794883 0.848988 0.654518 0.791631 0.912786 0.865665 0.858162 
RBFBell_iters5_phase_shifts1_NaiveFTFracDir_full_pi_is_0
 0.889463 0.535796 0.523102 0.450103 0.802545 0.783338 0.788904 0.690047 0.612653 1.18938 1.20621 1.25912 1.03629 1.09188 1.05998 1.09664 1.01269 1.0773 0.769219 0.845231 1.08549 1.04966 1.23917 0.724507 0.876076 0.848221 1.00708 0.59575 0.939015 0.794883 0.848988 0.654518 0.791631 0.912786 0.865665 0.858162 
RBFBell_iters5_phase_shifts1_NaiveFTFracDir_full_pi_is_1
 0.889463 0.535796 0.523102 0.450103 0.802545 0.783338 0.788904 0.690047 0.612653 1.18938 1.20621 1.25912 1.03629 1.09188 1.05998 1.09664 1.01269 1.0773 0.769219 0.845231 1.08549 1.04966 1.23917 0.724507 0.876076 0.848221 1.00708 0.59575 0.939015 0.794883 0.848988 0.654518 0.791631 0.912786 0.865665 0.858162 
RBFBell_iters5_phase_shifts1_Naive_full_pi_is_0
 0.889463 0.535796 0.523102 0.450103 0.802545 0.783338 0.788904 0.690047 0.612653 1.18938 1.20621 1.25912 1.03629 1.09188 1.05998 1.09664 1.01269 1.0773 0.769219 0.845231 1.08549 1.04966 1.23917 0.724507 0.876076 0.848221 1.00708 0.59575 0.939015 0.794883 0.848988 0.654518 0.791631 0.912786 0.865665 0.858162 
RBFBell_iters5_phase_shifts1_Naive_full_pi_is_1
 0.889463 0.535796 0.523102 0.450103 0.802545 0.783338 0.788904 0.690047 0.612653 1.18938 1.20621 1.25912 1.03629 1.09188 1.05998 1.09664 1.01269 1.0773 0.769219 0.845231 1.08549 1.04966 1.23917 0.724507 0.876076 0.848221 1.00708 0.59575 0.939015 0.794883 0.848988 0.654518 0.791631 0.912786 0.865665 0.858162 
RBFGaussian_iters2_phase_shifts2_NaiveFTFracDir_full_pi_is_0
 0.809738 0.587715 0.571023 0.546009 0.885675 0.864358 0.86923 1.00561 0.912785 0.468338 0.48792 0.634131 0.562553 0.691909 0.712615 0.750355 0.744979 0.782618 1.26735 0.981031 0.937561 0.957391 1.07158 0.594467 0.528889 0.667498 0.953907 2.69324 0.989948 0.701652 0.814121 0.846221 0.768102 0.782088 0.789902 0.784256 
RBFBell_iters2_phase_shifts2_NaiveFTFracDir_full_pi_is_0
 0.809738 0.587715 0.571023 0.546009 0.885675 0.864358 0.86923 1.00561 0.912785 0.468338 0.48792 0.634131 0.562553 0.691909 0.712615 0.750355 0.744979 0.782618 1.26735 0.981031 0.937561 0.957391 1.07158 0.594467 0.528889 0.667498 0.953907 2.69324 0.989948 0.701652 0.814121 0.846221 0.768102 0.782088 0.789902 0.784256 
RBFMultiquadricAuto_iters1_phase_shifts4_Naive_full_pi_is_1
 0.869586 0.730027 0.710943 0.821192 0.959899 0.984505 0.981152 1.0185 0.961274 0.613394 0.622068 0.85556 0.911032 0.882915 0.918772 0.905358 0.838403 0.808329 0.957716 0.925419 0.812519 0.774095 0.787274 1.38787 1.32276 1.29367 1.02964 0.481506 0.853008 0.883312 0.8937 0.864608 0.859964 0.852022 0.865689 0.860653 
RBFMultiquadricAuto_iters0_phase_shifts4_Naive_full_pi_is_1
 0.869586 0.730027 0.710943 0.821192 0.959899 0.984505 0.981152 1.0185 0.961274 0.613394 0.622068 0.85556 0.911032 0.882915 0.918772 0.905358 0.838403 0.808329 0.957716 0.925419 0.812519 0.774095 0.787274 1.38787 1.32276 1.29367 1.02964 0.481506 0.853008 0.883312 0.8937 0.864608 0.859964 0.852022 0.865689 0.860653 
Makima_iters5_phase_shifts8_NaiveFTFracDir_full_pi_is_0
 0.937076 1.13395 1.18684 1.06421 1.07709 1.01256 1.00664 0.834911 0.730162 0.431101 0.526049 0.525204 0.565924 0.627353 0.692438 0.73653 0.733266 0.780893 1.00492 1.10619 1.09307 1.13467 0.937068 1.05927 1.20065 0.950897 0.885693 1.24987 0.977797 0.736827 0.872438 0.723378 0.733756 0.81197 0.881445 0.909392 
RBFTPS_iters5_phase_shifts6_NaiveFTFracDir_full_pi_is_0
 1.27538 0.985814 0.97756 0.978313 0.909015 1.0272 0.974962 0.829412 0.685136 0.328539 0.443244 0.553459 0.663907 0.7444 0.794812 0.832116 0.824214 0.831041 0.987556 1.18644 1.12832 1.15554 0.976819 0.924982 1.09912 0.86596 0.922526 0.960776 0.983368 0.804479 0.963004 0.761659 0.86216 0.899268 0.925232 0.949544 
RBFTPS_iters6_phase_shifts8_NaiveFTFracDir_full_pi_is_0
 1.48356 0.915482 1.04726 1.04119 0.911539 0.766313 0.884472 0.766349 0.659563 0.353221 0.416382 0.598639 0.633389 0.714386 0.773792 0.822324 0.826975 0.812017 0.871764 1.12698 1.17112 1.19346 1.04272 0.778143 0.900718 0.864018 0.881919 1.19085 0.881884 0.870042 0.987078 0.856057 0.904964 0.940708 0.972668 0.986138 
RBFGaussian_iters0_phase_shifts7_Naive_full_pi_is_0
 1.24824 1.03589 1.03358 0.96298 1.05748 1.13692 1.14451 1.1311 1.08697 0.783244 0.672947 0.750317 0.738254 0.712494 0.805358 0.711635 0.787915 0.76782 0.942647 0.994268 0.830019 0.858398 0.81024 0.982155 0.804222 0.799053 0.813779 0.916569 0.76599 0.911576 0.857462 0.898408 0.944 0.852823 0.901667 0.90198 
RBFBell_iters1_phase_shifts7_Naive_full_pi_is_0
 1.24824 1.03589 1.03358 0.96298 1.05748 1.13692 1.14451 1.1311 1.08697 0.783244 0.672947 0.750317 0.738254 0.712494 0.805358 0.711635 0.787915 0.76782 0.942647 0.994268 0.830019 0.858398 0.81024 0.982155 0.804222 0.799053 0.813779 0.916569 0.76599 0.911576 0.857462 0.898408 0.944 0.852823 0.901667 0.90198 
RBFBell_iters0_phase_shifts7_Naive_full_pi_is_0
 1.24824 1.03589 1.03358 0.96298 1.05748 1.13692 1.14451 1.1311 1.08697 0.783244 0.672947 0.750317 0.738254 0.712494 0.805358 0.711635 0.787915 0.76782 0.942647 0.994268 0.830019 0.858398 0.81024 0.982155 0.804222 0.799053 0.813779 0.916569 0.76599 0.911576 0.857462 0.898408 0.944 0.852823 0.901667 0.90198 
RBFGaussian_iters1_phase_shifts7_Naive_full_pi_is_0
 1.24824 1.03589 1.03358 0.96298 1.05748 1.13692 1.14451 1.1311 1.08697 0.783244 0.672947 0.750317 0.738254 0.712494 0.805358 0.711635 0.787915 0.76782 0.942647 0.994268 0.830019 0.858398 0.81024 0.982155 0.804222 0.799053 0.813779 0.916569 0.76599 0.911576 0.857462 0.898408 0.944 0.852823 0.901667 0.90198 
IDW_iters6_phase_shifts9_NaiveFTFracDir_full_pi_is_1
 1.08025 1.03976 1.01536 0.967003 0.948772 0.993121 0.976433 0.845506 0.743858 0.385066 0.446953 0.547381 0.594253 0.57277 0.642787 0.748273 0.782092 0.80074 0.743453 0.822284 0.882119 0.983947 1.09329 1.26295 1.42183 1.16164 1.14818 1.02295 1.10557 0.705216 0.86902 0.73786 0.897318 0.905884 0.918552 0.963457 
Makima_iters5_phase_shifts9_NaiveFTFracDir_full_pi_is_1
 0.74297 1.17408 0.992702 1.17348 1.00029 0.813877 0.757588 0.888335 0.782689 0.424463 0.491521 0.624841 0.533849 0.565574 0.588037 0.713815 0.676859 0.708359 0.75952 0.658424 1.12524 1.12523 1.12276 1.50671 1.38059 1.34144 1.13919 0.844457 0.964184 0.769628 0.876224 0.85566 0.804224 0.862352 0.846732 0.845087 
RBFBell_iters5_phase_shifts5_NaiveFTFracDir_full_pi_is_1
 0.64381 0.851119 0.909143 0.981554 0.929023 0.901814 0.916173 0.87692 0.807601 0.714657 0.743155 0.708191 0.820722 0.863858 0.856033 0.913064 0.913066 0.903052 0.670384 0.757475 0.985027 1.02012 1.12717 1.06514 1.31505 1.11958 1.14721 0.951235 0.970045 0.768206 1.05174 0.754193 0.814035 0.825657 0.890988 0.887667 
RBFGaussian_iters5_phase_shifts5_NaiveFTFracDir_full_pi_is_1
 0.64381 0.851119 0.909143 0.981554 0.929023 0.901814 0.916173 0.87692 0.807601 0.714657 0.743155 0.708191 0.820722 0.863858 0.856033 0.913064 0.913066 0.903052 0.670384 0.757475 0.985027 1.02012 1.12717 1.06514 1.31505 1.11958 1.14721 0.951235 0.970045 0.768206 1.05174 0.754193 0.814035 0.825657 0.890988 0.887667 
Makima_iters8_phase_shifts6_NaiveFTFracDir_full_pi_is_1
 0.740855 1.10151 1.07148 1.069 1.00556 0.974886 0.95379 0.975377 0.80016 0.430687 0.500042 0.588782 0.685711 0.724044 0.642127 0.741883 0.782841 0.787361 0.904671 0.787877 0.833561 0.894997 0.998592 1.47263 1.27277 1.41416 1.27262 0.526432 0.95141 0.724368 0.802069 0.735216 0.865972 0.862629 0.903436 0.905372 
RBFMultiquadricAuto_iters2_phase_shifts7_NaiveFTFracDir_full_pi_is_0
 0.675694 0.528866 0.546754 0.732887 0.790889 0.914111 0.857392 1.03985 0.947292 0.662346 0.721467 0.998664 1.01212 0.991007 0.963943 0.949778 0.9327 0.90328 1.10961 1.23798 1.12451 1.13275 1.08813 0.992368 0.944733 0.971093 1.04876 0.471904 1.11463 0.86264 0.922054 0.776017 0.819296 0.760587 0.819071 0.81262 
RBFMultiquadricAuto_iters9_phase_shifts1_Naive_full_pi_is_1
 0.903564 0.561367 0.613012 0.449344 0.875243 0.809149 0.814007 0.687879 0.611356 0.974651 1.02865 1.09378 0.850582 0.824896 0.977883 0.946338 0.940908 0.905109 0.676321 0.95271 1.03941 1.05984 0.956984 1.2179 1.1411 1.4284 1.31802 0.532553 1.13286 0.827912 0.754658 0.753109 0.793137 0.881485 0.810851 0.811866 
RBFMultiquadricAuto_iters9_phase_shifts1_NaiveFTFracDir_full_pi_is_0
 0.903564 0.561367 0.613012 0.449344 0.875243 0.809149 0.814007 0.687879 0.611356 0.974651 1.02865 1.09378 0.850582 0.824896 0.977883 0.946338 0.940908 0.905109 0.676321 0.95271 1.03941 1.05984 0.956984 1.2179 1.1411 1.4284 1.31802 0.532553 1.13286 0.827912 0.754658 0.753109 0.793137 0.881485 0.810851 0.811866 
RBFMultiquadricAuto_iters9_phase_shifts1_NaiveFTFracDir_full_pi_is_1
 0.903564 0.561367 0.613012 0.449344 0.875243 0.809149 0.814007 0.687879 0.611356 0.974651 1.02865 1.09378 0.850582 0.824896 0.977883 0.946338 0.940908 0.905109 0.676321 0.95271 1.03941 1.05984 0.956984 1.2179 1.1411 1.4284 1.31802 0.532553 1.13286 0.827912 0.754658 0.753109 0.793137 0.881485 0.810851 0.811866 
RBFMultiquadricAuto_iters9_phase_shifts1_Naive_full_pi_is_0
 0.903564 0.561367 0.613012 0.449344 0.875243 0.809149 0.814007 0.687879 0.611356 0.974651 1.02865 1.09378 0.850582 0.824896 0.977883 0.946338 0.940908 0.905109 0.676321 0.95271 1.03941 1.05984 0.956984 1.2179 1.1411 1.4284 1.31802 0.532553 1.13286 0.827912 0.754658 0.753109 0.793137 0.881485 0.810851 0.811866 
RBFTPS_iters6_phase_shifts3_NaiveFTFracDir_full_pi_is_1
 0.953888 1.09924 1.11316 1.0841 1.08103 0.98138 0.973912 0.918212 0.795723 0.417168 0.42702 0.543376 0.629066 0.595427 0.698692 0.812509 0.787966 0.814439 0.761881 0.85783 0.977216 0.964666 1.08588 1.1154 1.28711 1.08788 1.07526 0.852872 1.07472 0.742328 1.02258 0.86057 0.799337 0.925355 0.920337 0.944677 
Makima_iters7_phase_shifts4_Naive_full_pi_is_1
 0.601061 1.26608 1.23942 1.12991 1.04704 1.03969 1.07516 1.02278 0.920737 0.420716 0.518758 0.482182 0.599884 0.63753 0.628528 0.649496 0.713164 0.701387 0.79279 0.467755 1.14306 0.716327 1.09119 1.122 1.38952 1.16129 1.1993 1.21823 0.817366 0.751279 0.760743 0.917612 0.766185 0.834999 0.859403 0.86903 
RBFTPS_iters7_phase_shifts6_Naive_full_pi_is_1
 0.756219 1.15725 1.17137 1.38312 1.0212 0.992834 1.01971 1.07255 0.99379 0.401414 0.484007 0.646274 0.637438 0.726851 0.724098 0.724224 0.785355 0.821617 0.738968 0.735221 0.824093 0.859681 0.921793 0.876694 0.802132 0.969351 0.961734 0.924996 0.887647 0.852803 0.777631 1.20005 1.06589 1.03369 0.982884 1.15607 
RBFGaussian_iters3_phase_shifts8_Naive_full_pi_is_1
 0.362921 1.02725 1.03239 1.05431 1.00738 0.966504 1.00244 1.11848 1.09655 0.641378 0.701022 0.680946 0.826011 0.772104 0.78572 0.819572 0.845635 0.857135 0.788317 0.84378 0.729138 0.743913 0.834294 1.16932 1.08407 1.02775 1.2068 1.23545 0.992496 0.854836 0.946258 0.771469 0.798928 0.873576 0.891775 0.889147 
RBFBell_iters3_phase_shifts8_Naive_full_pi_is_1
 0.362921 1.02725 1.03239 1.05431 1.00738 0.966504 1.00244 1.11848 1.09655 0.641378 0.701022 0.680946 0.826011 0.772104 0.78572 0.819572 0.845635 0.857135 0.788317 0.84378 0.729138 0.743913 0.834294 1.16932 1.08407 1.02775 1.2068 1.23545 0.992496 0.854836 0.946258 0.771469 0.798928 0.873576 0.891775 0.889147 
RBFMultiquadricAuto_iters3_phase_shifts2_NaiveFTFracDir_full_pi_is_0
 0.679698 0.56168 0.536966 0.501458 0.750613 0.699635 0.691374 0.810519 0.709085 1.1382 1.03353 1.19232 1.06936 1.00122 1.05627 1.03579 0.965381 0.997011 0.815394 0.921178 1.09999 1.10301 1.05789 1.04847 0.944684 1.0935 1.11436 0.918845 1.04874 0.892084 0.907847 0.770005 0.725289 0.75394 0.802244 0.790442 
RBFMultiquadricAuto_iters3_phase_shifts1_NaiveFTFracDir_full_pi_is_0
 0.701986 0.457221 0.485628 0.454226 0.734323 0.713647 0.71529 0.620774 0.620149 1.04826 1.03069 1.03324 0.968516 0.98096 0.965363 1.00111 0.907538 0.972671 0.866554 0.982262 1.09175 1.08721 1.02799 1.14553 1.02976 1.27156 1.35761 1.18916 1.04146 0.850842 0.895206 0.778645 0.689268 0.75771 0.761724 0.729555 
RBFMultiquadricAuto_iters3_phase_shifts1_NaiveFTFracDir_full_pi_is_1
 0.701986 0.457221 0.485628 0.454226 0.734323 0.713647 0.71529 0.620774 0.620149 1.04826 1.03069 1.03324 0.968516 0.98096 0.965363 1.00111 0.907538 0.972671 0.866554 0.982262 1.09175 1.08721 1.02799 1.14553 1.02976 1.27156 1.35761 1.18916 1.04146 0.850842 0.895206 0.778645 0.689268 0.75771 0.761724 0.729555 
RBFMultiquadricAuto_iters3_phase_shifts1_Naive_full_pi_is_0
 0.701986 0.457221 0.485628 0.454226 0.734323 0.713647 0.71529 0.620774 0.620149 1.04826 1.03069 1.03324 0.968516 0.98096 0.965363 1.00111 0.907538 0.972671 0.866554 0.982262 1.09175 1.08721 1.02799 1.14553 1.02976 1.27156 1.35761 1.18916 1.04146 0.850842 0.895206 0.778645 0.689268 0.75771 0.761724 0.729555 
RBFMultiquadricAuto_iters3_phase_shifts1_Naive_full_pi_is_1
 0.701986 0.457221 0.485628 0.454226 0.734323 0.713647 0.71529 0.620774 0.620149 1.04826 1.03069 1.03324 0.968516 0.98096 0.965363 1.00111 0.907538 0.972671 0.866554 0.982262 1.09175 1.08721 1.02799 1.14553 1.02976 1.27156 1.35761 1.18916 1.04146 0.850842 0.895206 0.778645 0.689268 0.75771 0.761724 0.729555 
Makima_iters4_phase_shifts9_NaiveFTFracDir_full_pi_is_0
 1.57121 0.98138 0.840682 0.929099 1.01188 1.0452 0.997706 0.832736 0.755218 0.384346 0.466388 0.516915 0.508948 0.561991 0.596139 0.689659 0.687507 0.704633 1.018 1.00817 1.08758 1.13378 0.959466 0.985343 1.14864 0.891589 0.87511 1.44816 0.888582 0.850482 1.06287 0.801979 0.804747 0.878287 0.900614 0.89941 
RBFGaussian_iters3_phase_shifts1_NaiveFTFracDir_full_pi_is_1
 0.830312 0.482654 0.487047 0.478554 0.842621 0.785469 0.788045 0.757324 0.715894 0.643842 0.668515 0.795155 0.7668 0.810392 0.811703 0.849236 0.819028 0.802441 0.993931 0.830163 0.994149 1.02023 1.00785 0.776267 0.867192 0.739193 0.969744 2.65538 0.980335 0.801832 0.903945 0.833621 0.691595 0.847494 0.8158 0.807398 
RBFGaussian_iters3_phase_shifts1_NaiveFTFracDir_full_pi_is_0
 0.830312 0.482654 0.487047 0.478554 0.842621 0.785469 0.788045 0.757324 0.715894 0.643842 0.668515 0.795155 0.7668 0.810392 0.811703 0.849236 0.819028 0.802441 0.993931 0.830163 0.994149 1.02023 1.00785 0.776267 0.867192 0.739193 0.969744 2.65538 0.980335 0.801832 0.903945 0.833621 0.691595 0.847494 0.8158 0.807398 
RBFGaussian_iters3_phase_shifts1_Naive_full_pi_is_0
 0.830312 0.482654 0.487047 0.478554 0.842621 0.785469 0.788045 0.757324 0.715894 0.643842 0.668515 0.795155 0.7668 0.810392 0.811703 0.849236 0.819028 0.802441 0.993931 0.830163 0.994149 1.02023 1.00785 0.776267 0.867192 0.739193 0.969744 2.65538 0.980335 0.801832 0.903945 0.833621 0.691595 0.847494 0.8158 0.807398 
RBFGaussian_iters3_phase_shifts1_Naive_full_pi_is_1
 0.830312 0.482654 0.487047 0.478554 0.842621 0.785469 0.788045 0.757324 0.715894 0.643842 0.668515 0.795155 0.7668 0.810392 0.811703 0.849236 0.819028 0.802441 0.993931 0.830163 0.994149 1.02023 1.00785 0.776267 0.867192 0.739193 0.969744 2.65538 0.980335 0.801832 0.903945 0.833621 0.691595 0.847494 0.8158 0.807398 
RBFBell_iters3_phase_shifts1_Naive_full_pi_is_0
 0.830312 0.482654 0.487047 0.478554 0.842621 0.785469 0.788045 0.757324 0.715894 0.643842 0.668515 0.795155 0.7668 0.810392 0.811703 0.849236 0.819028 0.802441 0.993931 0.830163 0.994149 1.02023 1.00785 0.776267 0.867192 0.739193 0.969744 2.65538 0.980335 0.801832 0.903945 0.833621 0.691595 0.847494 0.8158 0.807398 
RBFBell_iters3_phase_shifts1_NaiveFTFracDir_full_pi_is_1
 0.830312 0.482654 0.487047 0.478554 0.842621 0.785469 0.788045 0.757324 0.715894 0.643842 0.668515 0.795155 0.7668 0.810392 0.811703 0.849236 0.819028 0.802441 0.993931 0.830163 0.994149 1.02023 1.00785 0.776267 0.867192 0.739193 0.969744 2.65538 0.980335 0.801832 0.903945 0.833621 0.691595 0.847494 0.8158 0.807398 
RBFBell_iters3_phase_shifts1_Naive_full_pi_is_1
 0.830312 0.482654 0.487047 0.478554 0.842621 0.785469 0.788045 0.757324 0.715894 0.643842 0.668515 0.795155 0.7668 0.810392 0.811703 0.849236 0.819028 0.802441 0.993931 0.830163 0.994149 1.02023 1.00785 0.776267 0.867192 0.739193 0.969744 2.65538 0.980335 0.801832 0.903945 0.833621 0.691595 0.847494 0.8158 0.807398 
RBFBell_iters3_phase_shifts1_NaiveFTFracDir_full_pi_is_0
 0.830312 0.482654 0.487047 0.478554 0.842621 0.785469 0.788045 0.757324 0.715894 0.643842 0.668515 0.795155 0.7668 0.810392 0.811703 0.849236 0.819028 0.802441 0.993931 0.830163 0.994149 1.02023 1.00785 0.776267 0.867192 0.739193 0.969744 2.65538 0.980335 0.801832 0.903945 0.833621 0.691595 0.847494 0.8158 0.807398 
RBFTPS_iters8_phase_shifts5_NaiveFTFracDir_full_pi_is_1
 0.957144 1.17151 1.15766 1.42184 0.927184 0.88252 1.0389 0.9676 0.850866 0.417203 0.457256 0.542742 0.635381 0.698398 0.618803 0.814566 0.789391 0.770461 0.859588 0.888522 0.815513 0.826748 1.13901 1.08019 1.24742 1.04777 1.05131 0.462985 1.08416 0.754872 0.876907 0.908994 0.912633 0.944903 0.963504 0.965891 
RBFBell_iters4_phase_shifts2_Naive_full_pi_is_1
 0.692181 1.00906 1.00011 1.14147 0.979324 1.0393 1.03094 1.05294 0.952616 0.633708 0.655036 0.793101 0.838281 0.842939 0.804981 0.859836 0.839196 0.86011 0.667736 0.730168 0.890241 0.815463 0.912764 1.07685 1.14309 0.947975 1.12826 1.3428 0.773813 0.903851 1.01108 0.664049 0.752716 0.914213 0.859726 0.86604 
RBFGaussian_iters4_phase_shifts2_Naive_full_pi_is_1
 0.692181 1.00906 1.00011 1.14147 0.979324 1.0393 1.03094 1.05294 0.952616 0.633708 0.655036 0.793101 0.838281 0.842939 0.804981 0.859836 0.839196 0.86011 0.667736 0.730168 0.890241 0.815463 0.912764 1.07685 1.14309 0.947975 1.12826 1.3428 0.773813 0.903851 1.01108 0.664049 0.752716 0.914213 0.859726 0.86604 
RBFTPS_iters8_phase_shifts7_NaiveFTFracDir_full_pi_is_0
 1.4566 1.03797 1.01212 1.02121 0.832425 0.815386 0.80219 0.746098 0.656902 0.370146 0.487949 0.573529 0.707774 0.787432 0.849466 0.852174 0.924674 0.886554 0.894465 1.20423 1.1652 1.19541 1.11432 0.899121 0.872376 0.920874 0.91768 0.732468 0.891512 0.886695 0.867625 0.813493 0.913424 0.973207 1.02724 1.01695 
RBFTPS_iters6_phase_shifts5_NaiveFTFracDir_full_pi_is_1
 0.845208 1.24505 1.23903 1.32017 1.05591 0.921733 0.924635 0.886858 0.805769 0.407045 0.483873 0.605455 0.659349 0.712343 0.703108 0.791808 0.781067 0.773833 0.787262 0.926586 0.914028 0.979606 1.13037 1.27398 1.20788 1.14375 1.08116 0.769588 0.917165 0.686915 0.852673 0.715849 0.842718 0.862464 0.886533 0.885782 
IDW_iters6_phase_shifts3_NaiveFTFracDir_full_pi_is_1
 1.13219 1.00639 1.01095 1.04429 1.01547 0.933075 0.937024 0.859146 0.757111 0.373032 0.556048 0.60761 0.703017 0.689736 0.734707 0.857034 0.790663 0.823217 1.13502 0.743609 1.03189 0.949445 0.933009 1.16292 1.02939 0.953887 1.18381 0.9746 1.20645 0.798359 0.967868 0.795946 0.872822 0.88632 0.916158 0.943489 
IDW_iters7_phase_shifts7_NaiveFTFracDir_full_pi_is_1
 0.619397 1.1488 1.13085 1.01029 1.15942 1.08597 1.0524 0.951992 0.811406 0.352083 0.463185 0.541025 0.690654 0.5843 0.670125 0.766353 0.829832 0.815473 0.721983 0.733616 0.827755 0.868241 1.05303 1.2949 1.48711 1.33302 1.28199 0.692995 0.913987 0.6985 0.875146 0.674238 0.820763 0.859663 0.938698 0.950535 
RBFMultiquadricAuto_iters3_phase_shifts3_NaiveFTFracDir_full_pi_is_1
 0.449621 0.784371 0.744057 0.855443 0.893991 0.930888 0.918752 1.03757 0.905879 0.566639 0.633421 0.721388 0.733691 0.965343 1.00975 1.04201 1.08343 0.960444 0.701725 0.76668 1.32436 0.947146 1.02227 0.847297 1.07097 1.02521 1.24274 0.742974 1.05025 0.794039 1.0551 0.925889 0.918756 0.908879 0.89591 0.889233 
RBFTPS_iters7_phase_shifts4_NaiveFTFracDir_full_pi_is_1
 1.03621 1.23754 1.32111 1.34386 1.08812 1.09074 0.984052 0.912374 0.858765 0.489818 0.424244 0.495209 0.726716 0.772316 0.772336 0.834331 0.862397 0.834634 0.766879 0.75896 0.844993 0.906908 1.02248 1.1338 0.987859 1.02083 1.04089 0.801077 0.844902 0.694174 0.786432 0.701866 0.901296 0.914255 0.966357 0.967033 
RBFTPS_iters8_phase_shifts8_NaiveFTFracDir_full_pi_is_1
 1.07716 1.22886 1.26563 1.03207 1.03375 0.952858 0.964457 0.953089 0.889886 0.417322 0.512454 0.587951 0.682833 0.758987 0.703286 0.812022 0.810856 0.794551 0.732 0.620675 0.72129 0.716473 1.04019 1.15545 1.13038 1.16496 1.21299 0.749636 0.981849 0.783156 0.871572 0.937803 0.926243 0.945251 0.986007 1.00076 
RBFMultiquadricAuto_iters5_phase_shifts8_NaiveFTFracDir_full_pi_is_1
 0.685911 0.785505 0.850584 0.890761 0.958915 0.882817 0.884629 0.940421 0.837073 0.633523 0.457777 0.721667 0.760918 0.793072 0.807686 0.866863 0.806413 0.828722 0.751856 0.757297 0.932115 0.958843 1.05971 1.38687 1.28986 1.37434 1.27255 0.850355 1.01611 0.857581 0.947466 0.771355 0.901413 0.896882 0.915447 0.93073 
Makima_iters6_phase_shifts6_NaiveFTFracDir_full_pi_is_0
 0.978746 0.91578 0.922288 1.02591 0.888301 0.934166 1.00248 0.995106 0.869408 0.509246 0.548795 0.565928 0.619213 0.65138 0.72239 0.777534 0.821945 0.84037 1.12619 1.269 1.17972 1.20803 0.986365 0.92521 0.970172 0.967652 0.913266 1.26315 0.930243 0.756361 0.963383 0.747174 0.801672 0.848184 0.938867 0.946616 
Makima_iters9_phase_shifts2_NaiveFTFracDir_full_pi_is_1
 1.03837 1.12332 1.08355 1.03021 0.972994 1.07233 0.896232 0.977388 0.882244 0.542265 0.713581 0.725534 0.78842 0.716995 0.787317 0.844718 0.850402 0.886755 0.723652 0.935716 0.953814 0.884409 1.06717 1.21328 1.07134 1.15136 1.14688 0.534407 0.901975 0.867706 0.909677 0.72089 0.814691 0.847644 0.912599 0.907816 
RBFTPS_iters7_phase_shifts7_Naive_full_pi_is_1
 0.624514 1.1612 1.15639 1.36301 0.951411 0.933156 0.971452 0.978279 0.933132 0.399925 0.456549 0.637261 0.618828 0.708344 0.705338 0.74626 0.810288 0.810808 0.723915 0.731348 0.858137 0.870044 0.929868 0.890575 1.03791 1.01129 0.99167 0.957564 0.980529 0.86969 0.791325 1.23767 1.09667 1.05017 0.993446 1.17014 
RBFGaussian_iters6_phase_shifts2_Naive_full_pi_is_1
 0.483499 0.992047 0.997533 1.04786 0.952666 0.89374 0.899015 0.895133 0.780798 0.730195 0.852698 0.823606 0.978014 0.991068 0.934595 0.962574 0.950465 0.952471 0.753746 0.734028 0.915987 0.913969 0.989431 1.01442 1.14351 1.02511 1.20566 0.959121 0.830921 0.751113 1.05011 0.670873 0.822854 0.930937 0.911529 0.912738 
RBFBell_iters6_phase_shifts2_Naive_full_pi_is_1
 0.483499 0.992047 0.997533 1.04786 0.952666 0.89374 0.899015 0.895133 0.780798 0.730195 0.852698 0.823606 0.978014 0.991068 0.934595 0.962574 0.950465 0.952471 0.753746 0.734028 0.915987 0.913969 0.989431 1.01442 1.14351 1.02511 1.20566 0.959121 0.830921 0.751113 1.05011 0.670873 0.822854 0.930937 0.911529 0.912738 
Makima_iters8_phase_shifts6_NaiveFTFracDir_full_pi_is_0
 1.15713 0.91718 0.918097 0.83123 0.869435 0.848938 0.8235 0.898347 0.766842 0.414267 0.478254 0.601669 0.681694 0.718208 0.76229 0.757357 0.88347 0.938433 1.01098 1.38385 1.25801 1.25871 1.03852 1.04205 0.9824 1.23684 0.975778 1.10852 0.721253 0.853352 0.785353 0.724611 0.799235 0.797807 0.966161 0.959285 
IDW_iters6_phase_shifts8_NaiveFTFracDir_full_pi_is_0
 0.776435 0.818307 0.928816 0.884569 0.967321 0.837881 0.810707 0.747918 0.639238 0.443579 0.534206 0.662019 0.682007 0.693943 0.693249 0.760278 0.799306 0.848249 1.34973 1.32606 1.54212 1.23017 1.09524 0.936155 1.10593 0.995579 0.946406 0.571458 0.84033 0.767897 0.95643 0.857197 0.975822 0.943945 1.01309 1.034 
RBFTPS_iters8_phase_shifts5_Naive_full_pi_is_1
 0.747817 1.30404 1.17674 1.36631 1.00168 1.03041 0.831815 1.05082 1.0234 0.388619 0.458218 0.540724 0.647465 0.73907 0.761582 0.738996 0.796217 0.809546 0.721876 0.737383 0.861194 0.883951 0.922203 1.01635 0.94575 1.08003 0.946477 0.754381 0.873461 0.866425 0.839791 1.20491 1.07854 1.04511 0.969493 1.01676 
IDW_iters6_phase_shifts6_Naive_full_pi_is_1
 1.07336 0.979789 1.01119 1.23276 1.01111 1.09864 1.10046 0.980004 0.874002 0.442006 0.529554 0.519033 0.722442 0.742248 0.72002 0.792499 0.844732 0.893176 0.711108 0.643627 0.925339 0.863824 0.990317 0.872814 1.11813 0.920112 1.13419 0.858811 0.88275 0.870336 0.929546 0.93143 1.02036 1.03375 1.07899 1.06277 
RBFMultiquadricAuto_iters2_phase_shifts2_Naive_full_pi_is_1
 0.509149 0.680228 0.662082 0.688349 0.896047 0.893115 0.89516 0.99433 0.962615 0.918158 0.941191 1.21 1.14066 1.06766 1.01913 1.01126 0.92722 0.969848 0.728492 0.90105 0.843155 0.869811 0.86526 1.16338 0.960658 1.06851 1.13859 0.948362 0.877559 0.869026 0.907872 0.888691 0.770674 0.813902 0.820322 0.821595 
RBFGaussian_iters3_phase_shifts9_Naive_full_pi_is_1
 0.35318 1.05965 1.0591 1.054 1.01865 0.950892 0.94335 1.10176 1.09921 0.860652 0.878449 0.798518 0.897478 0.886715 0.85357 0.89031 0.907859 0.914173 0.797123 0.686655 0.729244 0.742517 0.829881 1.06811 1.0845 1.02974 1.1917 0.892391 0.972479 0.8635 0.979789 0.769308 0.798747 0.893528 0.896292 0.889663 
RBFBell_iters3_phase_shifts9_Naive_full_pi_is_1
 0.35318 1.05965 1.0591 1.054 1.01865 0.950892 0.94335 1.10176 1.09921 0.860652 0.878449 0.798518 0.897478 0.886715 0.85357 0.89031 0.907859 0.914173 0.797123 0.686655 0.729244 0.742517 0.829881 1.06811 1.0845 1.02974 1.1917 0.892391 0.972479 0.8635 0.979789 0.769308 0.798747 0.893528 0.896292 0.889663 
Makima_iters6_phase_shifts2_Naive_full_pi_is_0
 1.10956 0.942908 0.917624 1.11398 1.14907 0.966191 0.818672 0.846742 0.631036 0.441181 0.573214 0.702538 0.691826 0.670206 0.75953 0.863741 0.823631 0.844736 1.03604 1.17207 1.18161 1.1866 1.13844 0.905439 0.820549 0.896952 0.94455 1.48594 0.606958 0.667252 0.661041 0.80897 0.880874 0.912276 1.02202 1.00967 
RBFTPS_iters6_phase_shifts4_NaiveFTFracDir_full_pi_is_1
 0.97008 0.973012 1.05338 1.17742 0.984875 0.919778 0.945317 0.890796 0.85375 0.513411 0.555119 0.65004 0.701946 0.747591 0.759173 0.808922 0.829916 0.804595 0.81357 0.901835 0.990863 0.975528 1.03744 1.42693 1.2002 1.12005 1.04873 0.553168 0.975648 0.764994 0.943482 0.71436 0.930281 0.947371 0.970167 0.970702 
RBFBell_iters5_phase_shifts8_NaiveFTFracDir_full_pi_is_1
 0.610312 0.933484 0.892759 0.948166 0.988524 0.964432 0.979268 0.932496 0.831488 0.589928 0.655814 0.731809 0.838383 0.869599 0.86276 0.90035 0.914472 0.896381 0.665979 0.812524 0.944954 0.982401 1.11022 1.33335 1.24279 1.17244 1.10329 0.80239 0.894515 0.766009 1.09739 0.80621 0.812232 0.899794 0.902832 0.913647 
RBFGaussian_iters5_phase_shifts8_NaiveFTFracDir_full_pi_is_1
 0.610312 0.933484 0.892759 0.948166 0.988524 0.964432 0.979268 0.932496 0.831488 0.589928 0.655814 0.731809 0.838383 0.869599 0.86276 0.90035 0.914472 0.896381 0.665979 0.812524 0.944954 0.982401 1.11022 1.33335 1.24279 1.17244 1.10329 0.80239 0.894515 0.766009 1.09739 0.80621 0.812232 0.899794 0.902832 0.913647 
RBFGaussian_iters5_phase_shifts3_NaiveFTFracDir_full_pi_is_0
 1.09254 0.91497 0.834935 0.791674 0.901631 0.882114 0.875968 0.798556 0.698033 0.711988 0.769415 0.748334 0.827981 0.905672 0.945699 0.951646 0.988548 0.97707 0.960336 1.11522 1.09297 1.17648 1.08348 0.787376 1.04051 0.875733 0.956835 0.94051 1.03765 0.853276 0.950579 0.741565 0.829142 0.935272 0.937361 0.915911 
RBFBell_iters5_phase_shifts3_NaiveFTFracDir_full_pi_is_0
 1.09254 0.91497 0.834935 0.791674 0.901631 0.882114 0.875968 0.798556 0.698033 0.711988 0.769415 0.748334 0.827981 0.905672 0.945699 0.951646 0.988548 0.97707 0.960336 1.11522 1.09297 1.17648 1.08348 0.787376 1.04051 0.875733 0.956835 0.94051 1.03765 0.853276 0.950579 0.741565 0.829142 0.935272 0.937361 0.915911 
RBFMultiquadricAuto_iters7_phase_shifts1_Naive_full_pi_is_1
 0.921591 0.636238 0.620706 0.455096 0.863898 0.819266 0.820777 0.681004 0.626574 0.906745 1.06482 1.10506 0.782261 0.835934 0.981502 0.954311 0.949824 0.88684 0.864146 1.04557 1.07647 1.09377 1.03932 1.23076 1.15913 1.33776 1.32005 0.543202 1.04232 0.780305 0.784571 0.753891 0.807994 0.8887 0.817906 0.81887 
RBFMultiquadricAuto_iters7_phase_shifts1_Naive_full_pi_is_0
 0.921591 0.636238 0.620706 0.455096 0.863898 0.819266 0.820777 0.681004 0.626574 0.906745 1.06482 1.10506 0.782261 0.835934 0.981502 0.954311 0.949824 0.88684 0.864146 1.04557 1.07647 1.09377 1.03932 1.23076 1.15913 1.33776 1.32005 0.543202 1.04232 0.780305 0.784571 0.753891 0.807994 0.8887 0.817906 0.81887 
RBFMultiquadricAuto_iters7_phase_shifts1_NaiveFTFracDir_full_pi_is_1
 0.921591 0.636238 0.620706 0.455096 0.863898 0.819266 0.820777 0.681004 0.626574 0.906745 1.06482 1.10506 0.782261 0.835934 0.981502 0.954311 0.949824 0.88684 0.864146 1.04557 1.07647 1.09377 1.03932 1.23076 1.15913 1.33776 1.32005 0.543202 1.04232 0.780305 0.784571 0.753891 0.807994 0.8887 0.817906 0.81887 
RBFMultiquadricAuto_iters7_phase_shifts1_NaiveFTFracDir_full_pi_is_0
 0.921591 0.636238 0.620706 0.455096 0.863898 0.819266 0.820777 0.681004 0.626574 0.906745 1.06482 1.10506 0.782261 0.835934 0.981502 0.954311 0.949824 0.88684 0.864146 1.04557 1.07647 1.09377 1.03932 1.23076 1.15913 1.33776 1.32005 0.543202 1.04232 0.780305 0.784571 0.753891 0.807994 0.8887 0.817906 0.81887 
IDW_iters2_phase_shifts8_Naive_full_pi_is_0
 1.05662 0.979382 1.03391 1.01752 1.04877 1.30825 1.29187 1.30425 1.02183 0.318706 0.414343 0.559561 0.703763 0.689235 0.674923 0.706574 0.756972 0.760718 1.05295 1.06627 0.903563 0.94973 0.892336 0.928808 0.967524 0.757235 0.761466 0.927017 0.725754 0.925981 0.981752 0.966038 0.979571 0.912408 0.963826 0.924104 
Makima_iters6_phase_shifts8_Naive_full_pi_is_1
 0.750535 1.4188 1.52059 1.25696 1.06041 0.939983 0.944307 0.994127 0.805651 0.424233 0.524166 0.549937 0.571198 0.657692 0.64159 0.63902 0.637828 0.723886 0.687583 0.458012 0.967854 0.683385 1.05567 1.25084 1.54242 1.22041 0.968115 1.32326 0.791003 0.61633 0.708699 0.885229 0.730405 0.806467 0.849224 0.851738 
IDW_iters6_phase_shifts8_Naive_full_pi_is_1
 0.621814 1.11378 1.27311 1.42806 1.01024 1.1076 1.05358 1.00507 0.8646 0.420511 0.568337 0.592179 0.732795 0.760971 0.734328 0.759471 0.839672 0.897152 0.754787 0.640225 0.85654 0.817561 0.946663 0.871091 1.06081 0.919996 1.18346 1.00573 0.781471 0.877937 0.849518 0.897579 1.02063 1.01286 1.05822 1.02038 
RBFBell_iters2_phase_shifts3_Naive_full_pi_is_0
 0.967817 1.06897 1.11048 1.00602 0.944704 0.96832 0.980245 1.1283 1.10154 0.469364 0.631381 0.614003 0.754724 0.821122 0.771191 0.817202 0.804226 0.818815 1.05021 0.943176 0.947758 0.982829 0.908044 0.670662 0.833615 0.719203 0.876326 1.33023 0.811623 0.931819 0.980499 1.00563 1.03689 0.926165 0.971708 0.936048 
RBFGaussian_iters2_phase_shifts3_Naive_full_pi_is_0
 0.967817 1.06897 1.11048 1.00602 0.944704 0.96832 0.980245 1.1283 1.10154 0.469364 0.631381 0.614003 0.754724 0.821122 0.771191 0.817202 0.804226 0.818815 1.05021 0.943176 0.947758 0.982829 0.908044 0.670662 0.833615 0.719203 0.876326 1.33023 0.811623 0.931819 0.980499 1.00563 1.03689 0.926165 0.971708 0.936048 
Makima_iters8_phase_shifts4_NaiveFTFracDir_full_pi_is_0
 1.4101 0.973888 1.00996 0.998467 1.02386 0.942945 0.755156 0.871833 0.792849 0.38961 0.510687 0.579384 0.639561 0.669635 0.724458 0.774836 0.820896 0.881279 0.952161 1.33141 1.18769 1.19997 0.997685 1.10113 1.00093 1.02016 1.01661 1.03326 1.07089 0.836455 0.817542 0.711894 0.745641 0.726161 0.885463 0.873556 
IDW_iters7_phase_shifts5_NaiveFTFracDir_full_pi_is_0
 1.41224 0.789307 0.765547 0.880938 0.750778 0.826926 0.762963 0.781201 0.646871 0.446451 0.630003 0.699029 0.752809 0.766734 0.784253 0.751405 0.806364 0.877111 1.26846 1.27264 1.17681 1.21336 1.05729 1.05851 1.04755 1.2469 1.03366 0.4729 0.77034 0.882032 0.827006 0.81714 0.971385 0.924482 1.03901 1.00996 
RBFMultiquadricAuto_iters4_phase_shifts6_NaiveFTFracDir_full_pi_is_1
 0.651292 0.75309 0.764129 0.852151 0.914641 0.867513 0.874937 0.909572 0.795558 0.501727 0.683595 0.858329 0.770259 1.07566 1.05085 1.10379 1.0303 0.996375 0.777901 0.70528 0.995989 0.94381 1.03614 1.24 1.21857 1.26689 1.29944 0.549067 0.948963 0.810189 0.970113 0.797233 0.874162 0.862913 0.894534 0.895154 
Makima_iters6_phase_shifts7_NaiveFTFracDir_full_pi_is_0
 0.992215 0.933477 0.920518 0.939384 0.902842 0.95538 0.921642 0.995987 0.874327 0.415325 0.505158 0.563523 0.608485 0.655581 0.689392 0.744374 0.790273 0.775911 0.831072 1.09497 1.16349 1.21059 0.980561 1.05687 1.05884 0.997389 0.947017 1.83114 0.806317 0.715372 0.934367 0.715265 0.879128 0.837726 0.932882 0.925618 
RBFMultiquadricAuto_iters3_phase_shifts4_NaiveFTFracDir_full_pi_is_0
 0.727375 0.669681 0.650216 0.614482 0.729419 0.888862 0.819328 0.857305 0.877391 0.848654 0.865623 1.14262 0.994668 0.995503 1.0072 1.03226 1.0672 1.0218 0.915102 1.03459 1.08053 1.11773 1.05789 0.8668 1.00689 0.977328 0.983527 0.96866 1.07509 0.910295 0.969812 0.832795 0.795786 0.827378 0.815267 0.842327 
RBFMultiquadricAuto_iters8_phase_shifts1_NaiveFTFracDir_full_pi_is_0
 0.893068 0.549408 0.60603 0.445564 0.871885 0.798327 0.80239 0.678849 0.604947 0.965703 1.04239 1.07544 0.816188 0.819474 0.970126 0.936086 0.927251 0.901036 0.842427 1.0165 1.06845 1.08037 1.21921 1.22005 1.14576 1.4248 1.31371 0.541333 1.09272 0.755001 0.791741 0.762174 0.807336 0.896237 0.818587 0.82002 
RBFMultiquadricAuto_iters8_phase_shifts1_NaiveFTFracDir_full_pi_is_1
 0.893068 0.549408 0.60603 0.445564 0.871885 0.798327 0.80239 0.678849 0.604947 0.965703 1.04239 1.07544 0.816188 0.819474 0.970126 0.936086 0.927251 0.901036 0.842427 1.0165 1.06845 1.08037 1.21921 1.22005 1.14576 1.4248 1.31371 0.541333 1.09272 0.755001 0.791741 0.762174 0.807336 0.896237 0.818587 0.82002 
RBFMultiquadricAuto_iters8_phase_shifts1_Naive_full_pi_is_0
 0.893068 0.549408 0.60603 0.445564 0.871885 0.798327 0.80239 0.678849 0.604947 0.965703 1.04239 1.07544 0.816188 0.819474 0.970126 0.936086 0.927251 0.901036 0.842427 1.0165 1.06845 1.08037 1.21921 1.22005 1.14576 1.4248 1.31371 0.541333 1.09272 0.755001 0.791741 0.762174 0.807336 0.896237 0.818587 0.82002 
RBFMultiquadricAuto_iters8_phase_shifts1_Naive_full_pi_is_1
 0.893068 0.549408 0.60603 0.445564 0.871885 0.798327 0.80239 0.678849 0.604947 0.965703 1.04239 1.07544 0.816188 0.819474 0.970126 0.936086 0.927251 0.901036 0.842427 1.0165 1.06845 1.08037 1.21921 1.22005 1.14576 1.4248 1.31371 0.541333 1.09272 0.755001 0.791741 0.762174 0.807336 0.896237 0.818587 0.82002 
RBFTPS_iters7_phase_shifts8_NaiveFTFracDir_full_pi_is_0
 1.62678 0.900788 0.878945 0.892884 0.922843 0.756943 0.785722 0.76659 0.654143 0.388024 0.42038 0.563744 0.651117 0.727042 0.795024 0.838834 0.841994 0.852116 0.945846 1.24413 1.1836 1.21809 1.14003 0.805298 0.890853 0.903436 0.907236 1.38451 0.8122 0.866787 0.918188 0.820305 0.899079 0.940257 0.995071 1.00408 
Makima_iters5_phase_shifts2_Naive_full_pi_is_0
 1.21375 0.813864 0.816894 0.952397 1.10703 1.19994 1.19556 0.738237 0.623234 0.352159 0.479014 0.579977 0.664112 0.625074 0.722336 0.730647 0.785293 0.773822 0.948545 1.11497 1.12058 1.14127 1.26244 1.0008 0.860849 0.939642 0.962473 0.908937 0.617239 0.941191 1.12366 0.890355 0.915816 0.962587 1.10482 1.09099 
IDW_iters9_phase_shifts7_NaiveFTFracDir_full_pi_is_1
 0.643968 0.878454 0.987648 1.04526 1.05462 1.26043 0.981701 0.985198 0.913546 0.338624 0.536347 0.636049 0.764938 0.669832 0.765705 0.849251 0.8739 0.895293 0.701536 0.716518 0.780129 0.823055 0.868459 1.43117 1.53245 1.18165 1.28601 0.934186 0.997592 0.619762 0.846309 0.772149 0.744639 0.899035 0.976194 0.944474 
RBFMultiquadricAuto_iters2_phase_shifts4_NaiveFTFracDir_full_pi_is_0
 0.44683 0.677188 0.65857 0.568468 0.803116 0.886201 0.823632 0.992037 0.912148 0.668227 0.728611 1.08645 1.08754 0.959621 1.03263 0.992965 0.997567 0.961213 1.04255 1.20045 1.12561 1.13928 1.13196 0.950806 0.988627 0.945068 1.04472 0.975073 1.06655 0.888292 0.931507 0.790895 0.815132 0.77743 0.825361 0.818073 
RBFBell_iters6_phase_shifts1_Naive_full_pi_is_0
 1.03275 0.594455 0.59551 0.466273 0.88083 0.797982 0.788148 0.702594 0.645232 1.29815 1.2889 1.33143 1.14683 1.14359 1.08876 1.10691 1.01959 1.0283 0.616485 0.719318 0.999272 1.03927 1.04539 0.747733 0.880955 0.904543 1.01145 0.591911 0.944673 0.824473 0.850727 0.72396 0.844132 0.94983 0.902244 0.890842 
RBFBell_iters6_phase_shifts1_Naive_full_pi_is_1
 1.03275 0.594455 0.59551 0.466273 0.88083 0.797982 0.788148 0.702594 0.645232 1.29815 1.2889 1.33143 1.14683 1.14359 1.08876 1.10691 1.01959 1.0283 0.616485 0.719318 0.999272 1.03927 1.04539 0.747733 0.880955 0.904543 1.01145 0.591911 0.944673 0.824473 0.850727 0.72396 0.844132 0.94983 0.902244 0.890842 
RBFBell_iters6_phase_shifts1_NaiveFTFracDir_full_pi_is_1
 1.03275 0.594455 0.59551 0.466273 0.88083 0.797982 0.788148 0.702594 0.645232 1.29815 1.2889 1.33143 1.14683 1.14359 1.08876 1.10691 1.01959 1.0283 0.616485 0.719318 0.999272 1.03927 1.04539 0.747733 0.880955 0.904543 1.01145 0.591911 0.944673 0.824473 0.850727 0.72396 0.844132 0.94983 0.902244 0.890842 
RBFGaussian_iters6_phase_shifts1_NaiveFTFracDir_full_pi_is_0
 1.03275 0.594455 0.59551 0.466273 0.88083 0.797982 0.788148 0.702594 0.645232 1.29815 1.2889 1.33143 1.14683 1.14359 1.08876 1.10691 1.01959 1.0283 0.616485 0.719318 0.999272 1.03927 1.04539 0.747733 0.880955 0.904543 1.01145 0.591911 0.944673 0.824473 0.850727 0.72396 0.844132 0.94983 0.902244 0.890842 
RBFGaussian_iters6_phase_shifts1_NaiveFTFracDir_full_pi_is_1
 1.03275 0.594455 0.59551 0.466273 0.88083 0.797982 0.788148 0.702594 0.645232 1.29815 1.2889 1.33143 1.14683 1.14359 1.08876 1.10691 1.01959 1.0283 0.616485 0.719318 0.999272 1.03927 1.04539 0.747733 0.880955 0.904543 1.01145 0.591911 0.944673 0.824473 0.850727 0.72396 0.844132 0.94983 0.902244 0.890842 
RBFGaussian_iters6_phase_shifts1_Naive_full_pi_is_0
 1.03275 0.594455 0.59551 0.466273 0.88083 0.797982 0.788148 0.702594 0.645232 1.29815 1.2889 1.33143 1.14683 1.14359 1.08876 1.10691 1.01959 1.0283 0.616485 0.719318 0.999272 1.03927 1.04539 0.747733 0.880955 0.904543 1.01145 0.591911 0.944673 0.824473 0.850727 0.72396 0.844132 0.94983 0.902244 0.890842 
RBFGaussian_iters6_phase_shifts1_Naive_full_pi_is_1
 1.03275 0.594455 0.59551 0.466273 0.88083 0.797982 0.788148 0.702594 0.645232 1.29815 1.2889 1.33143 1.14683 1.14359 1.08876 1.10691 1.01959 1.0283 0.616485 0.719318 0.999272 1.03927 1.04539 0.747733 0.880955 0.904543 1.01145 0.591911 0.944673 0.824473 0.850727 0.72396 0.844132 0.94983 0.902244 0.890842 
RBFBell_iters6_phase_shifts1_NaiveFTFracDir_full_pi_is_0
 1.03275 0.594455 0.59551 0.466273 0.88083 0.797982 0.788148 0.702594 0.645232 1.29815 1.2889 1.33143 1.14683 1.14359 1.08876 1.10691 1.01959 1.0283 0.616485 0.719318 0.999272 1.03927 1.04539 0.747733 0.880955 0.904543 1.01145 0.591911 0.944673 0.824473 0.850727 0.72396 0.844132 0.94983 0.902244 0.890842 
RBFMultiquadricAuto_iters3_phase_shifts5_NaiveFTFracDir_full_pi_is_0
 0.760778 0.53678 0.544785 0.620815 0.848255 0.854143 0.888057 1.06376 0.898299 0.857124 0.770373 1.13932 0.972415 0.940186 0.940162 0.965551 0.938234 0.958063 0.968002 1.10786 1.13551 1.15019 1.02185 0.900916 1.02309 0.995359 1.08851 1.12281 0.811864 0.95013 0.980035 0.84033 0.806128 0.803985 0.825468 0.843327 
RBFGaussian_iters5_phase_shifts9_NaiveFTFracDir_full_pi_is_0
 1.05538 0.901296 0.875923 1.0952 0.97649 0.86565 0.890799 0.783294 0.725066 0.644537 0.726114 0.752146 0.840446 0.88935 0.926808 0.959496 1.00211 0.941306 1.02552 1.08691 1.10782 1.22376 1.05868 0.796883 0.77684 0.843523 0.918629 0.47639 0.926906 1.00734 1.05383 0.884263 0.92892 0.966085 1.0033 0.981882 
RBFBell_iters5_phase_shifts9_NaiveFTFracDir_full_pi_is_0
 1.05538 0.901296 0.875923 1.0952 0.97649 0.86565 0.890799 0.783294 0.725066 0.644537 0.726114 0.752146 0.840446 0.88935 0.926808 0.959496 1.00211 0.941306 1.02552 1.08691 1.10782 1.22376 1.05868 0.796883 0.77684 0.843523 0.918629 0.47639 0.926906 1.00734 1.05383 0.884263 0.92892 0.966085 1.0033 0.981882 
RBFTPS_iters7_phase_shifts3_NaiveFTFracDir_full_pi_is_1
 1.02884 1.13207 1.1088 1.11729 1.06298 1.14555 1.04464 0.918949 0.787952 0.388615 0.51892 0.60133 0.678339 0.639377 0.721919 0.849806 0.849339 0.837906 0.793506 0.83233 0.968727 0.947743 0.976876 0.989685 1.21167 1.04058 1.03211 0.882778 1.27127 0.785194 0.963396 0.890018 0.821342 0.911188 0.924969 0.950551 
IDW_iters8_phase_shifts7_NaiveFTFracDir_full_pi_is_1
 0.624694 1.18633 0.951391 1.041 1.14239 0.981196 1.02951 0.982473 0.934817 0.425619 0.582423 0.704497 0.785934 0.715815 0.779783 0.883336 0.860019 0.885179 0.72696 0.718802 0.868355 0.852758 0.936728 1.3516 1.43281 1.1551 1.27194 0.748875 0.943887 0.704609 0.931023 0.689716 0.873466 0.859167 0.961824 0.954892 
IDW_iters7_phase_shifts7_NaiveFTFracDir_full_pi_is_0
 0.918976 0.848865 0.854044 0.973925 0.785219 0.735456 0.678174 0.673325 0.564833 0.520245 0.628988 0.688709 0.770181 0.762791 0.825286 0.816882 0.851713 0.912417 1.3118 1.3101 1.35964 1.22539 1.0925 1.02866 1.14979 1.03982 1.08466 0.620291 0.790626 0.854102 0.964251 0.883679 0.985084 0.947416 1.05079 1.01092 
RBFMultiquadricAuto_iters2_phase_shifts1_Naive_full_pi_is_1
 0.761441 0.484763 0.481377 0.459134 0.789392 0.778919 0.780013 0.923892 0.848378 0.865378 0.95006 1.20697 1.10943 1.05665 0.995394 1.05609 0.937412 0.976054 0.833186 1.14206 1.1017 1.09513 1.01711 1.04026 1.02185 1.17798 1.2146 1.01613 1.11148 0.889199 0.857717 0.764456 0.709825 0.715683 0.723536 0.714253 
RBFMultiquadricAuto_iters2_phase_shifts1_Naive_full_pi_is_0
 0.761441 0.484763 0.481377 0.459134 0.789392 0.778919 0.780013 0.923892 0.848378 0.865378 0.95006 1.20697 1.10943 1.05665 0.995394 1.05609 0.937412 0.976054 0.833186 1.14206 1.1017 1.09513 1.01711 1.04026 1.02185 1.17798 1.2146 1.01613 1.11148 0.889199 0.857717 0.764456 0.709825 0.715683 0.723536 0.714253 
RBFMultiquadricAuto_iters2_phase_shifts1_NaiveFTFracDir_full_pi_is_1
 0.761441 0.484763 0.481377 0.459134 0.789392 0.778919 0.780013 0.923892 0.848378 0.865378 0.95006 1.20697 1.10943 1.05665 0.995394 1.05609 0.937412 0.976054 0.833186 1.14206 1.1017 1.09513 1.01711 1.04026 1.02185 1.17798 1.2146 1.01613 1.11148 0.889199 0.857717 0.764456 0.709825 0.715683 0.723536 0.714253 
RBFMultiquadricAuto_iters2_phase_shifts1_NaiveFTFracDir_full_pi_is_0
 0.761441 0.484763 0.481377 0.459134 0.789392 0.778919 0.780013 0.923892 0.848378 0.865378 0.95006 1.20697 1.10943 1.05665 0.995394 1.05609 0.937412 0.976054 0.833186 1.14206 1.1017 1.09513 1.01711 1.04026 1.02185 1.17798 1.2146 1.01613 1.11148 0.889199 0.857717 0.764456 0.709825 0.715683 0.723536 0.714253 
Makima_iters7_phase_shifts6_Naive_full_pi_is_1
 0.755885 1.4324 1.42389 1.27629 1.13743 0.972796 0.993214 1.06265 0.885701 0.39994 0.505991 0.459967 0.55359 0.665279 0.629858 0.638888 0.744135 0.701311 0.892538 0.558902 0.843532 0.655049 1.05265 1.25653 1.34764 1.19419 1.01561 1.58573 0.83371 0.620753 0.605078 0.817113 0.685706 0.762399 0.831647 0.835168 
RBFTPS_iters9_phase_shifts2_NaiveFTFracDir_full_pi_is_1
 0.837517 1.26824 1.38813 1.10918 0.907779 1.0787 0.936993 1.03572 0.891591 0.557192 0.516739 0.544102 0.702175 0.66113 0.6625 0.746983 0.760421 0.801366 0.709546 0.742316 0.948749 0.965447 1.31214 1.17451 1.13594 1.07661 1.09906 0.556583 0.78358 0.936495 0.950249 0.858127 0.886366 0.958968 0.966649 0.993808 
RBFTPS_iters8_phase_shifts4_NaiveFTFracDir_full_pi_is_0
 1.44534 1.14917 1.04396 1.03531 0.943298 0.929291 1.10816 0.924011 0.836134 0.437063 0.496638 0.56104 0.643938 0.673552 0.750904 0.797545 0.823567 0.817845 0.731369 1.17472 1.1574 1.20355 1.10097 0.794382 0.918317 0.905632 0.911657 1.06841 1.12641 0.762587 0.851811 0.788152 0.817249 0.866678 0.999702 0.928836 
RBFGaussian_iters5_phase_shifts7_NaiveFTFracDir_full_pi_is_0
 1.04558 0.853993 0.855073 0.972555 0.888942 0.862337 0.9098 0.798197 0.730351 0.642454 0.668484 0.754427 0.903708 0.921613 0.938841 0.939033 0.996811 1.02188 1.04467 1.09609 1.11834 1.2172 1.04082 0.822833 0.833286 0.857067 0.95784 0.764451 0.990152 0.954602 1.05801 0.816812 0.883565 1.02732 0.953877 0.937053 
RBFBell_iters5_phase_shifts7_NaiveFTFracDir_full_pi_is_0
 1.04558 0.853993 0.855073 0.972555 0.888942 0.862337 0.9098 0.798197 0.730351 0.642454 0.668484 0.754427 0.903708 0.921613 0.938841 0.939033 0.996811 1.02188 1.04467 1.09609 1.11834 1.2172 1.04082 0.822833 0.833286 0.857067 0.95784 0.764451 0.990152 0.954602 1.05801 0.816812 0.883565 1.02732 0.953877 0.937053 
IDW_iters7_phase_shifts4_NaiveFTFracDir_full_pi_is_1
 0.54313 0.917443 0.888167 0.96538 1.20938 0.999748 0.919887 0.911078 0.79065 0.492383 0.568448 0.570662 0.771954 0.74105 0.807442 0.82985 0.873161 0.92753 0.853336 0.783427 0.99436 1.0692 0.974186 1.3167 1.3621 1.18861 1.34243 0.754469 0.920655 0.802474 0.928735 0.737528 0.915449 0.933808 0.961522 1.00097 
RBFBell_iters5_phase_shifts9_NaiveFTFracDir_full_pi_is_1
 0.668363 0.82646 1.04048 0.94789 0.929666 0.940386 0.947981 0.922307 0.819979 0.804147 0.767236 0.670728 0.838183 0.869452 0.89438 0.891505 0.914681 0.895788 0.687912 0.878522 0.924937 1.15418 1.05517 1.25034 1.2499 1.16295 1.07518 0.82598 0.965974 0.74448 1.13877 0.717614 0.813066 0.884586 0.922311 0.918771 
RBFGaussian_iters5_phase_shifts9_NaiveFTFracDir_full_pi_is_1
 0.668363 0.82646 1.04048 0.94789 0.929666 0.940386 0.947981 0.922307 0.819979 0.804147 0.767236 0.670728 0.838183 0.869452 0.89438 0.891505 0.914681 0.895788 0.687912 0.878522 0.924937 1.15418 1.05517 1.25034 1.2499 1.16295 1.07518 0.82598 0.965974 0.74448 1.13877 0.717614 0.813066 0.884586 0.922311 0.918771 
RBFTPS_iters8_phase_shifts3_NaiveFTFracDir_full_pi_is_1
 0.779299 1.14584 1.15514 1.1019 1.12223 1.05521 1.07203 0.974967 0.81066 0.405749 0.423631 0.576787 0.715413 0.739447 0.737409 0.867067 0.883596 0.859289 0.76193 0.759962 0.76472 0.897807 0.887838 0.991663 1.17809 1.10165 1.08881 1.09947 1.08693 0.847453 0.984235 1.02278 0.911931 0.936203 0.95268 0.983366 
RBFMultiquadricAuto_iters0_phase_shifts5_Naive_full_pi_is_1
 0.881155 0.735666 0.716522 0.829327 0.972071 1.04046 1.1362 1.07109 1.0019 0.6156 0.616184 0.865106 0.924728 0.892057 0.943721 0.919618 0.852632 0.814151 0.951236 0.963196 0.814451 0.773771 0.785316 1.39045 1.33327 1.32103 1.01938 0.561261 0.907839 0.878745 0.901866 0.871611 0.866807 0.858323 0.874818 0.869531 
RBFMultiquadricAuto_iters1_phase_shifts5_Naive_full_pi_is_1
 0.881155 0.735666 0.716522 0.829327 0.972071 1.04046 1.1362 1.07109 1.0019 0.6156 0.616184 0.865106 0.924728 0.892057 0.943721 0.919618 0.852632 0.814151 0.951236 0.963196 0.814451 0.773771 0.785316 1.39045 1.33327 1.32103 1.01938 0.561261 0.907839 0.878745 0.901866 0.871611 0.866807 0.858323 0.874818 0.869531 
IDW_iters7_phase_shifts6_NaiveFTFracDir_full_pi_is_1
 0.708757 1.28819 1.28135 1.17616 1.06537 1.05608 1.02946 0.965208 0.885171 0.320647 0.540437 0.669301 0.789211 0.649217 0.708501 0.825079 0.837105 0.842949 1.11099 0.737285 0.820922 0.947847 0.927569 1.05339 1.2842 1.15283 1.14712 1.04434 0.869671 0.67542 0.887482 0.660435 0.877551 0.844742 0.890226 0.929903 
RBFBell_iters5_phase_shifts6_NaiveFTFracDir_full_pi_is_1
 0.687787 1.47543 1.06759 0.964357 1.00892 1.00002 1.01436 0.939846 0.808695 0.739479 0.670877 0.752125 0.834487 0.870898 0.900529 0.903934 0.923309 0.908795 0.629106 0.76517 0.932733 0.895436 1.09303 1.21137 1.2528 1.15457 1.13341 0.384598 0.852373 0.735494 1.02153 0.724271 0.763899 0.851735 0.885965 0.880911 
RBFGaussian_iters5_phase_shifts6_NaiveFTFracDir_full_pi_is_1
 0.687787 1.47543 1.06759 0.964357 1.00892 1.00002 1.01436 0.939846 0.808695 0.739479 0.670877 0.752125 0.834487 0.870898 0.900529 0.903934 0.923309 0.908795 0.629106 0.76517 0.932733 0.895436 1.09303 1.21137 1.2528 1.15457 1.13341 0.384598 0.852373 0.735494 1.02153 0.724271 0.763899 0.851735 0.885965 0.880911 
RBFGaussian_iters5_phase_shifts5_NaiveFTFracDir_full_pi_is_0
 1.04026 0.842614 0.838265 1.0132 0.863272 0.873207 0.959562 0.84549 0.772882 0.564748 0.736895 0.746364 0.808277 0.903298 0.936188 0.921506 0.971773 0.97728 0.995843 1.16567 1.10462 1.20842 1.06963 0.850089 0.808429 0.879938 0.966117 0.730401 1.06213 0.919526 1.02322 0.830347 0.880671 1.02973 1.00259 0.949796 
RBFBell_iters5_phase_shifts5_NaiveFTFracDir_full_pi_is_0
 1.04026 0.842614 0.838265 1.0132 0.863272 0.873207 0.959562 0.84549 0.772882 0.564748 0.736895 0.746364 0.808277 0.903298 0.936188 0.921506 0.971773 0.97728 0.995843 1.16567 1.10462 1.20842 1.06963 0.850089 0.808429 0.879938 0.966117 0.730401 1.06213 0.919526 1.02322 0.830347 0.880671 1.02973 1.00259 0.949796 
Makima_iters6_phase_shifts9_Naive_full_pi_is_1
 0.781491 1.5474 1.48803 1.33052 1.09125 0.972974 0.97804 1.01741 0.944909 0.413234 0.517385 0.551875 0.552893 0.663821 0.641483 0.639532 0.669393 0.721183 0.8716 0.564305 0.87484 0.605396 1.01771 1.24158 1.52983 1.21037 0.956872 1.18601 0.776088 0.599728 0.694004 0.873132 0.726718 0.803297 0.848107 0.850659 
Makima_iters3_phase_shifts4_Naive_full_pi_is_0
 0.83623 0.834446 0.832695 1.09734 0.997529 0.984119 0.981939 0.730318 0.757566 0.381944 0.497889 0.607886 0.687823 0.672774 0.775653 0.800391 0.746549 0.799571 1.14188 1.08482 0.975031 1.02084 0.970547 1.03997 1.04018 0.84505 0.870361 1.52026 0.836253 1.06068 1.19225 1.00199 0.960415 0.959963 1.01307 1.04765 
RBFMultiquadricAuto_iters2_phase_shifts3_NaiveFTFracDir_full_pi_is_0
 0.686362 0.510383 0.513391 0.595409 0.810683 0.852915 0.866948 1.06935 0.905388 0.693573 0.87067 1.19227 1.11658 1.00224 0.952122 0.996697 0.961732 0.93081 0.944711 1.20102 1.15796 1.15634 1.10929 1.05153 0.859653 1.00799 1.00756 1.10968 1.03624 0.835437 0.928741 0.777558 0.780907 0.765834 0.78074 0.771595 
RBFTPS_iters7_phase_shifts9_NaiveFTFracDir_full_pi_is_0
 1.62616 1.33595 1.0193 1.10315 0.96829 0.767492 0.882467 0.778873 0.660819 0.383748 0.605177 0.567971 0.665457 0.742115 0.805394 0.843499 0.875983 0.873453 0.701756 1.0632 1.10107 1.14371 1.03745 0.877723 0.858863 0.881245 0.922514 1.11227 0.853576 0.861084 0.91555 0.824859 0.919624 0.947713 0.994287 0.990284 
IDW_iters8_phase_shifts5_NaiveFTFracDir_full_pi_is_1
 0.991512 1.195 1.2039 1.04608 1.08817 0.957269 0.969902 1.06707 0.912108 0.466333 0.627772 0.603224 0.743686 0.717566 0.767167 0.833917 0.855262 0.893753 0.741392 0.715161 0.901248 0.826662 0.986538 1.15451 1.35069 1.26223 1.26988 0.617348 0.90007 0.733597 0.896813 0.71372 0.897261 0.873042 0.931404 0.931101 
RBFTPS_iters4_phase_shifts7_NaiveFTFracDir_full_pi_is_1
 0.740171 1.07994 0.755436 0.821295 0.906683 0.887742 0.86326 0.951322 0.813293 0.359768 0.415661 0.4943 0.581565 0.575617 0.665155 0.706152 0.71842 0.752113 0.724926 0.696103 0.953646 0.88444 1.07624 1.16624 0.945402 1.04623 1.08052 2.70207 1.06523 0.668841 0.860806 0.638077 0.749336 0.799184 0.820955 0.827852 
Makima_iters3_phase_shifts3_Naive_full_pi_is_0
 1.47948 0.857291 0.867994 1.08066 0.977752 0.967754 0.969706 0.764931 0.692039 0.386512 0.421689 0.532187 0.617492 0.625857 0.715885 0.746874 0.714035 0.787401 1.13957 1.04718 0.95928 1.00691 0.90299 1.05986 1.05884 0.856514 0.882904 1.6515 0.893046 0.917847 1.16463 0.911341 0.869613 0.881047 0.92879 0.957276 
RBFMultiquadricAuto_iters6_phase_shifts1_NaiveFTFracDir_full_pi_is_0
 0.949403 0.622141 0.593251 0.461424 0.860667 0.808374 0.814147 0.705609 0.625879 0.963584 1.10432 1.13098 0.802002 0.933554 1.01227 1.00367 0.981514 0.921937 0.923752 1.05169 1.07014 1.0985 1.03314 1.23705 1.18365 1.34633 1.30421 0.533779 0.890447 0.799711 0.804201 0.765555 0.796817 0.879182 0.814365 0.815245 
RBFMultiquadricAuto_iters6_phase_shifts1_NaiveFTFracDir_full_pi_is_1
 0.949403 0.622141 0.593251 0.461424 0.860667 0.808374 0.814147 0.705609 0.625879 0.963584 1.10432 1.13098 0.802002 0.933554 1.01227 1.00367 0.981514 0.921937 0.923752 1.05169 1.07014 1.0985 1.03314 1.23705 1.18365 1.34633 1.30421 0.533779 0.890447 0.799711 0.804201 0.765555 0.796817 0.879182 0.814365 0.815245 
RBFMultiquadricAuto_iters6_phase_shifts1_Naive_full_pi_is_1
 0.949403 0.622141 0.593251 0.461424 0.860667 0.808374 0.814147 0.705609 0.625879 0.963584 1.10432 1.13098 0.802002 0.933554 1.01227 1.00367 0.981514 0.921937 0.923752 1.05169 1.07014 1.0985 1.03314 1.23705 1.18365 1.34633 1.30421 0.533779 0.890447 0.799711 0.804201 0.765555 0.796817 0.879182 0.814365 0.815245 
RBFMultiquadricAuto_iters6_phase_shifts1_Naive_full_pi_is_0
 0.949403 0.622141 0.593251 0.461424 0.860667 0.808374 0.814147 0.705609 0.625879 0.963584 1.10432 1.13098 0.802002 0.933554 1.01227 1.00367 0.981514 0.921937 0.923752 1.05169 1.07014 1.0985 1.03314 1.23705 1.18365 1.34633 1.30421 0.533779 0.890447 0.799711 0.804201 0.765555 0.796817 0.879182 0.814365 0.815245 
IDW_iters2_phase_shifts5_Naive_full_pi_is_0
 1.0176 1.19884 1.28088 0.986461 1.01177 1.22843 1.2203 1.26833 1.10581 0.333574 0.41063 0.52336 0.627004 0.643422 0.697479 0.727241 0.746449 0.7266 1.10708 1.04759 0.887751 0.939435 0.879415 0.924658 0.956495 0.735939 0.751545 1.22209 0.753806 0.927686 0.953038 0.910481 0.950446 0.893781 0.948455 0.889248 
RBFBell_iters5_phase_shifts3_NaiveFTFracDir_full_pi_is_1
 0.53188 1.10628 0.988444 0.983186 0.935237 0.891669 0.917948 0.902902 0.803278 0.87364 0.726334 0.772653 0.900289 0.842556 0.908796 0.938858 0.947825 0.945777 0.652312 0.628303 0.943013 0.854824 1.03315 1.07138 1.22996 0.995216 1.13849 0.615269 1.29665 0.862022 1.20866 0.838437 0.844076 0.955038 0.929248 0.941347 
RBFGaussian_iters5_phase_shifts3_NaiveFTFracDir_full_pi_is_1
 0.53188 1.10628 0.988444 0.983186 0.935237 0.891669 0.917948 0.902902 0.803278 0.87364 0.726334 0.772653 0.900289 0.842556 0.908796 0.938858 0.947825 0.945777 0.652312 0.628303 0.943013 0.854824 1.03315 1.07138 1.22996 0.995216 1.13849 0.615269 1.29665 0.862022 1.20866 0.838437 0.844076 0.955038 0.929248 0.941347 
IDW_iters2_phase_shifts9_Naive_full_pi_is_0
 1.06604 1.08804 1.11564 1.09291 1.09052 1.34083 1.32148 1.33644 1.07882 0.320092 0.415252 0.560182 0.705121 0.692586 0.68639 0.718976 0.769208 0.774839 0.998195 0.991393 0.866064 0.9133 0.868541 0.913987 0.951275 0.747408 0.755321 0.907435 0.720606 0.927781 0.99122 0.970171 1.00255 0.9174 0.967381 0.92494 
IDW_iters2_phase_shifts6_Naive_full_pi_is_0
 0.991748 0.811621 0.980216 0.963607 1.01481 1.23363 1.22729 1.04012 1.12217 0.327552 0.419816 0.499416 0.619306 0.644824 0.699676 0.707384 0.726877 0.721437 1.02944 1.06634 0.929193 0.97486 0.905325 0.941275 0.973888 0.736283 0.76361 1.84748 0.762337 0.919135 0.966502 0.924577 0.955541 0.90044 0.958929 0.892198 
RBFMultiquadricManual_iters0_phase_shifts3_NaiveFTFracDir_full_pi_is_1
 0.846936 0.675477 0.676176 0.724992 0.982077 1.04885 1.0391 1.09109 1.04644 1.28212 1.20462 1.25782 1.11955 1.15987 1.13889 1.09256 1.07139 1.06593 1.26175 0.952354 0.762209 0.746268 0.777016 0.656672 0.645323 0.659961 0.686472 0.505089 0.830442 0.858276 0.850769 0.887394 0.778812 0.759636 0.756808 0.777201 
RBFMultiquadricManual_iters1_phase_shifts3_NaiveFTFracDir_full_pi_is_1
 0.846936 0.675477 0.676176 0.724992 0.982077 1.04885 1.0391 1.09109 1.04644 1.28212 1.20462 1.25782 1.11955 1.15987 1.13889 1.09256 1.07139 1.06593 1.26175 0.952354 0.762209 0.746268 0.777016 0.656672 0.645323 0.659961 0.686472 0.505089 0.830442 0.858276 0.850769 0.887394 0.778812 0.759636 0.756808 0.777201 
IDW_iters7_phase_shifts2_NaiveFTFracDir_full_pi_is_1
 0.816362 0.930576 1.20335 0.931358 0.977281 0.974079 0.926625 0.859094 0.852539 0.654494 0.678558 0.658766 0.735333 0.720638 0.75621 0.85565 0.839573 0.921334 0.888599 0.73986 0.94028 1.07131 1.06802 1.16181 1.21395 1.13951 1.08638 1.2125 0.981563 0.897896 0.926234 0.877328 0.928161 0.886157 0.886833 0.890693 
RBFBell_iters5_phase_shifts8_NaiveFTFracDir_full_pi_is_0
 1.13318 0.812175 0.811545 0.966101 0.910427 0.881114 0.883614 0.808317 0.716977 0.603976 0.646822 0.702769 0.88009 0.892308 0.915211 0.945328 1.00548 0.932444 1.08369 1.14618 1.11454 1.23967 1.069 0.820984 0.96765 0.83815 0.950726 0.871999 0.950015 0.984078 1.00466 0.867761 0.935357 0.948835 0.977704 0.962844 
RBFGaussian_iters5_phase_shifts8_NaiveFTFracDir_full_pi_is_0
 1.13318 0.812175 0.811545 0.966101 0.910427 0.881114 0.883614 0.808317 0.716977 0.603976 0.646822 0.702769 0.88009 0.892308 0.915211 0.945328 1.00548 0.932444 1.08369 1.14618 1.11454 1.23967 1.069 0.820984 0.96765 0.83815 0.950726 0.871999 0.950015 0.984078 1.00466 0.867761 0.935357 0.948835 0.977704 0.962844 
RBFBell_iters4_phase_shifts7_Naive_full_pi_is_1
 0.490534 1.17446 1.24066 1.15625 1.0892 1.00767 1.01229 1.00858 1.0551 0.520238 0.587845 0.608638 0.818567 0.839129 0.814182 0.873509 0.894788 0.904858 0.916667 0.897729 0.861448 0.740436 0.822913 1.17609 1.23199 1.02216 0.997404 0.766671 0.90435 0.890254 1.07074 0.774182 0.872101 0.984945 0.942304 0.941799 
RBFGaussian_iters4_phase_shifts7_Naive_full_pi_is_1
 0.490534 1.17446 1.24066 1.15625 1.0892 1.00767 1.01229 1.00858 1.0551 0.520238 0.587845 0.608638 0.818567 0.839129 0.814182 0.873509 0.894788 0.904858 0.916667 0.897729 0.861448 0.740436 0.822913 1.17609 1.23199 1.02216 0.997404 0.766671 0.90435 0.890254 1.07074 0.774182 0.872101 0.984945 0.942304 0.941799 
RBFMultiquadricManual_iters1_phase_shifts7_NaiveFTFracDir_full_pi_is_1
 0.803704 0.732988 0.708275 0.750656 0.938927 0.978892 0.983321 0.900502 1.03282 1.53004 1.22849 1.3358 1.18519 1.18641 1.15259 1.09929 1.08604 1.04918 1.1413 0.955801 0.731413 0.713785 0.718726 0.78728 0.693834 0.789741 0.828698 0.792151 0.705714 0.593283 0.75886 0.79129 0.758045 0.720067 0.748343 0.742258 
RBFMultiquadricManual_iters0_phase_shifts7_NaiveFTFracDir_full_pi_is_1
 0.803704 0.732988 0.708275 0.750656 0.938927 0.978892 0.983321 0.900502 1.03282 1.53004 1.22849 1.3358 1.18519 1.18641 1.15259 1.09929 1.08604 1.04918 1.1413 0.955801 0.731413 0.713785 0.718726 0.78728 0.693834 0.789741 0.828698 0.792151 0.705714 0.593283 0.75886 0.79129 0.758045 0.720067 0.748343 0.742258 
IDW_iters6_phase_shifts9_NaiveFTFracDir_full_pi_is_0
 0.758428 1.00145 1.07305 1.10366 0.925574 0.871901 0.856352 0.926275 0.645638 0.411426 0.512771 0.654455 0.695396 0.740573 0.734522 0.770537 0.807657 0.866826 1.26866 1.29779 1.54057 1.22034 1.11442 0.988693 1.02675 0.982083 1.00282 0.413859 0.812782 0.824934 0.93174 0.848894 0.947825 0.922739 0.997552 1.0139 
IDW_iters6_phase_shifts9_Naive_full_pi_is_1
 0.710025 1.15032 1.276 1.34459 1.02128 1.10836 1.04313 0.990418 0.921786 0.40725 0.580514 0.549477 0.731832 0.739682 0.757139 0.769481 0.849205 0.901497 0.736427 0.692369 0.884618 0.835869 0.957607 0.996231 1.05528 0.911005 1.1834 0.998205 0.810655 0.893498 0.899604 0.922201 1.04364 1.03251 1.07595 1.03961 
RBFMultiquadricAuto_iters3_phase_shifts8_NaiveFTFracDir_full_pi_is_0
 0.735524 0.590012 0.583662 0.680521 0.825841 0.818737 0.833782 0.943478 0.860339 0.82159 0.785417 1.08388 0.943867 0.987812 0.98327 1.03192 1.00301 1.01258 1.04828 1.18943 1.14238 1.15671 1.03677 0.940766 0.9905 0.960475 1.02955 0.976404 1.08061 0.950127 0.998343 0.857833 0.820009 0.805 0.829752 0.854761 
RBFGaussian_iters4_phase_shifts4_Naive_full_pi_is_1
 0.362473 1.48157 1.02219 1.04511 1.08122 1.01485 1.01831 1.11649 1.11387 0.890408 0.823747 0.839238 0.925057 0.917022 0.866565 0.932651 0.940245 0.958837 0.940139 0.635642 0.726251 0.76285 0.840515 0.954017 1.04983 1.08512 1.12039 0.471174 0.911995 0.867305 0.960034 0.737361 0.822933 0.893056 0.889082 0.885016 
RBFBell_iters4_phase_shifts4_Naive_full_pi_is_1
 0.362473 1.48157 1.02219 1.04511 1.08122 1.01485 1.01831 1.11649 1.11387 0.890408 0.823747 0.839238 0.925057 0.917022 0.866565 0.932651 0.940245 0.958837 0.940139 0.635642 0.726251 0.76285 0.840515 0.954017 1.04983 1.08512 1.12039 0.471174 0.911995 0.867305 0.960034 0.737361 0.822933 0.893056 0.889082 0.885016 
Makima_iters8_phase_shifts9_NaiveFTFracDir_full_pi_is_0
 0.882861 0.882094 0.885936 0.904202 0.877322 0.845187 0.848252 0.885478 0.792851 0.365681 0.5013 0.582352 0.703802 0.714638 0.781853 0.76173 0.856306 0.946102 1.26705 1.48768 1.55635 1.29873 1.07399 1.0867 1.02807 1.05717 1.0091 0.723553 0.921549 0.876371 0.874661 0.734048 0.806929 0.823882 0.960583 0.945008 
Makima_iters9_phase_shifts7_NaiveFTFracDir_full_pi_is_0
 1.36754 1.03638 1.02022 1.0621 0.946472 0.87994 0.865254 0.920357 0.832367 0.507697 0.641428 0.576957 0.685173 0.675057 0.78029 0.734329 0.830728 0.921273 0.930984 1.30686 1.21288 1.21668 1.0159 1.07867 0.988012 1.0899 1.03529 0.524088 0.843212 1.03392 0.923302 0.764603 0.816388 0.826547 0.991827 0.978904 
IDW_iters9_phase_shifts6_NaiveFTFracDir_full_pi_is_1
 0.973423 1.05893 1.15125 1.10848 1.07494 1.15301 1.2225 0.942192 0.796181 0.396288 0.619324 0.61004 0.69912 0.695293 0.817277 0.889679 0.875538 0.908777 1.09418 0.969137 0.821296 0.897384 0.86348 1.30663 1.39696 1.12733 1.23476 0.589841 0.678609 0.584899 0.779849 0.72783 0.755256 0.898918 0.975594 0.967496 
IDW_iters7_phase_shifts5_Naive_full_pi_is_1
 0.420997 0.976376 0.998965 1.22344 0.972061 1.07183 1.14806 1.0688 0.93042 0.424212 0.562317 0.569496 0.696746 0.679136 0.760082 0.812097 0.824539 0.880703 0.893086 0.668892 0.943034 0.742793 1.05362 1.00008 1.15473 1.0585 1.22042 1.08756 0.820381 0.954138 0.967488 1.03492 1.00352 1.06227 1.11074 1.05068 
RBFMultiquadricAuto_iters6_phase_shifts8_NaiveFTFracDir_full_pi_is_1
 0.732584 0.959653 1.0622 1.07612 1.02568 0.912106 0.882081 0.985173 0.842936 0.862411 0.488623 0.676563 0.757844 0.839875 0.854517 0.915227 0.86946 0.867698 0.729764 0.672243 0.783879 0.757284 1.00043 1.26576 1.21462 1.30854 1.17263 1.05305 1.05193 0.872282 0.916962 0.925027 0.94816 0.943325 0.952291 0.973699 
RBFTPS_iters8_phase_shifts9_NaiveFTFracDir_full_pi_is_0
 1.50651 1.02923 1.01686 1.04321 0.759961 0.853319 0.843465 0.787438 0.692181 0.484895 0.45989 0.579366 0.683305 0.753928 0.820042 0.840325 0.914057 0.881019 0.882965 1.27356 1.21991 1.21453 1.16441 0.954627 0.925278 0.944525 0.936521 1.1165 0.75238 0.877864 0.904087 0.825234 0.920523 0.962961 1.01489 1.01682 
RBFGaussian_iters6_phase_shifts2_NaiveFTFracDir_full_pi_is_0
 1.49027 0.692946 0.659467 0.800648 0.957799 0.960594 0.879598 0.902552 0.760014 0.861149 0.658321 0.844851 0.919028 0.975527 0.976967 0.951342 0.979212 0.957378 1.0487 1.09925 1.06162 1.13817 1.04448 0.799314 0.81002 0.91592 1.00965 0.92188 1.10962 0.81999 0.887717 0.738518 0.869125 0.910391 0.914425 0.952787 
RBFBell_iters6_phase_shifts2_NaiveFTFracDir_full_pi_is_0
 1.49027 0.692946 0.659467 0.800648 0.957799 0.960594 0.879598 0.902552 0.760014 0.861149 0.658321 0.844851 0.919028 0.975527 0.976967 0.951342 0.979212 0.957378 1.0487 1.09925 1.06162 1.13817 1.04448 0.799314 0.81002 0.91592 1.00965 0.92188 1.10962 0.81999 0.887717 0.738518 0.869125 0.910391 0.914425 0.952787 
RBFTPS_iters9_phase_shifts4_NaiveFTFracDir_full_pi_is_0
 1.51966 1.03557 0.988805 1.04269 0.952336 1.1167 1.06318 0.767531 0.67099 0.400644 0.521164 0.596056 0.638703 0.69337 0.774831 0.804888 0.857009 0.845913 0.859895 1.21628 1.17346 1.21582 1.10071 0.968919 0.896542 0.931086 0.903952 1.03177 1.1603 0.746793 0.835336 0.776212 0.8792 0.870321 1.01123 0.971365 
IDW_iters6_phase_shifts7_Naive_full_pi_is_1
 1.08408 0.99197 1.16546 1.25345 0.968008 1.15183 1.0478 0.959215 0.894066 0.424955 0.635296 0.559121 0.752204 0.746735 0.721397 0.794972 0.844377 0.903969 0.729059 0.664375 0.869514 0.834308 1.01955 0.871662 1.13386 0.973569 1.176 1.07774 0.763127 0.864178 0.937333 0.979483 1.05899 1.0467 1.09363 1.08392 
RBFBell_iters4_phase_shifts8_Naive_full_pi_is_1
 0.529546 1.20768 1.28796 1.14707 1.06857 0.97012 0.964167 1.00994 1.05505 0.592018 0.654339 0.687898 0.855315 0.890947 0.836049 0.899848 0.898743 0.912476 0.908524 0.870043 0.857821 0.745658 0.820219 0.985143 1.2295 1.00125 1.14559 0.738781 0.954451 0.881515 1.04175 0.786903 0.883236 0.998009 0.950857 0.947244 
RBFGaussian_iters4_phase_shifts8_Naive_full_pi_is_1
 0.529546 1.20768 1.28796 1.14707 1.06857 0.97012 0.964167 1.00994 1.05505 0.592018 0.654339 0.687898 0.855315 0.890947 0.836049 0.899848 0.898743 0.912476 0.908524 0.870043 0.857821 0.745658 0.820219 0.985143 1.2295 1.00125 1.14559 0.738781 0.954451 0.881515 1.04175 0.786903 0.883236 0.998009 0.950857 0.947244 
IDW_iters2_phase_shifts7_Naive_full_pi_is_0
 1.05299 0.953608 1.01125 0.998308 1.0378 1.25737 1.24981 1.2704 1.02059 0.317356 0.411685 0.534851 0.643728 0.645524 0.666832 0.710749 0.734796 0.753044 1.04181 1.05989 0.93106 0.975542 0.908659 0.940282 0.976987 0.74048 0.765628 1.68508 0.736444 0.917691 0.972791 0.931003 0.955176 0.897312 0.960574 0.890975 
RBFMultiquadricAuto_iters3_phase_shifts9_NaiveFTFracDir_full_pi_is_0
 0.718191 0.568132 0.57332 0.667053 0.807577 0.838909 0.820809 0.894372 0.853229 0.735792 0.754618 1.03664 0.927029 1.02712 1.02252 1.05582 1.03894 1.0294 1.09632 1.19971 1.10774 1.1134 1.00741 0.88543 0.945259 0.91346 0.997806 1.22723 1.12738 0.956625 1.01605 0.858979 0.869412 0.850644 0.863745 0.882404 
RBFTPS_iters8_phase_shifts2_NaiveFTFracDir_full_pi_is_1
 0.835093 1.27987 1.12714 1.00199 0.870674 1.16712 1.17786 0.913626 0.81294 0.544011 0.54496 0.541473 0.688113 0.65718 0.664797 0.751585 0.759553 0.761222 0.742116 0.793659 0.947453 1.43289 1.09386 1.28119 0.996842 1.05497 1.10748 0.998032 0.865358 0.990109 0.913208 0.850157 0.904363 0.966834 0.958382 0.920315 
IDW_iters7_phase_shifts6_NaiveFTFracDir_full_pi_is_0
 1.28117 0.836418 0.898812 0.939723 0.868174 0.908549 0.924314 0.8378 0.639099 0.412902 0.555615 0.696981 0.793987 0.751509 0.830944 0.837575 0.841666 0.919288 1.28261 1.35571 1.21068 1.23304 1.0946 1.02915 1.01631 1.03926 1.10751 0.409074 1.02838 0.742514 0.800965 0.811151 0.958515 0.894089 1.02983 1.03548 
Makima_iters8_phase_shifts7_NaiveFTFracDir_full_pi_is_0
 1.31213 0.844134 0.859514 0.94327 0.928098 0.853078 0.803359 0.873482 0.794521 0.347867 0.54934 0.559143 0.692502 0.705415 0.744399 0.737424 0.813561 0.926054 1.10777 1.43834 1.26223 1.28154 1.05524 1.09462 1.01711 1.06072 1.03633 1.2729 0.883117 0.820389 0.879118 0.739027 0.809028 0.828797 0.964149 0.955988 
RBFTPS_iters6_phase_shifts5_NaiveFTFracDir_full_pi_is_0
 1.73165 0.98654 1.00872 1.16943 0.879125 0.857892 1.00647 0.883545 0.713897 0.386445 0.458326 0.544763 0.623015 0.697409 0.763124 0.815029 0.803979 0.807352 0.989514 1.24664 1.17546 1.21585 1.04978 0.890804 0.907251 0.878548 0.89286 1.04301 0.79044 0.862522 0.946946 0.808111 0.897619 0.966481 0.99722 1.00864 
Makima_iters9_phase_shifts6_NaiveFTFracDir_full_pi_is_0
 1.36847 0.713419 0.73964 0.93369 0.890402 0.847143 0.851375 0.887387 0.800128 0.495065 0.5748 0.63077 0.681692 0.724759 0.775523 0.77678 0.835813 0.94186 1.15199 1.49139 1.29205 1.2782 1.08084 1.13365 1.03234 0.83265 0.999342 1.21513 0.749959 0.937115 0.840596 0.760428 0.805503 0.791144 0.980665 0.986399 
Makima_iters9_phase_shifts9_NaiveFTFracDir_full_pi_is_0
 1.1854 0.7451 0.801883 0.961508 0.917952 0.889658 0.902924 0.94306 0.834717 0.433629 0.590007 0.589095 0.685725 0.706531 0.771413 0.738373 0.86151 0.954465 1.2307 1.47409 1.38041 1.28751 1.07198 1.01822 1.06208 1.08554 1.01921 0.631826 0.841051 0.950316 0.928379 0.763874 0.820937 0.828189 0.972709 0.976019 
RBFMultiquadricAuto_iters4_phase_shifts2_NaiveFTFracDir_full_pi_is_1
 0.466268 0.689157 0.685439 0.854302 1.00035 0.886207 0.922846 0.875846 0.911287 1.15685 1.1609 1.02611 1.04362 1.06702 1.06189 1.05117 1.02168 1.08218 0.687397 0.721622 0.924274 0.977598 1.00737 1.06736 0.843552 1.13862 1.24342 0.990233 0.834416 0.810969 1.00024 0.718477 0.804287 0.837663 0.852756 0.85391 
RBFGaussian_iters5_phase_shifts2_NaiveFTFracDir_full_pi_is_1
 0.652877 0.772374 0.808316 0.986315 0.950427 0.969173 1.021 0.9882 1.0251 0.878481 0.77646 0.814168 0.927052 0.92083 0.871653 1.00007 0.978343 0.976713 0.611461 0.650661 1.04347 1.00099 1.07241 1.06568 1.42308 1.06329 1.19339 0.819173 0.737675 0.780371 1.10931 0.770745 0.827744 0.969201 0.930642 0.918497 
RBFBell_iters5_phase_shifts2_NaiveFTFracDir_full_pi_is_1
 0.652877 0.772374 0.808316 0.986315 0.950427 0.969173 1.021 0.9882 1.0251 0.878481 0.77646 0.814168 0.927052 0.92083 0.871653 1.00007 0.978343 0.976713 0.611461 0.650661 1.04347 1.00099 1.07241 1.06568 1.42308 1.06329 1.19339 0.819173 0.737675 0.780371 1.10931 0.770745 0.827744 0.969201 0.930642 0.918497 
RBFMultiquadricAuto_iters3_phase_shifts3_NaiveFTFracDir_full_pi_is_0
 0.752023 0.577082 0.530504 0.487424 0.768502 0.734051 0.732358 0.980867 0.953144 1.04844 0.988677 1.25968 1.06422 1.03425 1.03937 1.02331 1.00976 1.04932 0.875536 1.07352 1.08788 1.12832 0.988461 0.961499 0.965027 1.05237 1.13394 1.00677 1.01889 0.895855 0.949835 0.852884 0.771206 0.805002 0.818375 0.81076 
RBFBell_iters5_phase_shifts5_Naive_full_pi_is_1
 0.717792 1.28633 1.27681 1.29263 1.11627 1.01547 1.02406 0.991598 1.12345 0.560416 0.555365 0.650418 0.77686 0.853967 0.80506 0.861286 0.882624 0.885838 0.726034 0.698135 0.931944 0.765789 0.888072 0.927534 1.16788 1.09271 1.0046 0.825703 0.901446 0.903351 1.05128 0.777228 0.900205 0.977248 0.980796 0.976519 
RBFGaussian_iters5_phase_shifts5_Naive_full_pi_is_1
 0.717792 1.28633 1.27681 1.29263 1.11627 1.01547 1.02406 0.991598 1.12345 0.560416 0.555365 0.650418 0.77686 0.853967 0.80506 0.861286 0.882624 0.885838 0.726034 0.698135 0.931944 0.765789 0.888072 0.927534 1.16788 1.09271 1.0046 0.825703 0.901446 0.903351 1.05128 0.777228 0.900205 0.977248 0.980796 0.976519 
RBFMultiquadricAuto_iters4_phase_shifts7_NaiveFTFracDir_full_pi_is_0
 0.804624 0.65938 0.702718 0.743785 0.743316 0.725249 0.705004 0.835831 0.744184 0.778041 0.702945 0.981743 0.933227 0.952557 0.940402 0.974178 0.981226 1.02785 1.0985 1.25936 1.20617 1.25152 1.08177 1.03847 1.08325 1.07201 1.1289 0.385665 1.10239 1.01166 1.00934 0.847419 0.907194 0.894606 0.90736 0.93856 
IDW_iters5_phase_shifts2_Naive_full_pi_is_0
 0.748964 1.43693 1.39693 0.952661 0.84294 0.847941 0.866746 0.834586 0.758438 0.371434 0.49766 0.622727 0.714695 0.749491 0.79884 0.802682 0.832826 0.89125 1.24571 1.25502 1.14064 1.18041 1.06389 1.09297 0.942534 0.959655 0.960945 0.716498 0.720197 0.871431 0.849043 0.906729 1.01559 0.969546 1.00542 1.01143 
IDW_iters8_phase_shifts2_NaiveFTFracDir_full_pi_is_1
 0.812201 1.00771 0.909757 0.897539 0.982822 0.894449 0.917554 0.891264 0.797071 0.633077 0.635271 0.736552 0.77732 0.735348 0.787108 0.898857 0.881492 0.940559 0.847303 0.762076 1.03677 1.08284 1.15479 1.17949 1.16085 1.06356 1.24765 1.11474 1.03844 0.984085 0.923394 0.95575 0.966801 0.944 0.911501 0.917298 
IDW_iters9_phase_shifts3_NaiveFTFracDir_full_pi_is_1
 0.793473 0.837025 0.85525 0.98166 1.00056 0.986762 0.986356 0.912227 0.819714 0.447625 0.587795 0.70959 0.82082 0.77393 0.867636 0.8626 0.879301 0.935907 0.949444 0.754118 0.945877 0.919793 1.00531 1.2393 1.18537 0.997884 1.27926 1.04951 1.26452 0.852277 1.1155 0.813943 0.818026 0.94691 1.04036 1.03579 
RBFTPS_iters8_phase_shifts6_Naive_full_pi_is_1
 0.8237 1.37415 1.26111 1.40387 0.931027 1.05648 0.854686 1.03373 1.07698 0.426697 0.5008 0.53824 0.618298 0.742582 0.758446 0.749456 0.821234 0.817661 0.840327 0.534076 0.892926 0.932844 0.955436 1.04529 0.957705 1.08977 0.990142 0.866639 0.786727 0.892864 0.807304 1.24386 1.10536 1.05903 0.989808 1.07319 
RBFGaussian_iters5_phase_shifts4_NaiveFTFracDir_full_pi_is_1
 0.570938 0.965162 0.957396 0.946843 0.945386 0.912886 0.926619 0.899406 0.812801 0.541029 0.718234 0.760436 0.888626 0.92729 0.937179 0.982373 1.01711 1.02408 0.72409 0.809364 0.976277 0.890736 1.18211 1.29093 1.37329 1.13983 1.13633 0.608677 0.78642 0.995894 1.12243 0.756476 0.869113 0.914544 0.971109 0.963208 
RBFBell_iters5_phase_shifts4_NaiveFTFracDir_full_pi_is_1
 0.570938 0.965162 0.957396 0.946843 0.945386 0.912886 0.926619 0.899406 0.812801 0.541029 0.718234 0.760436 0.888626 0.92729 0.937179 0.982373 1.01711 1.02408 0.72409 0.809364 0.976277 0.890736 1.18211 1.29093 1.37329 1.13983 1.13633 0.608677 0.78642 0.995894 1.12243 0.756476 0.869113 0.914544 0.971109 0.963208 
RBFMultiquadricAuto_iters6_phase_shifts2_Naive_full_pi_is_1
 0.472777 0.847968 0.835753 0.908696 0.901972 0.806583 0.816499 0.831087 0.824403 0.951342 0.943665 1.09617 1.04375 1.08502 0.979232 0.992574 1.05401 0.960022 0.752809 0.817208 0.920326 0.944613 0.948429 1.15958 1.07465 1.21718 1.23777 0.563042 0.981579 0.916091 1.01901 0.788705 0.930484 0.917279 0.95078 0.935733 
RBFTPS_iters7_phase_shifts5_NaiveFTFracDir_full_pi_is_0
 1.52701 1.06989 1.13253 1.09042 1.11293 0.941598 0.988987 0.970749 0.786416 0.424104 0.503636 0.531807 0.619249 0.702764 0.772587 0.788412 0.799508 0.813015 0.90349 1.23508 1.17828 1.21992 1.10356 0.913191 0.938566 0.895934 0.89316 1.12128 0.789175 0.77653 0.857329 0.757062 0.832714 0.942057 1.00203 1.01559 
RBFMultiquadricManual_iters0_phase_shifts4_NaiveFTFracDir_full_pi_is_1
 0.853228 0.744804 0.746523 0.744069 0.936957 0.945266 0.944391 1.04511 1.04816 1.68749 1.50865 1.22692 1.13316 1.14682 1.12562 1.00108 1.05657 0.986373 1.28176 0.95642 0.758327 0.745856 0.719015 0.71422 0.557028 0.803091 0.797952 0.470933 0.682785 0.733075 0.75307 0.859977 0.780272 0.716915 0.74364 0.733115 
RBFMultiquadricManual_iters1_phase_shifts4_NaiveFTFracDir_full_pi_is_1
 0.853228 0.744804 0.746523 0.744069 0.936957 0.945266 0.944391 1.04511 1.04816 1.68749 1.50865 1.22692 1.13316 1.14682 1.12562 1.00108 1.05657 0.986373 1.28176 0.95642 0.758327 0.745856 0.719015 0.71422 0.557028 0.803091 0.797952 0.470933 0.682785 0.733075 0.75307 0.859977 0.780272 0.716915 0.74364 0.733115 
RBFMultiquadricAuto_iters2_phase_shifts3_Naive_full_pi_is_1
 0.524379 0.742025 0.751716 0.831177 0.934622 0.93461 0.936409 1.01075 1.07003 0.768573 0.870038 1.19936 1.18254 1.0951 1.07487 1.03079 0.990215 0.994439 0.771443 0.888731 0.957781 0.846418 0.873094 1.11506 1.12589 1.18285 1.12469 0.633925 0.881176 0.869369 0.9476 0.971748 0.804707 0.822756 0.83958 0.829986 
RBFBell_iters6_phase_shifts3_Naive_full_pi_is_1
 0.723023 1.16171 1.15269 1.08235 1.106 1.044 1.04925 0.946948 0.959793 0.861298 0.75385 0.848958 0.946273 1.03271 0.991628 1.02086 1.05332 0.983115 0.70661 0.666662 0.904994 0.779304 0.916275 0.899741 1.05011 0.944433 1.012 0.86801 0.899361 0.903736 0.986172 0.672205 0.765849 0.989562 0.94509 0.950008 
RBFGaussian_iters6_phase_shifts3_Naive_full_pi_is_1
 0.723023 1.16171 1.15269 1.08235 1.106 1.044 1.04925 0.946948 0.959793 0.861298 0.75385 0.848958 0.946273 1.03271 0.991628 1.02086 1.05332 0.983115 0.70661 0.666662 0.904994 0.779304 0.916275 0.899741 1.05011 0.944433 1.012 0.86801 0.899361 0.903736 0.986172 0.672205 0.765849 0.989562 0.94509 0.950008 
Makima_iters9_phase_shifts6_NaiveFTFracDir_full_pi_is_1
 0.718079 1.24984 1.25848 1.17135 1.01251 0.976436 0.959081 0.959686 0.776888 0.394147 0.499419 0.630689 0.724738 0.616352 0.641625 0.755327 0.806606 0.816052 0.916591 0.775115 0.863342 0.824397 0.927131 1.51818 1.24947 1.45619 1.47333 0.636089 1.1028 0.718427 0.746525 0.76466 0.86628 0.873423 0.943394 0.934862 
RBFTPS_iters8_phase_shifts8_NaiveFTFracDir_full_pi_is_0
 1.59091 1.04057 1.02695 0.953252 0.873537 0.749979 0.774625 0.79636 0.674992 0.401108 0.435261 0.581022 0.674984 0.749737 0.80392 0.853702 0.861483 0.87113 0.841059 1.23121 1.19217 1.19979 1.16614 0.932231 0.999195 0.934986 0.903746 1.1463 0.820994 0.939036 0.970282 0.885766 0.93824 0.996683 1.05787 1.07493 
RBFMultiquadricAuto_iters2_phase_shifts6_NaiveFTFracDir_full_pi_is_0
 0.497394 0.547553 0.57303 0.702465 0.850136 0.921206 0.92692 1.02662 0.947884 0.771625 0.781752 1.07141 1.01012 1.01974 1.00693 0.993081 0.982743 0.978387 1.1147 1.28186 1.18013 1.19438 1.13765 1.03559 0.956111 0.985698 1.05845 0.885169 0.820448 0.902269 0.98637 0.840451 0.868082 0.799072 0.848938 0.836201 
RBFMultiquadricManual_iters2_phase_shifts9_NaiveFTFracDir_full_pi_is_1
 0.519716 0.666936 0.639264 0.769398 0.898801 0.946629 0.947295 0.980395 0.968127 1.55243 1.26923 1.40915 1.23275 1.2368 1.1703 1.1158 1.11885 0.988769 0.629229 0.750616 0.912374 0.797091 1.04256 0.806601 0.756667 0.88002 0.797106 0.966175 0.752714 0.754431 0.847231 0.817433 0.80403 0.714503 0.743147 0.746774 
RBFGaussian_iters2_phase_shifts4_Naive_full_pi_is_0
 1.01222 1.22542 1.22807 1.11393 1.04764 1.02674 1.02867 1.18384 1.10768 0.444676 0.518925 0.66084 0.739482 0.804117 0.738624 0.814093 0.840585 0.847731 1.13642 0.971836 0.92999 0.972661 0.911196 0.70981 0.860576 0.748264 0.926984 1.0631 0.81401 0.974928 0.988184 0.980649 1.06482 0.954175 0.956437 0.984132 
RBFBell_iters2_phase_shifts4_Naive_full_pi_is_0
 1.01222 1.22542 1.22807 1.11393 1.04764 1.02674 1.02867 1.18384 1.10768 0.444676 0.518925 0.66084 0.739482 0.804117 0.738624 0.814093 0.840585 0.847731 1.13642 0.971836 0.92999 0.972661 0.911196 0.70981 0.860576 0.748264 0.926984 1.0631 0.81401 0.974928 0.988184 0.980649 1.06482 0.954175 0.956437 0.984132 
RBFMultiquadricManual_iters0_phase_shifts5_NaiveFTFracDir_full_pi_is_1
 0.843851 0.793965 0.784555 0.818998 0.988177 1.0557 1.01643 0.973093 1.08084 1.50349 1.29251 1.24418 1.09688 1.09146 1.08612 1.06177 1.05433 1.05568 1.13591 0.955437 0.730894 0.712008 0.705784 0.721217 0.614317 0.857909 0.778225 0.835678 0.996583 0.64364 0.756557 0.879644 0.7706 0.733406 0.762564 0.775204 
RBFMultiquadricManual_iters1_phase_shifts5_NaiveFTFracDir_full_pi_is_1
 0.843851 0.793965 0.784555 0.818998 0.988177 1.0557 1.01643 0.973093 1.08084 1.50349 1.29251 1.24418 1.09688 1.09146 1.08612 1.06177 1.05433 1.05568 1.13591 0.955437 0.730894 0.712008 0.705784 0.721217 0.614317 0.857909 0.778225 0.835678 0.996583 0.64364 0.756557 0.879644 0.7706 0.733406 0.762564 0.775204 
RBFTPS_iters9_phase_shifts3_NaiveFTFracDir_full_pi_is_1
 1.11246 1.20602 1.17148 1.17513 1.08513 1.03799 1.17252 0.957999 0.843611 0.42791 0.480264 0.607562 0.750524 0.744753 0.756591 0.887924 0.903145 0.878432 0.777571 0.771185 0.76467 0.93011 0.854375 1.02767 1.20688 1.1373 1.06504 0.960715 0.88669 0.895625 0.950827 1.03594 0.93824 0.945183 0.962581 0.987874 
RBFMultiquadricManual_iters2_phase_shifts8_NaiveFTFracDir_full_pi_is_1
 0.580717 0.604942 0.561773 0.632613 0.907224 0.946057 0.936399 0.99459 0.94808 1.48715 1.33747 1.55748 1.35323 1.30415 1.22318 1.1647 1.13996 1.01125 0.656733 0.739951 0.897656 0.796918 0.839857 1.02524 0.74832 0.866376 0.7616 0.444527 0.846247 0.688506 0.849023 0.752779 0.771018 0.733891 0.762812 0.761493 
Makima_iters8_phase_shifts8_NaiveFTFracDir_full_pi_is_0
 1.34237 0.974611 0.790226 0.973909 0.900047 0.844875 0.839653 0.895788 0.821941 0.423584 0.533248 0.603272 0.687871 0.688878 0.768651 0.776388 0.838003 0.922761 1.05825 1.39857 1.24983 1.24697 1.04469 1.06644 0.981493 1.0349 0.979236 1.2269 0.796981 0.917024 0.974092 0.789474 0.864894 0.884615 1.01326 1.02249 
RBFMultiquadricAuto_iters5_phase_shifts1_NaiveFTFracDir_full_pi_is_0
 0.888931 0.598459 0.575611 0.452903 0.855098 0.798292 0.800994 0.691073 0.625972 1.05668 1.09859 1.18354 0.852951 0.92255 1.03777 1.03448 0.995988 1.04658 0.956918 1.02071 1.09299 1.10331 1.04701 1.28849 1.23994 1.38021 1.26186 0.533358 1.00186 0.814686 0.910811 0.761897 0.771235 0.847603 0.784524 0.791639 
RBFMultiquadricAuto_iters5_phase_shifts1_Naive_full_pi_is_1
 0.888931 0.598459 0.575611 0.452903 0.855098 0.798292 0.800994 0.691073 0.625972 1.05668 1.09859 1.18354 0.852951 0.92255 1.03777 1.03448 0.995988 1.04658 0.956918 1.02071 1.09299 1.10331 1.04701 1.28849 1.23994 1.38021 1.26186 0.533358 1.00186 0.814686 0.910811 0.761897 0.771235 0.847603 0.784524 0.791639 
RBFMultiquadricAuto_iters5_phase_shifts1_Naive_full_pi_is_0
 0.888931 0.598459 0.575611 0.452903 0.855098 0.798292 0.800994 0.691073 0.625972 1.05668 1.09859 1.18354 0.852951 0.92255 1.03777 1.03448 0.995988 1.04658 0.956918 1.02071 1.09299 1.10331 1.04701 1.28849 1.23994 1.38021 1.26186 0.533358 1.00186 0.814686 0.910811 0.761897 0.771235 0.847603 0.784524 0.791639 
RBFMultiquadricAuto_iters5_phase_shifts1_NaiveFTFracDir_full_pi_is_1
 0.888931 0.598459 0.575611 0.452903 0.855098 0.798292 0.800994 0.691073 0.625972 1.05668 1.09859 1.18354 0.852951 0.92255 1.03777 1.03448 0.995988 1.04658 0.956918 1.02071 1.09299 1.10331 1.04701 1.28849 1.23994 1.38021 1.26186 0.533358 1.00186 0.814686 0.910811 0.761897 0.771235 0.847603 0.784524 0.791639 
RBFTPS_iters8_phase_shifts6_NaiveFTFracDir_full_pi_is_1
 0.922434 1.64095 1.34274 1.27921 1.12138 0.994063 0.998179 1.00114 0.931688 0.389026 0.370105 0.497294 0.684493 0.750478 0.760545 0.801972 0.824415 0.79769 0.782425 0.727218 0.794549 0.895023 0.948519 1.13941 1.18433 1.18073 1.14122 0.456494 1.13309 0.750066 0.91531 0.913454 0.913299 0.893813 0.936923 0.94655 
Makima_iters6_phase_shifts8_NaiveFTFracDir_full_pi_is_1
 0.692196 1.35386 1.34888 1.14068 0.991564 0.994386 1.10552 0.888733 0.762356 0.404623 0.514691 0.694092 0.608709 0.552878 0.684242 0.752927 0.754674 0.755227 0.752013 0.760109 1.12897 0.979851 1.13813 1.67556 1.50164 1.45706 1.21199 0.63109 0.809185 0.604564 0.72669 0.797316 0.725164 0.795913 0.835674 0.840481 
RBFTPS_iters9_phase_shifts5_NaiveFTFracDir_full_pi_is_1
 0.945552 1.11386 1.11276 1.1449 0.982392 0.995769 1.0241 0.955269 0.84971 0.396595 0.442205 0.565266 0.681654 0.743551 0.639477 0.917169 0.816676 0.805393 0.90641 0.921335 0.875002 0.752693 1.32978 1.38216 1.29748 1.2302 1.16182 0.614418 0.996563 0.788406 0.880794 0.931733 0.935457 0.958871 1.02284 0.975425 
RBFTPS_iters8_phase_shifts4_NaiveFTFracDir_full_pi_is_1
 1.00525 1.18395 1.10335 1.22672 1.0146 1.09684 0.997873 0.945905 0.945973 0.431864 0.499376 0.492836 0.718389 0.786119 0.76728 0.829857 0.882748 0.828948 0.738581 0.749313 0.772802 1.10074 1.00325 1.23048 1.15618 1.12328 1.10059 0.913241 0.960819 0.862361 0.916777 0.952311 0.99253 0.923322 1.04803 1.04836 
IDW_iters8_phase_shifts4_Naive_full_pi_is_1
 0.618563 1.04642 1.09101 1.26068 1.00623 1.04134 1.03319 0.995263 0.920977 0.419941 0.564403 0.557801 0.692898 0.680187 0.765843 0.853531 0.885212 0.901597 0.732271 0.84046 1.05752 0.795942 1.00873 1.08504 0.926742 1.06388 1.25316 1.24315 0.72259 0.971162 1.01141 1.07672 1.01348 1.02985 1.05994 1.09603 
RBFGaussian_iters5_phase_shifts4_Naive_full_pi_is_1
 0.377122 1.04384 1.03574 1.13571 1.04518 0.96209 0.936715 0.907268 1.03617 0.934254 0.853231 0.929371 0.99432 1.01362 0.965105 1.02896 1.02618 1.02836 0.679382 0.983224 0.917256 0.751006 0.850476 0.982752 1.18146 1.09993 1.14191 0.442664 0.915382 0.911541 0.993077 0.754521 0.854753 0.993526 0.942573 0.933855 
RBFBell_iters5_phase_shifts4_Naive_full_pi_is_1
 0.377122 1.04384 1.03574 1.13571 1.04518 0.96209 0.936715 0.907268 1.03617 0.934254 0.853231 0.929371 0.99432 1.01362 0.965105 1.02896 1.02618 1.02836 0.679382 0.983224 0.917256 0.751006 0.850476 0.982752 1.18146 1.09993 1.14191 0.442664 0.915382 0.911541 0.993077 0.754521 0.854753 0.993526 0.942573 0.933855 
RBFMultiquadricAuto_iters0_phase_shifts6_Naive_full_pi_is_1
 0.89097 0.759667 0.739905 0.847699 0.983915 1.15035 1.14482 1.08111 1.02392 0.609766 0.632728 0.879849 0.943315 0.901516 0.953983 0.927958 0.864192 0.829347 0.953408 0.977973 0.816923 0.776068 0.784463 1.4219 1.35896 1.34193 1.04756 0.762186 0.943452 0.892691 0.897875 0.875875 0.871854 0.866912 0.885085 0.877923 
RBFMultiquadricAuto_iters1_phase_shifts6_Naive_full_pi_is_1
 0.89097 0.759667 0.739905 0.847699 0.983915 1.15035 1.14482 1.08111 1.02392 0.609766 0.632728 0.879849 0.943315 0.901516 0.953983 0.927958 0.864192 0.829347 0.953408 0.977973 0.816923 0.776068 0.784463 1.4219 1.35896 1.34193 1.04756 0.762186 0.943452 0.892691 0.897875 0.875875 0.871854 0.866912 0.885085 0.877923 
RBFGaussian_iters7_phase_shifts2_NaiveFTFracDir_full_pi_is_0
 1.46531 0.692746 0.654031 0.75142 0.976549 0.96225 0.891132 0.839111 0.694157 0.793657 0.866164 0.934074 0.908143 0.948484 0.981848 0.907023 0.982902 0.975256 1.02183 1.05918 1.10886 1.10126 1.04278 0.831995 0.825778 0.947175 1.07596 0.909295 1.1812 0.803791 0.931373 0.77856 0.928517 0.979061 0.991036 0.995788 
RBFBell_iters7_phase_shifts2_NaiveFTFracDir_full_pi_is_0
 1.46531 0.692746 0.654031 0.75142 0.976549 0.96225 0.891132 0.839111 0.694157 0.793657 0.866164 0.934074 0.908143 0.948484 0.981848 0.907023 0.982902 0.975256 1.02183 1.05918 1.10886 1.10126 1.04278 0.831995 0.825778 0.947175 1.07596 0.909295 1.1812 0.803791 0.931373 0.77856 0.928517 0.979061 0.991036 0.995788 
IDW_iters7_phase_shifts9_NaiveFTFracDir_full_pi_is_1
 0.66818 1.2726 1.11637 1.17112 1.0906 1.11212 1.09438 0.916907 0.800387 0.355359 0.554845 0.571003 0.64494 0.601085 0.677251 0.776196 0.821038 0.845633 0.73919 0.739363 0.909144 0.880442 0.944045 1.28579 1.49024 1.21805 1.21362 1.20209 1.16115 0.789893 0.875398 0.718213 0.840148 0.950682 0.953952 1.01334 
IDW_iters3_phase_shifts3_Naive_full_pi_is_0
 0.976174 1.08681 1.03792 0.935237 0.928479 0.964654 0.967186 0.974992 0.903987 0.350935 0.483478 0.504822 0.69617 0.673665 0.846444 0.8248 0.842659 0.845365 1.5783 1.09018 0.959715 1.01848 1.08394 0.886714 0.989448 0.868998 0.823333 1.25344 0.799286 0.93287 1.05287 1.18362 1.05747 0.957176 0.969244 0.957068 
IDW_iters9_phase_shifts9_NaiveFTFracDir_full_pi_is_1
 0.706988 1.04108 1.05546 1.0717 1.10189 0.975969 1.23496 0.898091 0.781743 0.485717 0.611858 0.600949 0.662794 0.655283 0.815338 0.822945 0.852328 0.910487 0.968108 0.896961 0.89538 0.893282 0.879455 1.47863 1.53614 1.26128 1.3089 0.868174 1.12005 0.582786 0.688611 0.694711 0.857307 0.884193 1.00648 0.975908 
RBFMultiquadricAuto_iters1_phase_shifts7_Naive_full_pi_is_1
 0.892539 0.769442 0.749823 0.856167 0.988773 1.15465 1.1484 1.06631 1.02669 0.634083 0.651815 0.923339 0.961144 0.92157 0.974928 0.947877 0.881066 0.844972 0.933247 0.993134 0.827561 0.789252 0.78739 1.42591 1.36382 1.35112 1.05521 0.509637 0.902728 0.89985 0.901866 0.877626 0.872633 0.869923 0.885191 0.880315 
RBFMultiquadricAuto_iters0_phase_shifts7_Naive_full_pi_is_1
 0.892539 0.769442 0.749823 0.856167 0.988773 1.15465 1.1484 1.06631 1.02669 0.634083 0.651815 0.923339 0.961144 0.92157 0.974928 0.947877 0.881066 0.844972 0.933247 0.993134 0.827561 0.789252 0.78739 1.42591 1.36382 1.35112 1.05521 0.509637 0.902728 0.89985 0.901866 0.877626 0.872633 0.869923 0.885191 0.880315 
RBFTPS_iters3_phase_shifts4_Naive_full_pi_is_0
 0.671939 1.02594 1.04832 1.05083 1.00135 0.933761 0.96744 0.99739 1.05568 0.388056 0.440308 0.532146 0.740332 0.719623 0.731339 0.802058 0.783736 0.796896 1.01908 1.18946 1.08384 1.12301 1.04336 1.12594 0.877584 0.862404 1.00004 0.932323 0.725758 1.05316 1.09059 1.19179 1.15589 1.04133 1.0796 1.12059 
RBFTPS_iters9_phase_shifts5_NaiveFTFracDir_full_pi_is_0
 1.5854 1.11138 1.0232 1.1719 0.862264 0.869059 0.900463 0.721861 0.61533 0.408422 0.507217 0.546901 0.650813 0.740523 0.800879 0.808449 0.8666 0.853256 0.762713 1.23891 1.19702 1.21214 1.10944 1.04498 0.930978 0.958424 0.899642 1.11971 1.11581 0.822609 0.876992 0.803388 0.923289 0.962169 1.06292 1.09275 
RBFMultiquadricAuto_iters2_phase_shifts8_NaiveFTFracDir_full_pi_is_0
 0.689211 0.463109 0.487986 0.561646 0.786263 0.894363 0.893305 1.01576 0.923734 0.74517 0.770654 1.06045 0.980849 1.03175 0.961616 0.981003 0.968921 0.952227 1.15157 1.27558 1.16629 1.15787 1.11498 1.00916 1.02587 0.995342 1.08868 1.29064 1.02038 0.882391 0.981014 0.811708 0.871496 0.802699 0.855022 0.848853 
RBFMultiquadricAuto_iters4_phase_shifts1_NaiveFTFracDir_full_pi_is_0
 0.815974 0.570463 0.550997 0.430628 0.818606 0.783359 0.783171 0.677426 0.649761 1.01386 1.04894 1.17914 0.929114 0.878124 1.01669 1.0096 0.966817 1.00389 1.0493 0.986016 1.09392 1.10011 1.04635 1.23107 1.15852 1.3409 1.36162 1.01716 1.06354 0.874856 0.996597 0.740355 0.773699 0.830229 0.830788 0.784633 
RBFMultiquadricAuto_iters4_phase_shifts1_NaiveFTFracDir_full_pi_is_1
 0.815974 0.570463 0.550997 0.430628 0.818606 0.783359 0.783171 0.677426 0.649761 1.01386 1.04894 1.17914 0.929114 0.878124 1.01669 1.0096 0.966817 1.00389 1.0493 0.986016 1.09392 1.10011 1.04635 1.23107 1.15852 1.3409 1.36162 1.01716 1.06354 0.874856 0.996597 0.740355 0.773699 0.830229 0.830788 0.784633 
RBFMultiquadricAuto_iters4_phase_shifts1_Naive_full_pi_is_0
 0.815974 0.570463 0.550997 0.430628 0.818606 0.783359 0.783171 0.677426 0.649761 1.01386 1.04894 1.17914 0.929114 0.878124 1.01669 1.0096 0.966817 1.00389 1.0493 0.986016 1.09392 1.10011 1.04635 1.23107 1.15852 1.3409 1.36162 1.01716 1.06354 0.874856 0.996597 0.740355 0.773699 0.830229 0.830788 0.784633 
RBFMultiquadricAuto_iters4_phase_shifts1_Naive_full_pi_is_1
 0.815974 0.570463 0.550997 0.430628 0.818606 0.783359 0.783171 0.677426 0.649761 1.01386 1.04894 1.17914 0.929114 0.878124 1.01669 1.0096 0.966817 1.00389 1.0493 0.986016 1.09392 1.10011 1.04635 1.23107 1.15852 1.3409 1.36162 1.01716 1.06354 0.874856 0.996597 0.740355 0.773699 0.830229 0.830788 0.784633 
RBFTPS_iters5_phase_shifts7_NaiveFTFracDir_full_pi_is_1
 0.734989 0.993457 0.991672 0.979191 0.98591 0.882938 0.869033 0.923646 0.826728 0.375897 0.41612 0.510063 0.599898 0.591752 0.677747 0.751132 0.717251 0.753709 0.73131 0.740038 0.972006 0.907381 1.09426 1.20838 0.99882 1.08954 1.12587 2.63912 1.14966 0.707333 0.874938 0.62964 0.788934 0.837962 0.85642 0.871802 
RBFGaussian_iters3_phase_shifts7_NaiveFTFracDir_full_pi_is_1
 0.493494 0.765531 0.714192 0.717806 0.875967 0.888376 0.87274 1.02093 1.02333 0.517043 0.507802 0.665121 0.650644 0.680796 0.690334 0.777058 0.81595 0.766282 0.673834 0.631585 0.943939 0.857394 1.11594 1.0493 1.05666 0.912514 1.03797 2.95522 1.20916 0.758134 0.863763 0.67039 0.73404 0.77577 0.791571 0.773293 
RBFBell_iters3_phase_shifts7_NaiveFTFracDir_full_pi_is_1
 0.493494 0.765531 0.714192 0.717806 0.875967 0.888376 0.87274 1.02093 1.02333 0.517043 0.507802 0.665121 0.650644 0.680796 0.690334 0.777058 0.81595 0.766282 0.673834 0.631585 0.943939 0.857394 1.11594 1.0493 1.05666 0.912514 1.03797 2.95522 1.20916 0.758134 0.863763 0.67039 0.73404 0.77577 0.791571 0.773293 
RBFBell_iters5_phase_shifts6_Naive_full_pi_is_1
 0.617685 1.16965 1.18718 1.07871 1.09647 1.01183 1.01724 0.984092 1.22088 0.544436 0.795244 0.728987 0.862244 0.926258 0.882373 0.914693 0.941118 0.925888 0.927029 0.842743 0.780613 0.761652 0.884438 1.08971 1.18994 1.10054 0.990825 0.720111 0.947702 0.887659 0.999194 0.809682 0.949158 1.04686 1.00999 0.981223 
RBFGaussian_iters5_phase_shifts6_Naive_full_pi_is_1
 0.617685 1.16965 1.18718 1.07871 1.09647 1.01183 1.01724 0.984092 1.22088 0.544436 0.795244 0.728987 0.862244 0.926258 0.882373 0.914693 0.941118 0.925888 0.927029 0.842743 0.780613 0.761652 0.884438 1.08971 1.18994 1.10054 0.990825 0.720111 0.947702 0.887659 0.999194 0.809682 0.949158 1.04686 1.00999 0.981223 
RBFMultiquadricAuto_iters2_phase_shifts9_NaiveFTFracDir_full_pi_is_0
 0.733265 0.50467 0.53312 0.627414 0.837716 0.93911 0.943749 1.03335 0.925546 0.833044 0.815986 1.07435 1.05463 1.01751 1.00068 0.974655 0.966141 0.961014 1.22218 1.31168 1.20266 1.20047 1.12737 1.00286 1.01755 0.975849 0.982386 1.20343 0.778304 0.89815 0.933607 0.795785 0.844713 0.758791 0.817102 0.811652 
RBFMultiquadricAuto_iters3_phase_shifts7_NaiveFTFracDir_full_pi_is_1
 0.626598 0.635969 0.657567 0.771217 0.92293 0.916065 0.914001 1.0527 0.953117 0.589036 0.541207 0.778061 0.803599 0.82267 0.839355 0.870283 0.892565 0.850522 0.689948 0.733257 1.15795 0.929915 1.12652 1.10208 1.05346 1.15106 1.16469 2.45473 1.14031 0.674992 0.806204 0.681691 0.718632 0.772783 0.794881 0.788546 
RBFGaussian_iters9_phase_shifts2_NaiveFTFracDir_full_pi_is_0
 1.27833 0.749302 0.94234 0.671737 0.94563 0.86635 0.871661 0.831443 0.697804 0.932441 1.0877 0.980435 1.00425 1.00781 1.01673 1.00461 0.976086 1.05817 0.735178 1.00879 1.04511 1.1254 1.00834 0.857587 0.855667 0.944059 1.09699 0.424932 1.1124 0.848302 1.00341 0.798423 0.878982 1.04699 1.0999 1.03186 
RBFBell_iters9_phase_shifts2_NaiveFTFracDir_full_pi_is_0
 1.27833 0.749302 0.94234 0.671737 0.94563 0.86635 0.871661 0.831443 0.697804 0.932441 1.0877 0.980435 1.00425 1.00781 1.01673 1.00461 0.976086 1.05817 0.735178 1.00879 1.04511 1.1254 1.00834 0.857587 0.855667 0.944059 1.09699 0.424932 1.1124 0.848302 1.00341 0.798423 0.878982 1.04699 1.0999 1.03186 
Makima_iters7_phase_shifts5_Naive_full_pi_is_1
 0.749686 1.41092 1.37793 1.25306 1.01406 1.09225 0.95789 1.0507 0.860509 0.410099 0.557666 0.50737 0.565846 0.648866 0.642128 0.62644 0.714037 0.717613 0.72866 0.426123 1.13607 0.694323 1.09364 1.23929 1.33753 1.20674 1.26066 1.81457 0.931493 0.605264 0.678066 0.895655 0.710238 0.783534 0.84042 0.847109 
RBFBell_iters4_phase_shifts2_Naive_full_pi_is_0
 1.17107 1.08923 1.09784 1.00108 0.909162 0.901569 0.904895 0.894362 0.992382 0.675196 0.636761 0.859611 0.936388 0.844689 0.872297 0.913625 0.958977 0.988144 0.910664 1.04843 1.1322 1.19299 1.11861 0.7796 0.920826 0.868347 0.998794 0.450868 0.699857 1.0156 1.01173 0.966294 1.00767 1.07294 1.03185 1.01466 
RBFGaussian_iters4_phase_shifts2_Naive_full_pi_is_0
 1.17107 1.08923 1.09784 1.00108 0.909162 0.901569 0.904895 0.894362 0.992382 0.675196 0.636761 0.859611 0.936388 0.844689 0.872297 0.913625 0.958977 0.988144 0.910664 1.04843 1.1322 1.19299 1.11861 0.7796 0.920826 0.868347 0.998794 0.450868 0.699857 1.0156 1.01173 0.966294 1.00767 1.07294 1.03185 1.01466 
RBFMultiquadricAuto_iters3_phase_shifts2_Naive_full_pi_is_1
 0.5516 0.714893 0.707312 0.761875 0.863244 0.872618 0.861077 0.923711 0.816907 1.27358 1.01737 1.35863 1.23433 1.23673 1.12066 1.1308 1.06617 1.09926 0.735847 0.769101 0.832412 0.850159 0.866516 0.915692 0.926999 1.1072 1.18201 0.902564 0.984192 0.90643 1.00375 0.749311 0.820941 0.866901 0.858623 0.858474 
RBFTPS_iters9_phase_shifts8_NaiveFTFracDir_full_pi_is_1
 1.02911 1.20902 1.11896 1.01182 1.03043 0.970426 0.968812 0.997699 0.914688 0.397321 0.525753 0.490571 0.699628 0.732087 0.717407 0.835451 0.869046 0.81911 0.915538 0.799007 0.865644 0.828151 1.02449 1.21384 1.21762 1.29748 1.31513 1.16087 0.976096 0.826238 0.910124 0.974971 0.942451 0.959182 0.989623 1.0071 
RBFTPS_iters8_phase_shifts6_NaiveFTFracDir_full_pi_is_0
 1.54883 1.0859 1.11004 1.11922 1.05411 0.924558 0.7827 0.777092 0.6479 0.365627 0.579985 0.597419 0.696542 0.753617 0.809352 0.828965 0.873436 0.880668 0.843044 1.2357 1.21194 1.22375 1.14796 0.919375 0.974668 0.91875 0.934683 1.38736 0.750215 0.879708 0.907235 0.833025 0.871522 0.909929 0.985194 1.01039 
RBFMultiquadricManual_iters1_phase_shifts3_Naive_full_pi_is_1
 0.849456 0.711833 0.704968 0.782952 0.908569 0.905616 0.942661 0.981807 0.965538 1.41349 1.13914 1.33197 1.12903 1.16496 1.1535 1.11534 1.00985 0.942225 0.827059 0.985268 0.790053 0.745703 0.797758 0.937719 0.893919 0.917908 0.816623 1.30705 0.877365 0.799731 0.864277 0.844525 0.8244 0.801639 0.810124 0.824978 
RBFMultiquadricManual_iters0_phase_shifts3_Naive_full_pi_is_1
 0.849456 0.711833 0.704968 0.782952 0.908569 0.905616 0.942661 0.981807 0.965538 1.41349 1.13914 1.33197 1.12903 1.16496 1.1535 1.11534 1.00985 0.942225 0.827059 0.985268 0.790053 0.745703 0.797758 0.937719 0.893919 0.917908 0.816623 1.30705 0.877365 0.799731 0.864277 0.844525 0.8244 0.801639 0.810124 0.824978 
IDW_iters8_phase_shifts3_NaiveFTFracDir_full_pi_is_1
 1.11474 1.11208 1.1652 0.987853 1.01853 0.996382 0.981776 0.978609 0.824467 0.550773 0.551018 0.687943 0.809272 0.837564 0.859619 0.911125 0.912346 0.942978 0.862663 0.656157 0.970522 0.880219 0.893329 1.043 1.1632 1.11039 1.20124 1.07135 1.36153 0.971219 0.991623 0.870454 0.876567 0.853803 0.883976 0.957528 
Makima_iters9_phase_shifts8_NaiveFTFracDir_full_pi_is_1
 0.82693 0.807626 0.80222 0.790595 0.901671 0.874828 0.877435 0.853385 0.716523 0.520912 0.660137 0.757108 0.664394 0.587736 0.675858 0.860267 0.862791 0.895464 0.95967 0.852786 0.832782 1.12297 1.00178 1.6748 1.61744 1.6109 1.64903 0.654696 0.996355 0.773577 0.909934 0.670779 0.766039 0.89325 0.959872 0.954469 
Makima_iters9_phase_shifts5_NaiveFTFracDir_full_pi_is_0
 1.34244 0.932823 0.960267 1.03037 0.914661 0.836621 0.84153 1.08521 0.811966 0.467711 0.540307 0.621815 0.652642 0.639184 0.747311 0.733904 0.83658 0.862613 1.04603 1.45696 1.27732 1.24744 1.07771 1.10132 0.974478 1.07184 1.03884 1.47594 0.981957 0.777126 0.762877 0.705021 0.790414 0.821789 0.954276 0.942917 
RBFMultiquadricAuto_iters1_phase_shifts8_Naive_full_pi_is_1
 0.894155 0.786514 0.764855 0.858791 0.996363 1.16489 1.15857 1.07221 1.03629 0.63098 0.653286 0.909805 0.959072 0.926751 0.981722 0.951801 0.884522 0.84893 0.915994 0.99257 0.830216 0.790728 0.796194 1.4509 1.38754 1.37228 1.06723 0.517579 0.911739 0.904112 0.90625 0.881744 0.877663 0.874744 0.889967 0.885444 
RBFMultiquadricAuto_iters0_phase_shifts8_Naive_full_pi_is_1
 0.894155 0.786514 0.764855 0.858791 0.996363 1.16489 1.15857 1.07221 1.03629 0.63098 0.653286 0.909805 0.959072 0.926751 0.981722 0.951801 0.884522 0.84893 0.915994 0.99257 0.830216 0.790728 0.796194 1.4509 1.38754 1.37228 1.06723 0.517579 0.911739 0.904112 0.90625 0.881744 0.877663 0.874744 0.889967 0.885444 
Makima_iters9_phase_shifts2_Naive_full_pi_is_0
 1.14201 0.981914 1.00004 1.14223 1.13868 0.60705 0.637802 0.719049 0.925769 0.436997 0.578824 0.828146 0.729763 0.742808 0.820517 0.741232 0.862476 0.901174 1.12069 1.36436 1.2242 1.20121 1.08709 0.922872 0.865058 1.02624 1.04999 0.864297 0.89749 0.745859 0.634382 1.02842 1.25797 1.04933 1.13477 1.13298 
RBFMultiquadricAuto_iters4_phase_shifts4_NaiveFTFracDir_full_pi_is_1
 0.467798 0.767274 0.70246 0.813471 0.886048 0.89238 0.916062 0.922091 0.773586 0.658336 0.728714 0.758417 0.856384 1.23216 1.16952 1.16917 1.11733 1.14212 0.715558 0.774132 1.26201 1.03284 1.11478 1.14068 1.03477 1.27522 1.28974 0.937204 1.03911 0.837954 0.938051 0.750185 0.884823 0.883223 0.909719 0.922718 
RBFTPS_iters8_phase_shifts9_NaiveFTFracDir_full_pi_is_1
 1.04774 1.0708 1.30479 1.17742 1.03636 0.966243 0.983273 1.00593 0.888241 0.438688 0.443833 0.49878 0.671926 0.796192 0.616483 0.773811 0.785881 0.773884 0.908871 0.966618 0.827826 0.860454 0.950643 1.22108 1.2211 1.2267 1.26136 0.916509 1.16103 0.884752 0.953705 0.981843 0.967998 0.970731 1.00872 1.0007 
RBFBell_iters8_phase_shifts2_NaiveFTFracDir_full_pi_is_0
 1.54327 0.706836 0.672975 0.624586 0.912991 0.885465 0.875114 0.833471 0.660156 0.862131 0.902956 0.961066 0.9355 0.953061 0.972518 0.92182 0.963404 1.02338 1.26796 1.01668 1.0553 1.11131 1.0016 0.827584 0.837067 0.964191 1.11187 0.507146 1.13665 0.825358 0.999256 0.808543 0.984097 1.00965 1.0914 1.03047 
RBFGaussian_iters8_phase_shifts2_NaiveFTFracDir_full_pi_is_0
 1.54327 0.706836 0.672975 0.624586 0.912991 0.885465 0.875114 0.833471 0.660156 0.862131 0.902956 0.961066 0.9355 0.953061 0.972518 0.92182 0.963404 1.02338 1.26796 1.01668 1.0553 1.11131 1.0016 0.827584 0.837067 0.964191 1.11187 0.507146 1.13665 0.825358 0.999256 0.808543 0.984097 1.00965 1.0914 1.03047 
RBFMultiquadricAuto_iters4_phase_shifts3_NaiveFTFracDir_full_pi_is_1
 0.493519 1.01069 1.01994 0.961207 0.935294 0.9175 0.916903 0.983548 0.810545 0.533234 0.532697 0.709713 0.753158 0.984416 1.05553 1.07906 1.01627 1.03586 0.741059 0.749976 1.08566 0.998069 1.05249 1.05051 1.17295 1.14383 1.26395 0.753395 1.16908 0.913789 1.13643 0.944915 1.03779 0.953101 0.96779 0.957617 
IDW_iters5_phase_shifts4_NaiveFTFracDir_full_pi_is_0
 0.725245 0.821762 0.89112 1.00134 0.845358 0.898446 0.865765 0.771461 0.662985 0.398268 0.512515 0.591751 0.637482 0.670664 0.706016 0.738896 0.737912 0.797519 1.1088 1.24319 1.09111 1.14924 1.02963 0.933657 0.947009 0.854461 0.935545 2.73571 1.25092 0.650163 0.666326 0.63837 0.765654 0.862261 0.846872 0.860706 
RBFTPS_iters7_phase_shifts8_Naive_full_pi_is_1
 0.812403 1.31805 1.43177 1.48227 1.05849 0.968044 0.998642 1.01576 0.982696 0.38555 0.489096 0.659551 0.630558 0.749566 0.712946 0.751656 0.83346 0.834037 0.866965 0.856579 0.930991 0.924902 0.967196 0.918116 1.06353 1.02902 1.01084 0.83985 0.858685 0.88348 0.797774 1.26056 1.11962 1.06164 1.00061 1.02344 
Makima_iters3_phase_shifts5_Naive_full_pi_is_0
 0.861618 0.952619 0.941288 1.24974 1.06675 1.04693 1.03554 0.79187 0.774077 0.361785 0.462856 0.623 0.751239 0.757266 0.848821 0.840081 0.824828 0.873201 1.1967 1.1298 0.988259 1.02796 0.965456 0.948316 1.11277 0.849335 0.874496 1.25342 0.801366 1.13264 1.25057 1.06895 0.998253 0.985432 1.03228 1.06621 
RBFMultiquadricAuto_iters4_phase_shifts9_NaiveFTFracDir_full_pi_is_0
 0.752254 0.646121 0.677604 0.741307 0.784711 0.736026 0.740337 0.836332 0.723704 0.760114 0.728151 0.962541 0.926197 0.906989 0.898193 0.959116 0.953857 0.950558 1.1899 1.32881 1.25252 1.27638 1.11394 1.00159 1.06136 1.0503 1.11237 1.18033 0.989074 0.985822 1.05238 0.89115 0.948034 0.916872 0.9332 0.966466 
RBFTPS_iters9_phase_shifts6_NaiveFTFracDir_full_pi_is_1
 1.06028 1.37766 1.44606 1.35377 1.10998 1.02463 1.05234 1.02012 0.928819 0.340242 0.483129 0.542648 0.732696 0.777461 0.784105 0.83154 0.856512 0.809766 0.746224 0.6053 0.785593 0.737886 0.894397 1.26232 1.21415 1.21123 1.20746 0.634218 1.19309 0.823894 0.852757 0.924152 0.887314 0.886925 0.947528 0.963113 
Makima_iters4_phase_shifts7_NaiveFTFracDir_full_pi_is_1
 0.749983 1.06679 1.17757 1.03717 0.899988 0.815322 0.833662 0.894913 0.791094 0.373512 0.379894 0.46507 0.610318 0.560565 0.665458 0.667069 0.672414 0.696786 0.68558 0.562854 1.00108 0.811391 1.03351 1.43336 1.43713 1.11462 0.91527 2.88145 1.05287 0.570539 0.719102 0.593193 0.653517 0.696415 0.745391 0.735029 
RBFGaussian_iters5_phase_shifts6_NaiveFTFracDir_full_pi_is_0
 1.15419 0.819949 0.834181 1.01506 0.981189 0.935715 0.886332 0.867455 0.75687 0.61355 0.738365 0.76086 0.878799 0.915507 0.948484 0.989549 1.01459 1.0415 1.08187 1.1817 1.11597 1.22318 1.07703 0.800449 0.989886 0.886152 1.00137 1.11515 0.836609 0.952714 1.05619 0.882977 0.94382 0.971435 0.973769 0.967343 
RBFBell_iters5_phase_shifts6_NaiveFTFracDir_full_pi_is_0
 1.15419 0.819949 0.834181 1.01506 0.981189 0.935715 0.886332 0.867455 0.75687 0.61355 0.738365 0.76086 0.878799 0.915507 0.948484 0.989549 1.01459 1.0415 1.08187 1.1817 1.11597 1.22318 1.07703 0.800449 0.989886 0.886152 1.00137 1.11515 0.836609 0.952714 1.05619 0.882977 0.94382 0.971435 0.973769 0.967343 
RBFMultiquadricManual_iters1_phase_shifts2_Naive_full_pi_is_1
 1.00752 0.650061 0.637995 0.670991 0.939079 0.885526 0.959815 1.02562 0.939962 1.34637 1.19761 1.29354 1.10426 1.12382 1.07824 1.03543 0.952766 0.906999 0.867041 1.02722 0.819137 0.792773 0.796471 0.879199 0.849288 0.909862 0.793914 1.65376 0.889188 0.77582 0.843105 0.882571 0.829917 0.798595 0.805352 0.819228 
RBFMultiquadricManual_iters0_phase_shifts2_Naive_full_pi_is_1
 1.00752 0.650061 0.637995 0.670991 0.939079 0.885526 0.959815 1.02562 0.939962 1.34637 1.19761 1.29354 1.10426 1.12382 1.07824 1.03543 0.952766 0.906999 0.867041 1.02722 0.819137 0.792773 0.796471 0.879199 0.849288 0.909862 0.793914 1.65376 0.889188 0.77582 0.843105 0.882571 0.829917 0.798595 0.805352 0.819228 
RBFTPS_iters9_phase_shifts7_NaiveFTFracDir_full_pi_is_0
 1.5148 1.08875 1.10195 1.07671 0.93198 0.802024 1.06114 0.776818 0.683665 0.408497 0.486882 0.625881 0.7101 0.77461 0.851553 0.860474 0.898404 0.896231 0.916753 1.22191 1.20681 1.22268 1.14486 0.955802 1.05779 0.972901 1.05173 0.898088 0.818454 0.924759 0.895451 0.894366 0.921585 0.991707 1.05443 1.04482 
IDW_iters7_phase_shifts6_Naive_full_pi_is_1
 0.755445 1.12382 1.1769 1.33295 1.05612 1.14781 1.07141 1.00205 0.96485 0.429574 0.610378 0.589842 0.770749 0.682473 0.775036 0.807321 0.856601 0.899928 0.831591 0.940052 1.01284 0.788115 1.0506 0.977854 1.15565 1.04681 1.27019 0.870545 0.750694 0.94331 0.971114 1.01236 1.04775 1.03119 1.0505 1.0737 
RBFMultiquadricAuto_iters4_phase_shifts2_Naive_full_pi_is_1
 0.510966 0.800457 0.824127 0.85096 0.869337 0.830515 0.859403 0.819203 0.772657 1.19231 0.983335 1.30794 1.18536 1.1444 1.03005 1.0478 1.06456 1.02901 0.742961 0.801563 0.959446 0.889139 0.909644 1.06914 0.985027 1.15317 1.23161 0.391771 1.13151 0.999321 1.1257 0.766855 0.907289 0.90611 0.916015 0.907296 
IDW_iters7_phase_shifts9_Naive_full_pi_is_1
 0.496235 1.04607 1.08012 1.20158 0.944023 0.965969 0.957499 0.948493 0.921527 0.405604 0.613589 0.704694 0.791207 0.693321 0.777839 0.832109 0.894601 0.932582 1.00022 0.667134 1.19228 0.813468 1.03989 1.18745 1.40025 1.16561 1.41622 1.03213 0.72377 0.991963 0.797476 0.995934 0.938871 1.02763 1.03314 1.05665 
RBFTPS_iters9_phase_shifts9_NaiveFTFracDir_full_pi_is_0
 1.58177 1.03185 1.06728 1.05211 0.811166 0.888119 0.722209 0.832299 0.69514 0.52221 0.492697 0.603651 0.712539 0.801824 0.870124 0.888268 0.901996 0.918643 0.918229 1.32106 1.25963 1.23548 1.15178 0.999704 0.987079 0.985917 0.977366 1.07248 0.719495 0.857563 0.891344 0.852351 0.938267 1.00412 1.06014 1.08078 
IDW_iters8_phase_shifts9_NaiveFTFracDir_full_pi_is_1
 0.641184 1.30562 1.36378 1.17624 1.0312 1.02011 1.03451 0.925989 0.802368 0.365942 0.667853 0.604193 0.788641 0.641932 0.695365 0.822222 0.81946 0.874779 0.797079 0.760103 0.919303 0.848562 0.88093 1.37407 1.50961 1.19049 1.28045 0.942599 1.34128 0.74923 0.792071 0.721617 0.891594 0.912045 0.946838 0.957941 
Makima_iters9_phase_shifts7_NaiveFTFracDir_full_pi_is_1
 0.762499 1.15423 1.169 1.08745 1.02248 0.96155 0.974561 0.982205 0.838164 0.465253 0.55712 0.666357 0.712532 0.641043 0.785419 0.848262 0.877711 0.90284 0.93162 0.822456 0.826441 0.837769 0.992694 1.5561 1.43726 1.47816 1.52472 0.78146 1.09178 0.764922 0.744168 0.662248 0.742509 0.877425 0.949583 0.923442 
RBFMultiquadricAuto_iters5_phase_shifts2_Naive_full_pi_is_1
 0.450951 0.833556 0.830625 0.891881 0.907888 0.815985 0.821721 0.890187 0.868138 1.11928 1.00953 1.17059 1.08793 1.15894 1.05019 1.06736 1.09487 1.06748 0.76599 0.831755 0.90098 0.909426 0.928796 1.16698 1.03836 1.17932 1.24004 0.437824 0.976289 0.939246 1.08555 0.780785 0.926767 0.918765 0.934359 0.927536 
RBFTPS_iters8_phase_shifts5_NaiveFTFracDir_full_pi_is_0
 1.5963 1.35065 1.37133 1.18137 0.956862 1.06324 0.920223 0.780616 0.637952 0.403644 0.462486 0.557761 0.63694 0.72994 0.78742 0.798994 0.819442 0.830032 0.785377 1.19639 1.18807 1.22562 1.0939 0.985601 0.865378 0.919121 0.90183 1.11361 0.978281 0.781614 0.83115 0.765425 0.833716 0.964757 1.04524 1.05496 
IDW_iters8_phase_shifts6_NaiveFTFracDir_full_pi_is_1
 0.934411 1.35902 1.36421 1.17352 1.20702 1.05549 1.03212 0.970217 0.919187 0.409355 0.605534 0.57585 0.744243 0.652545 0.809724 0.829974 0.851346 0.885402 0.877941 0.67761 0.892019 0.884085 0.836758 1.25885 1.39082 1.09254 1.26117 1.17088 0.817337 0.746009 0.981545 0.723518 0.855373 0.879958 0.918991 0.982073 
IDW_iters8_phase_shifts8_NaiveFTFracDir_full_pi_is_1
 0.648729 1.30635 1.23361 1.05369 1.13873 0.995368 1.02588 0.926304 0.812291 0.41863 0.554246 0.651149 0.698958 0.701591 0.781681 0.852245 0.891951 0.882648 0.835564 1.07053 0.929699 0.87663 1.07571 1.38585 1.44284 1.18207 1.30085 0.835471 0.991982 0.715986 0.959827 0.752046 0.896405 0.929599 0.950271 0.949166 
RBFMultiquadricAuto_iters0_phase_shifts9_Naive_full_pi_is_1
 0.894184 0.791111 0.768955 0.867857 1.00153 1.16807 1.16176 1.07625 1.03561 0.630775 0.660055 0.921505 0.970905 0.935843 0.99039 0.961804 0.893293 0.85758 0.935854 0.992433 0.83057 0.796062 0.794918 1.45811 1.39232 1.3787 1.07695 0.517096 0.907781 0.906118 0.907809 0.883097 0.876927 0.894406 0.900878 0.903493 
RBFMultiquadricAuto_iters1_phase_shifts9_Naive_full_pi_is_1
 0.894184 0.791111 0.768955 0.867857 1.00153 1.16807 1.16176 1.07625 1.03561 0.630775 0.660055 0.921505 0.970905 0.935843 0.99039 0.961804 0.893293 0.85758 0.935854 0.992433 0.83057 0.796062 0.794918 1.45811 1.39232 1.3787 1.07695 0.517096 0.907781 0.906118 0.907809 0.883097 0.876927 0.894406 0.900878 0.903493 
RBFMultiquadricAuto_iters0_phase_shifts3_NaiveFTFracDir_full_pi_is_0
 0.79125 0.580626 0.544295 0.672933 0.921186 0.947033 0.941656 1.02549 0.986844 0.578915 0.639588 0.787246 0.755333 0.83232 0.860127 0.809651 0.79941 0.798944 1.04044 1.21481 1.07114 1.03159 0.909567 1.09487 0.958121 1.06018 0.670831 2.72993 0.945829 0.767855 0.786951 0.83156 0.770114 0.69459 0.752065 0.719853 
RBFMultiquadricAuto_iters1_phase_shifts3_NaiveFTFracDir_full_pi_is_0
 0.79125 0.580626 0.544295 0.672933 0.921186 0.947033 0.941656 1.02549 0.986844 0.578915 0.639588 0.787246 0.755333 0.83232 0.860127 0.809651 0.79941 0.798944 1.04044 1.21481 1.07114 1.03159 0.909567 1.09487 0.958121 1.06018 0.670831 2.72993 0.945829 0.767855 0.786951 0.83156 0.770114 0.69459 0.752065 0.719853 
RBFMultiquadricAuto_iters3_phase_shifts5_NaiveFTFracDir_full_pi_is_1
 0.586381 0.656109 0.6836 0.737731 0.880723 0.883166 0.896688 1.12167 0.984172 1.16935 1.22215 1.14155 1.0259 1.0372 0.98954 1.04363 1.00367 0.999953 0.689899 0.831222 1.31366 0.966189 1.15592 1.33368 1.1199 1.12832 1.25173 0.519658 0.748903 0.721625 0.925535 0.757393 0.820755 0.833604 0.852238 0.849629 
RBFGaussian_iters6_phase_shifts5_NaiveFTFracDir_full_pi_is_0
 1.3224 0.894963 0.963651 0.995541 0.83298 0.844709 0.8511 0.771258 0.659436 0.676096 0.765566 0.788127 0.901965 0.944259 0.950748 0.981852 1.04261 1.06318 1.27606 1.18205 1.141 1.24445 1.0933 0.904929 0.828764 0.94743 0.990692 0.717707 0.901955 0.846684 1.07484 0.804751 0.947995 1.00849 1.01636 1.01945 
RBFBell_iters6_phase_shifts5_NaiveFTFracDir_full_pi_is_0
 1.3224 0.894963 0.963651 0.995541 0.83298 0.844709 0.8511 0.771258 0.659436 0.676096 0.765566 0.788127 0.901965 0.944259 0.950748 0.981852 1.04261 1.06318 1.27606 1.18205 1.141 1.24445 1.0933 0.904929 0.828764 0.94743 0.990692 0.717707 0.901955 0.846684 1.07484 0.804751 0.947995 1.00849 1.01636 1.01945 
RBFGaussian_iters5_phase_shifts7_Naive_full_pi_is_1
 0.652169 1.23482 1.23614 1.24705 1.04805 0.966024 0.972003 0.947903 1.1676 0.644161 0.700929 0.76726 0.863334 1.03064 0.906457 0.956701 0.966765 0.945588 0.947925 0.689876 0.790311 0.775335 0.939629 0.969056 1.24025 1.13577 1.0239 0.603811 0.935932 0.91347 0.949048 0.847128 0.976442 1.09369 1.02845 1.02139 
RBFBell_iters5_phase_shifts7_Naive_full_pi_is_1
 0.652169 1.23482 1.23614 1.24705 1.04805 0.966024 0.972003 0.947903 1.1676 0.644161 0.700929 0.76726 0.863334 1.03064 0.906457 0.956701 0.966765 0.945588 0.947925 0.689876 0.790311 0.775335 0.939629 0.969056 1.24025 1.13577 1.0239 0.603811 0.935932 0.91347 0.949048 0.847128 0.976442 1.09369 1.02845 1.02139 
RBFMultiquadricAuto_iters4_phase_shifts3_NaiveFTFracDir_full_pi_is_0
 1.09162 0.652151 0.623392 0.692906 0.885042 0.757941 0.787429 0.845952 0.763908 1.09033 1.02821 1.24771 1.00951 1.03739 1.02087 1.05906 1.0729 1.10597 0.828328 0.976919 1.04665 1.10462 0.94524 0.984811 1.04797 1.08185 1.15268 0.965897 0.914211 0.941308 1.03998 0.820553 0.868605 0.923521 0.95 0.939887 
IDW_iters7_phase_shifts9_NaiveFTFracDir_full_pi_is_0
 0.971583 1.05552 1.04488 0.967743 0.897563 0.88308 0.981445 0.847156 0.685154 0.472725 0.698526 0.766097 0.864127 0.776629 0.837443 0.842866 0.891369 0.9479 1.31338 1.32282 1.37539 1.2511 1.12706 1.02306 1.07405 1.04479 1.02588 0.403381 0.80894 0.864861 0.937025 0.920128 0.993264 0.946441 1.03498 1.02684 
RBFMultiquadricManual_iters2_phase_shifts9_NaiveFTFracDir_full_pi_is_0
 0.709262 0.549614 0.552895 0.719416 0.771213 0.900894 0.908412 0.997611 0.909663 1.04388 1.27238 1.3249 1.16423 1.18338 1.17589 1.10397 1.10056 0.95482 1.00013 1.22481 1.05121 1.0263 1.05632 1.0025 0.874215 0.765613 0.878686 1.05119 0.805917 0.908242 0.971686 0.843278 0.845968 0.779507 0.817223 0.821033 
RBFGaussian_iters6_phase_shifts3_NaiveFTFracDir_full_pi_is_1
 0.696016 1.03379 1.14473 1.06103 1.02788 0.928703 0.926794 0.972938 0.856985 0.788892 0.851027 0.759932 0.918292 0.940512 1.02942 0.997382 1.00766 0.986499 0.7283 0.641344 0.887218 0.863862 1.0181 1.13706 1.16503 1.0258 1.15683 0.635652 1.42297 0.848574 1.17919 0.821906 0.846448 0.950379 0.968816 0.985559 
RBFBell_iters6_phase_shifts3_NaiveFTFracDir_full_pi_is_1
 0.696016 1.03379 1.14473 1.06103 1.02788 0.928703 0.926794 0.972938 0.856985 0.788892 0.851027 0.759932 0.918292 0.940512 1.02942 0.997382 1.00766 0.986499 0.7283 0.641344 0.887218 0.863862 1.0181 1.13706 1.16503 1.0258 1.15683 0.635652 1.42297 0.848574 1.17919 0.821906 0.846448 0.950379 0.968816 0.985559 
RBFMultiquadricManual_iters1_phase_shifts2_NaiveFTFracDir_full_pi_is_0
 0.737748 0.526514 0.510753 0.562031 0.834662 0.900886 0.843658 0.931397 0.899972 1.76252 1.27587 1.60136 1.26984 1.20456 1.1872 1.14409 1.02729 0.922095 0.85228 1.07128 0.854137 0.869706 0.837688 0.805551 0.821824 0.793488 0.741436 1.11123 0.839365 0.979179 0.855263 0.893741 0.777555 0.698846 0.732324 0.733845 
RBFMultiquadricManual_iters0_phase_shifts2_NaiveFTFracDir_full_pi_is_0
 0.737748 0.526514 0.510753 0.562031 0.834662 0.900886 0.843658 0.931397 0.899972 1.76252 1.27587 1.60136 1.26984 1.20456 1.1872 1.14409 1.02729 0.922095 0.85228 1.07128 0.854137 0.869706 0.837688 0.805551 0.821824 0.793488 0.741436 1.11123 0.839365 0.979179 0.855263 0.893741 0.777555 0.698846 0.732324 0.733845 
RBFTPS_iters8_phase_shifts7_Naive_full_pi_is_1
 1.00656 1.53503 1.41076 1.38403 1.0675 0.899089 0.905058 1.06567 1.08685 0.365723 0.44623 0.661273 0.594588 0.79031 0.802825 0.73476 0.863869 0.820561 0.848239 0.523565 0.906443 0.937476 0.957961 0.972427 1.07771 1.10068 0.988217 0.741204 0.834769 0.902404 0.807878 1.27411 1.13018 1.04446 0.9981 1.07767 
RBFTPS_iters9_phase_shifts8_NaiveFTFracDir_full_pi_is_0
 1.56576 1.04531 1.1325 1.0812 0.781263 0.945461 0.930057 0.693203 0.59662 0.482382 0.452561 0.602416 0.677883 0.762865 0.825412 0.856836 0.899099 0.889238 0.894059 1.28758 1.23116 1.22499 1.12321 0.994016 1.02635 0.970535 0.935896 1.17411 1.01756 0.907571 0.882642 0.904714 0.911269 0.970094 1.04326 1.06526 
RBFMultiquadricAuto_iters4_phase_shifts3_Naive_full_pi_is_1
 0.415561 0.85837 0.914408 0.957296 0.972193 0.876765 0.864364 1.03367 0.900246 0.867787 0.820227 1.12292 1.14607 1.10483 1.00842 1.0356 0.977663 1.0119 0.726414 0.788976 0.884391 0.878977 0.931949 1.26677 1.19013 1.26942 1.3559 0.421952 0.910446 0.960106 1.02901 0.794762 0.939354 0.925449 0.946535 0.946174 
IDW_iters9_phase_shifts2_NaiveFTFracDir_full_pi_is_1
 1.00794 1.00097 0.974247 1.09955 1.08827 0.966865 0.973184 0.955384 0.921715 0.601001 0.762598 0.755896 0.808068 0.754808 0.928699 0.908312 0.899 0.921107 0.766292 0.664257 0.992883 1.04022 1.12463 1.18744 1.09681 1.10096 1.31523 1.44634 0.856978 0.839609 0.926751 0.854602 0.909517 0.928606 0.914974 0.93713 
Makima_iters7_phase_shifts7_NaiveFTFracDir_full_pi_is_1
 0.774943 0.795089 0.822003 0.829524 0.864056 0.877972 0.874294 0.883694 0.768955 0.437366 0.471223 0.611532 0.531569 0.504731 0.589408 0.682576 0.728801 0.709896 1.56941 0.770079 0.865458 0.853451 1.10852 1.18393 1.07516 1.02756 0.979563 2.81002 1.06706 0.857258 0.837844 0.700755 0.743187 0.833728 0.893342 0.872486 
RBFGaussian_iters7_phase_shifts3_NaiveFTFracDir_full_pi_is_0
 1.18938 0.852133 1.05527 0.916473 0.93224 0.923739 0.932339 0.839046 0.722997 0.73016 0.872255 0.837985 0.87336 1.00908 0.943013 0.934404 0.988594 1.04337 1.19406 1.13478 1.13565 1.21229 1.07488 0.947295 1.03811 0.997048 1.02309 0.469446 1.05529 0.792564 0.903005 0.755451 0.909366 1.01928 1.06079 1.03848 
RBFBell_iters7_phase_shifts3_NaiveFTFracDir_full_pi_is_0
 1.18938 0.852133 1.05527 0.916473 0.93224 0.923739 0.932339 0.839046 0.722997 0.73016 0.872255 0.837985 0.87336 1.00908 0.943013 0.934404 0.988594 1.04337 1.19406 1.13478 1.13565 1.21229 1.07488 0.947295 1.03811 0.997048 1.02309 0.469446 1.05529 0.792564 0.903005 0.755451 0.909366 1.01928 1.06079 1.03848 
RBFTPS_iters9_phase_shifts5_Naive_full_pi_is_1
 0.862772 1.80198 1.41454 1.31306 0.906032 0.840561 0.859045 1.00547 1.07544 0.405013 0.448307 0.533972 0.725795 0.738868 0.739348 0.784176 0.810627 0.805223 0.85486 0.53019 0.713447 0.926634 0.936183 1.15124 0.902781 1.11552 0.989291 1.1086 0.901358 0.908601 0.963388 1.24937 1.12049 1.05787 0.978197 0.976009 
RBFTPS_iters2_phase_shifts9_Naive_full_pi_is_0
 0.708967 0.841241 0.886066 0.850435 1.04806 1.07188 1.07302 1.10708 1.08406 0.393804 0.432424 0.542372 0.693789 0.672667 0.684355 0.711968 0.717011 0.744366 0.89758 1.05612 0.917144 0.942652 0.889244 0.807408 0.765281 0.810982 0.923492 2.56033 1.00967 0.969874 0.938183 1.00977 1.03502 0.914443 1.00464 1.00043 
RBFMultiquadricAuto_iters6_phase_shifts9_NaiveFTFracDir_full_pi_is_1
 0.766232 1.13675 1.14212 1.05266 1.0201 0.894389 0.94101 0.960481 0.839233 0.782996 0.793185 0.906118 0.868866 0.965716 0.96248 0.998608 0.948038 0.935612 0.78188 0.895601 0.797286 0.866193 0.990649 1.16479 1.19326 1.26544 1.25365 0.791941 0.94388 0.84251 0.967 0.828557 1.00304 0.986339 1.00138 1.02807 
RBFMultiquadricAuto_iters1_phase_shifts2_Naive_full_pi_is_0
 0.946915 0.629103 0.644004 0.609701 0.932371 1.01224 1.00819 1.08311 0.990421 0.715793 0.796258 1.23419 1.14134 1.15639 1.13933 1.03927 0.949965 0.934475 0.901058 1.09212 0.91123 0.933306 0.857767 1.17209 1.13263 1.15285 1.00741 1.14716 0.942381 0.906274 0.926363 0.948906 0.86342 0.839527 0.850636 0.850195 
RBFMultiquadricAuto_iters0_phase_shifts2_Naive_full_pi_is_0
 0.946915 0.629103 0.644004 0.609701 0.932371 1.01224 1.00819 1.08311 0.990421 0.715793 0.796258 1.23419 1.14134 1.15639 1.13933 1.03927 0.949965 0.934475 0.901058 1.09212 0.91123 0.933306 0.857767 1.17209 1.13263 1.15285 1.00741 1.14716 0.942381 0.906274 0.926363 0.948906 0.86342 0.839527 0.850636 0.850195 
RBFBell_iters2_phase_shifts7_Naive_full_pi_is_0
 1.21741 1.01672 1.00562 1.22227 1.04882 1.08152 1.089 1.21995 1.09946 0.544847 0.546088 0.630272 0.765372 0.80511 0.777889 0.850454 0.828379 0.8331 1.15882 0.986463 0.906021 0.953043 0.937926 0.844112 0.86062 0.762801 0.896848 1.36416 1.0125 0.953677 0.948916 1.05296 1.07883 0.959063 0.990867 1.0074 
RBFGaussian_iters2_phase_shifts7_Naive_full_pi_is_0
 1.21741 1.01672 1.00562 1.22227 1.04882 1.08152 1.089 1.21995 1.09946 0.544847 0.546088 0.630272 0.765372 0.80511 0.777889 0.850454 0.828379 0.8331 1.15882 0.986463 0.906021 0.953043 0.937926 0.844112 0.86062 0.762801 0.896848 1.36416 1.0125 0.953677 0.948916 1.05296 1.07883 0.959063 0.990867 1.0074 
RBFGaussian_iters7_phase_shifts1_Naive_full_pi_is_1
 0.983528 0.584315 0.455511 0.44262 0.882895 0.79509 0.798262 0.707629 0.632146 1.43507 1.40289 1.34027 1.23033 1.23888 1.11869 1.18396 1.12618 1.07715 0.59773 0.828071 1.09935 1.11924 1.02655 0.831556 0.909868 0.983345 1.05418 0.657803 1.10372 0.795534 0.847825 0.750832 0.882624 0.984697 0.926904 0.921911 
RBFBell_iters7_phase_shifts1_Naive_full_pi_is_1
 0.983528 0.584315 0.455511 0.44262 0.882895 0.79509 0.798262 0.707629 0.632146 1.43507 1.40289 1.34027 1.23033 1.23888 1.11869 1.18396 1.12618 1.07715 0.59773 0.828071 1.09935 1.11924 1.02655 0.831556 0.909868 0.983345 1.05418 0.657803 1.10372 0.795534 0.847825 0.750832 0.882624 0.984697 0.926904 0.921911 
RBFBell_iters7_phase_shifts1_Naive_full_pi_is_0
 0.983528 0.584315 0.455511 0.44262 0.882895 0.79509 0.798262 0.707629 0.632146 1.43507 1.40289 1.34027 1.23033 1.23888 1.11869 1.18396 1.12618 1.07715 0.59773 0.828071 1.09935 1.11924 1.02655 0.831556 0.909868 0.983345 1.05418 0.657803 1.10372 0.795534 0.847825 0.750832 0.882624 0.984697 0.926904 0.921911 
RBFBell_iters7_phase_shifts1_NaiveFTFracDir_full_pi_is_1
 0.983528 0.584315 0.455511 0.44262 0.882895 0.79509 0.798262 0.707629 0.632146 1.43507 1.40289 1.34027 1.23033 1.23888 1.11869 1.18396 1.12618 1.07715 0.59773 0.828071 1.09935 1.11924 1.02655 0.831556 0.909868 0.983345 1.05418 0.657803 1.10372 0.795534 0.847825 0.750832 0.882624 0.984697 0.926904 0.921911 
RBFGaussian_iters7_phase_shifts1_Naive_full_pi_is_0
 0.983528 0.584315 0.455511 0.44262 0.882895 0.79509 0.798262 0.707629 0.632146 1.43507 1.40289 1.34027 1.23033 1.23888 1.11869 1.18396 1.12618 1.07715 0.59773 0.828071 1.09935 1.11924 1.02655 0.831556 0.909868 0.983345 1.05418 0.657803 1.10372 0.795534 0.847825 0.750832 0.882624 0.984697 0.926904 0.921911 
RBFBell_iters7_phase_shifts1_NaiveFTFracDir_full_pi_is_0
 0.983528 0.584315 0.455511 0.44262 0.882895 0.79509 0.798262 0.707629 0.632146 1.43507 1.40289 1.34027 1.23033 1.23888 1.11869 1.18396 1.12618 1.07715 0.59773 0.828071 1.09935 1.11924 1.02655 0.831556 0.909868 0.983345 1.05418 0.657803 1.10372 0.795534 0.847825 0.750832 0.882624 0.984697 0.926904 0.921911 
RBFGaussian_iters7_phase_shifts1_NaiveFTFracDir_full_pi_is_1
 0.983528 0.584315 0.455511 0.44262 0.882895 0.79509 0.798262 0.707629 0.632146 1.43507 1.40289 1.34027 1.23033 1.23888 1.11869 1.18396 1.12618 1.07715 0.59773 0.828071 1.09935 1.11924 1.02655 0.831556 0.909868 0.983345 1.05418 0.657803 1.10372 0.795534 0.847825 0.750832 0.882624 0.984697 0.926904 0.921911 
RBFGaussian_iters7_phase_shifts1_NaiveFTFracDir_full_pi_is_0
 0.983528 0.584315 0.455511 0.44262 0.882895 0.79509 0.798262 0.707629 0.632146 1.43507 1.40289 1.34027 1.23033 1.23888 1.11869 1.18396 1.12618 1.07715 0.59773 0.828071 1.09935 1.11924 1.02655 0.831556 0.909868 0.983345 1.05418 0.657803 1.10372 0.795534 0.847825 0.750832 0.882624 0.984697 0.926904 0.921911 
IDW_iters9_phase_shifts4_Naive_full_pi_is_1
 0.762764 1.23255 1.31295 1.37343 1.11701 1.06072 1.05544 1.01844 1.01132 0.434011 0.577348 0.619578 0.670798 0.679897 0.814555 0.82076 0.892393 0.901555 0.802965 0.751926 0.8526 0.870262 1.04418 1.20089 1.1134 1.03066 1.09979 0.818474 0.65212 0.958986 0.925602 1.23994 1.04688 1.04948 1.10827 1.10086 
RBFTPS_iters5_phase_shifts2_Naive_full_pi_is_0
 1.04155 1.13191 1.14254 1.22033 0.706005 0.966358 0.967399 0.943438 0.754786 0.355479 0.417296 0.534204 0.768186 0.74061 0.78679 0.800817 0.787614 0.828626 0.885029 1.00496 1.03906 1.08216 1.01237 0.984949 0.956519 0.863881 0.934365 1.50607 0.908415 0.996115 0.968715 1.29772 1.169 1.13089 1.13779 1.14424 
IDW_iters8_phase_shifts5_Naive_full_pi_is_1
 0.906396 1.26627 1.33734 1.57391 1.08581 1.0628 1.06166 1.04971 1.00732 0.418004 0.607752 0.612765 0.696302 0.647474 0.741344 0.79565 0.855746 0.880845 0.727561 0.603955 0.943428 0.813385 1.00652 1.05012 1.3426 0.966581 1.08991 0.937844 0.721426 0.97428 0.810565 1.01078 1.1026 1.01068 1.06232 1.08482 
RBFGaussian_iters6_phase_shifts3_NaiveFTFracDir_full_pi_is_0
 1.51791 0.973053 0.975936 0.984175 0.826684 0.77801 0.799039 0.698652 0.648728 0.720256 0.828585 0.84371 0.88101 0.959898 0.976947 0.943096 1.0504 1.04175 1.15509 1.13089 1.15288 1.21686 1.03977 0.900846 1.0528 0.932571 0.99303 0.583378 1.03566 0.91154 1.00705 0.838121 0.898957 1.00972 1.05689 0.997063 
RBFBell_iters6_phase_shifts3_NaiveFTFracDir_full_pi_is_0
 1.51791 0.973053 0.975936 0.984175 0.826684 0.77801 0.799039 0.698652 0.648728 0.720256 0.828585 0.84371 0.88101 0.959898 0.976947 0.943096 1.0504 1.04175 1.15509 1.13089 1.15288 1.21686 1.03977 0.900846 1.0528 0.932571 0.99303 0.583378 1.03566 0.91154 1.00705 0.838121 0.898957 1.00972 1.05689 0.997063 
RBFMultiquadricAuto_iters3_phase_shifts6_NaiveFTFracDir_full_pi_is_0
 0.725455 0.556834 0.601855 0.667967 0.812335 0.89394 0.945743 0.892722 0.815174 0.886362 0.807015 1.11338 0.992324 1.04976 1.04273 1.0812 1.06768 1.05128 1.11065 1.29562 1.20649 1.21957 1.06328 1.01359 1.04934 1.02316 1.14173 1.03075 1.164 0.918412 1.01036 0.853231 0.792136 0.808105 0.810951 0.83571 
IDW_iters7_phase_shifts8_NaiveFTFracDir_full_pi_is_0
 1.01742 0.896991 0.887194 1.06099 0.886038 0.874289 0.915526 0.866725 0.648782 0.438194 0.538982 0.706856 0.718653 0.756422 0.802327 0.838769 0.886542 0.928985 1.36524 1.42924 1.38538 1.26432 1.13056 1.18543 1.15542 1.05768 1.04957 0.493084 0.852688 0.803719 0.965469 0.944922 1.04435 0.977046 1.08196 1.07497 
RBFBell_iters5_phase_shifts8_Naive_full_pi_is_1
 0.752531 1.29773 1.29198 1.16319 1.05715 1.00409 1.01366 0.964832 1.16784 0.563572 0.595784 0.715044 0.874385 0.985517 0.902384 0.954402 0.955496 0.941398 0.906526 0.661141 0.778342 0.768561 0.981998 1.16888 1.27533 1.16292 1.03399 0.862105 1.02509 0.841534 0.86122 0.806155 0.957838 1.02048 1.00777 1.00236 
RBFGaussian_iters5_phase_shifts8_Naive_full_pi_is_1
 0.752531 1.29773 1.29198 1.16319 1.05715 1.00409 1.01366 0.964832 1.16784 0.563572 0.595784 0.715044 0.874385 0.985517 0.902384 0.954402 0.955496 0.941398 0.906526 0.661141 0.778342 0.768561 0.981998 1.16888 1.27533 1.16292 1.03399 0.862105 1.02509 0.841534 0.86122 0.806155 0.957838 1.02048 1.00777 1.00236 
RBFMultiquadricAuto_iters5_phase_shifts6_NaiveFTFracDir_full_pi_is_1
 0.727373 0.929452 0.929658 1.01754 0.949422 0.87615 0.88866 0.904518 0.76192 0.479325 0.668236 0.687262 0.871182 1.10598 1.08645 1.13021 1.03928 1.01729 0.798451 0.80781 0.943989 0.994439 1.1232 1.3572 1.39088 1.38644 1.36512 0.634422 1.00613 0.815928 0.968031 0.810757 0.903388 0.892949 0.936003 0.932997 
RBFMultiquadricAuto_iters4_phase_shifts2_NaiveFTFracDir_full_pi_is_0
 0.916416 0.545133 0.59336 0.606428 0.721797 0.698522 0.697815 0.781526 0.594561 1.30317 1.16652 1.25327 1.11627 1.09595 1.09042 1.13374 1.0854 1.11639 0.73756 1.10018 1.16021 1.17148 1.04293 1.10144 1.03534 1.18739 1.19196 0.916784 0.94591 1.09244 0.930713 0.736166 0.75233 0.804934 0.844046 0.821335 
RBFMultiquadricManual_iters0_phase_shifts4_NaiveFTFracDir_full_pi_is_0
 0.859593 0.546834 0.543688 0.675651 0.91919 0.919794 0.995584 0.990695 0.823081 1.54353 1.1692 1.45644 1.17298 1.16075 1.17137 1.21716 1.10471 1.09962 0.95685 1.16367 0.952301 0.957729 0.870225 0.9594 0.892728 0.814787 0.556535 0.94633 0.796436 0.92486 0.866458 0.937194 0.773014 0.728778 0.771377 0.788264 
RBFMultiquadricManual_iters1_phase_shifts4_NaiveFTFracDir_full_pi_is_0
 0.859593 0.546834 0.543688 0.675651 0.91919 0.919794 0.995584 0.990695 0.823081 1.54353 1.1692 1.45644 1.17298 1.16075 1.17137 1.21716 1.10471 1.09962 0.95685 1.16367 0.952301 0.957729 0.870225 0.9594 0.892728 0.814787 0.556535 0.94633 0.796436 0.92486 0.866458 0.937194 0.773014 0.728778 0.771377 0.788264 
IDW_iters6_phase_shifts2_Naive_full_pi_is_0
 0.852868 1.06876 1.10444 0.989243 0.81342 0.887604 0.924266 1.08989 0.779124 0.422436 0.54195 0.746666 0.77869 0.854846 0.811122 0.834691 0.895572 0.942776 1.24006 1.45007 1.16873 1.2004 1.10864 1.07213 0.975592 0.980883 1.03274 1.09103 0.698817 0.96079 0.915479 0.983756 1.02284 0.982576 1.02957 1.04617 
RBFBell_iters6_phase_shifts5_NaiveFTFracDir_full_pi_is_1
 0.855489 1.19437 1.42982 1.12916 0.999147 0.960433 0.937236 0.910185 0.82323 0.979156 0.918281 0.926877 0.935504 0.970127 0.931398 1.01273 0.999181 0.983838 0.819719 0.776333 0.910829 0.908059 1.12577 1.11191 1.11377 1.06625 1.19504 0.755002 1.00886 0.789995 0.990218 0.75094 0.784564 0.82902 0.911822 0.898735 
RBFGaussian_iters6_phase_shifts5_NaiveFTFracDir_full_pi_is_1
 0.855489 1.19437 1.42982 1.12916 0.999147 0.960433 0.937236 0.910185 0.82323 0.979156 0.918281 0.926877 0.935504 0.970127 0.931398 1.01273 0.999181 0.983838 0.819719 0.776333 0.910829 0.908059 1.12577 1.11191 1.11377 1.06625 1.19504 0.755002 1.00886 0.789995 0.990218 0.75094 0.784564 0.82902 0.911822 0.898735 
Makima_iters3_phase_shifts6_Naive_full_pi_is_0
 0.859461 0.900984 0.907976 1.25562 1.07674 1.04322 1.04023 0.83773 0.862334 0.374623 0.463497 0.800338 0.792435 0.773007 0.875654 0.972613 0.827304 0.880734 1.21106 1.13801 0.995107 1.03252 0.972386 0.951671 1.10701 0.839838 0.781019 1.33491 0.823662 1.16544 1.28181 1.08574 0.999336 0.998786 1.01825 1.02752 
RBFTPS_iters9_phase_shifts6_Naive_full_pi_is_1
 1.05852 1.6503 1.54572 1.39512 0.951997 0.892749 0.921874 1.0818 1.19368 0.417921 0.499243 0.598951 0.605772 0.784181 0.748477 0.767314 0.78246 0.777515 0.726654 0.49301 0.683849 0.750419 0.940298 1.2785 1.02067 1.19814 1.06371 0.930952 0.830139 0.836702 0.801247 1.26847 0.831125 1.0451 1.09432 1.08946 
RBFMultiquadricManual_iters2_phase_shifts3_NaiveFTFracDir_full_pi_is_1
 0.526885 0.713196 0.732526 0.795041 0.964802 1.01371 1.02002 1.06547 1.12837 1.16661 1.22068 1.23604 1.06634 1.35035 1.25619 1.22829 1.17986 1.17893 0.683804 0.736031 1.19959 0.813776 0.986978 0.697972 0.698719 0.793024 0.87656 0.631593 1.08809 0.908852 1.02264 0.890075 0.842485 0.823362 0.832077 0.841621 
RBFTPS_iters2_phase_shifts8_Naive_full_pi_is_0
 0.703278 0.826026 0.884493 0.799271 1.02942 1.06219 1.06327 1.10712 1.06419 0.442043 0.460957 0.558041 0.692012 0.675834 0.693263 0.718235 0.725783 0.746345 0.901425 1.05595 0.949863 0.972774 1.00126 0.816326 0.775046 0.820537 0.918084 2.6381 1.01186 0.960677 0.860515 0.991851 1.03083 0.908006 1.0001 0.996715 
RBFBell_iters6_phase_shifts7_NaiveFTFracDir_full_pi_is_0
 1.28561 0.918899 0.954223 1.04732 0.908098 0.870761 0.893955 0.780946 0.704214 0.689214 0.760109 0.776715 0.939282 0.997958 1.01665 1.01787 1.08767 1.11839 1.22861 1.1885 1.16752 1.27867 1.03787 0.845765 0.822245 0.93913 1.00175 0.968092 0.912066 0.938701 1.01815 0.768352 0.88562 0.930802 0.96599 0.958251 
RBFGaussian_iters6_phase_shifts7_NaiveFTFracDir_full_pi_is_0
 1.28561 0.918899 0.954223 1.04732 0.908098 0.870761 0.893955 0.780946 0.704214 0.689214 0.760109 0.776715 0.939282 0.997958 1.01665 1.01787 1.08767 1.11839 1.22861 1.1885 1.16752 1.27867 1.03787 0.845765 0.822245 0.93913 1.00175 0.968092 0.912066 0.938701 1.01815 0.768352 0.88562 0.930802 0.96599 0.958251 
RBFMultiquadricAuto_iters6_phase_shifts5_NaiveFTFracDir_full_pi_is_1
 0.730746 0.977744 0.94954 0.923395 0.931664 0.821453 0.843223 0.851635 0.752133 0.713229 0.838697 1.09491 1.01283 0.953108 1.07423 1.09313 1.02781 1.02168 0.789895 0.827722 0.893694 0.857626 1.12929 1.28035 1.30306 1.30321 1.23031 0.77899 0.948847 0.805906 1.06822 0.838207 0.979262 0.957773 0.987332 0.994195 
Makima_iters3_phase_shifts7_Naive_full_pi_is_0
 0.869517 0.878286 1.02203 1.28175 1.09164 1.06127 1.0569 0.906179 0.78689 0.381274 0.508007 0.803903 0.766495 0.760877 0.873655 0.856693 0.83624 0.897692 1.26136 1.13535 0.988704 1.02467 0.970577 0.947324 0.854982 0.837583 0.778239 1.23346 0.889222 1.19845 1.31175 1.10548 1.01948 1.00627 1.02105 1.12423 
RBFTPS_iters2_phase_shifts7_Naive_full_pi_is_0
 0.702669 0.8145 0.866834 0.793077 1.00495 1.07277 1.05219 1.10977 1.06629 0.443616 0.459609 0.556406 0.679613 0.669975 0.689964 0.706887 0.716898 0.737813 0.898592 1.05511 0.948708 0.972835 0.91588 0.81164 0.769627 0.816169 0.920708 2.64752 0.997753 1.02396 0.898641 1.09949 1.02754 0.941599 0.992634 0.989248 
IDW_iters6_phase_shifts4_NaiveFTFracDir_full_pi_is_0
 1.00431 0.680935 0.706874 0.802916 0.833278 0.886287 0.822177 0.770218 0.64027 0.396331 0.643617 0.619207 0.675806 0.698015 0.711697 0.765722 0.7816 0.844448 1.16515 1.20772 1.10477 1.16616 1.01785 1.01692 1.0763 0.883368 0.96863 2.75084 1.17053 0.724653 0.72032 0.695632 0.841901 0.921489 0.940201 0.937856 
RBFGaussian_iters7_phase_shifts3_NaiveFTFracDir_full_pi_is_1
 0.865847 0.997695 1.06319 0.874385 1.01398 0.947029 0.898227 0.90786 0.810854 0.700711 0.776579 0.700734 0.932868 0.990609 1.02342 1.03159 1.01471 0.982658 0.782419 0.7439 0.98675 0.889778 1.00147 1.05315 1.18712 1.07658 1.20102 0.86697 1.49737 0.903254 1.20509 0.856097 0.895283 0.940871 1.01997 1.0355 
RBFBell_iters7_phase_shifts3_NaiveFTFracDir_full_pi_is_1
 0.865847 0.997695 1.06319 0.874385 1.01398 0.947029 0.898227 0.90786 0.810854 0.700711 0.776579 0.700734 0.932868 0.990609 1.02342 1.03159 1.01471 0.982658 0.782419 0.7439 0.98675 0.889778 1.00147 1.05315 1.18712 1.07658 1.20102 0.86697 1.49737 0.903254 1.20509 0.856097 0.895283 0.940871 1.01997 1.0355 
RBFTPS_iters7_phase_shifts9_Naive_full_pi_is_1
 0.759658 1.38012 1.30132 1.48119 1.05248 0.963527 0.961558 0.980784 1.00742 0.382192 0.501122 0.630048 0.633545 0.757477 0.71952 0.751467 0.792385 0.828627 0.953358 0.864985 0.93363 0.936963 0.974395 0.923503 1.08668 1.0319 1.0067 1.40916 0.871592 0.896351 0.802465 1.26877 1.12987 1.02754 1.00205 1.08069 
RBFMultiquadricManual_iters0_phase_shifts4_Naive_full_pi_is_1
 0.857463 0.719592 0.724691 0.804115 0.926194 1.00522 1.06667 1.09691 0.944257 1.40652 1.16191 1.38997 1.14981 1.18293 1.18382 1.14028 1.05311 0.937793 0.829241 0.99071 0.801568 0.739161 0.763332 0.949629 0.921122 0.935581 0.843804 1.28223 0.83403 0.781303 0.87435 0.874306 0.85128 0.817742 0.831194 0.841929 
RBFMultiquadricManual_iters1_phase_shifts4_Naive_full_pi_is_1
 0.857463 0.719592 0.724691 0.804115 0.926194 1.00522 1.06667 1.09691 0.944257 1.40652 1.16191 1.38997 1.14981 1.18293 1.18382 1.14028 1.05311 0.937793 0.829241 0.99071 0.801568 0.739161 0.763332 0.949629 0.921122 0.935581 0.843804 1.28223 0.83403 0.781303 0.87435 0.874306 0.85128 0.817742 0.831194 0.841929 
RBFGaussian_iters8_phase_shifts3_NaiveFTFracDir_full_pi_is_0
 1.05432 0.71968 1.01054 0.880971 0.915359 0.888796 0.909583 0.825971 0.706221 0.866955 0.952352 0.896759 1.02681 1.07292 1.07009 1.00135 1.0313 1.06232 1.03656 1.21276 1.16943 1.24889 1.09547 0.982757 1.03307 1.02921 0.982006 0.319156 1.17419 0.759224 0.869257 0.749036 0.926579 1.03501 1.02544 1.0533 
RBFBell_iters8_phase_shifts3_NaiveFTFracDir_full_pi_is_0
 1.05432 0.71968 1.01054 0.880971 0.915359 0.888796 0.909583 0.825971 0.706221 0.866955 0.952352 0.896759 1.02681 1.07292 1.07009 1.00135 1.0313 1.06232 1.03656 1.21276 1.16943 1.24889 1.09547 0.982757 1.03307 1.02921 0.982006 0.319156 1.17419 0.759224 0.869257 0.749036 0.926579 1.03501 1.02544 1.0533 
RBFMultiquadricManual_iters1_phase_shifts5_Naive_full_pi_is_1
 0.862389 0.73478 0.740737 0.82022 0.934447 1.13623 1.12979 1.15194 0.997724 1.4573 1.17415 1.41889 1.17031 1.20023 1.206 1.12414 1.02549 0.956368 0.839808 0.988349 0.803071 0.751692 0.759949 0.952911 0.923116 0.945784 0.845759 0.423248 0.958176 0.819058 0.878833 0.854313 0.859065 0.835681 0.846114 0.859385 
RBFMultiquadricManual_iters0_phase_shifts5_Naive_full_pi_is_1
 0.862389 0.73478 0.740737 0.82022 0.934447 1.13623 1.12979 1.15194 0.997724 1.4573 1.17415 1.41889 1.17031 1.20023 1.206 1.12414 1.02549 0.956368 0.839808 0.988349 0.803071 0.751692 0.759949 0.952911 0.923116 0.945784 0.845759 0.423248 0.958176 0.819058 0.878833 0.854313 0.859065 0.835681 0.846114 0.859385 
IDW_iters4_phase_shifts3_Naive_full_pi_is_0
 0.956621 1.1959 0.858929 0.974671 0.892284 0.979211 0.979453 0.985285 0.89525 0.350546 0.46115 0.515338 0.720968 0.662099 0.763943 0.792996 0.828804 0.890412 1.44693 1.46958 1.21363 1.24093 1.1942 0.903658 0.850959 0.815128 0.868444 1.12409 0.772456 1.04771 1.07026 1.06281 1.11586 1.04079 1.07881 1.06425 
RBFTPS_iters9_phase_shifts4_NaiveFTFracDir_full_pi_is_1
 1.059 1.3032 1.03758 1.28784 0.946025 1.04426 1.04554 0.911965 0.903594 0.413202 0.447771 0.504801 0.68242 0.74653 0.735742 0.78481 0.808119 0.795353 0.952462 0.94416 0.974852 0.905092 1.12756 1.47961 1.32738 1.19708 1.24684 0.677086 0.952002 0.837971 0.914065 0.957766 1.01418 0.997464 1.07368 1.06757 
RBFTPS_iters8_phase_shifts9_Naive_full_pi_is_1
 1.03185 1.70357 1.50123 1.42635 0.944523 0.884421 0.905153 1.05205 1.10837 0.369481 0.498015 0.573355 0.601718 0.781378 0.790511 0.72046 0.826992 0.811666 0.834103 0.525788 0.911665 0.770852 0.955049 1.12549 1.28896 1.20563 1.09285 0.648126 0.873641 0.88532 0.799872 1.29626 0.848132 1.05863 1.00896 1.00576 
RBFBell_iters7_phase_shifts2_Naive_full_pi_is_1
 0.719892 0.94215 0.960824 1.12951 0.977301 0.913647 0.922679 0.938399 0.824215 0.77667 1.02445 0.842744 1.01883 1.01742 1.00171 1.02331 1.02286 1.01308 0.820073 0.919447 0.994396 0.98895 1.04045 1.09383 1.2232 1.09324 1.20799 1.16853 0.892853 0.916759 1.03141 0.732384 0.812555 0.9684 0.956126 0.952407 
RBFGaussian_iters7_phase_shifts2_Naive_full_pi_is_1
 0.719892 0.94215 0.960824 1.12951 0.977301 0.913647 0.922679 0.938399 0.824215 0.77667 1.02445 0.842744 1.01883 1.01742 1.00171 1.02331 1.02286 1.01308 0.820073 0.919447 0.994396 0.98895 1.04045 1.09383 1.2232 1.09324 1.20799 1.16853 0.892853 0.916759 1.03141 0.732384 0.812555 0.9684 0.956126 0.952407 
IDW_iters3_phase_shifts4_Naive_full_pi_is_0
 1.66717 1.20931 1.15725 0.978273 1.07355 1.09679 1.0993 1.21272 1.04727 0.348435 0.447295 0.566812 0.691076 0.737956 0.794458 0.853082 0.897859 0.879845 0.900446 1.02989 0.888019 0.946228 1.04875 0.843388 0.847853 0.8334 0.853331 1.1465 0.726958 0.979013 1.03802 1.10441 1.11771 1.03993 1.025 1.0283 
RBFTPS_iters9_phase_shifts6_NaiveFTFracDir_full_pi_is_0
 1.57807 1.0919 1.27014 1.12845 0.977759 0.965229 0.990442 0.805334 0.662849 0.362546 0.563063 0.617037 0.71943 0.766196 0.822173 0.836812 0.882999 0.881937 0.951236 1.28765 1.23849 1.24518 1.1506 0.976517 0.915596 0.963291 0.920601 1.02917 0.852032 0.935462 0.914203 0.87052 0.958668 0.968656 1.06428 1.07642 
IDW_iters7_phase_shifts7_Naive_full_pi_is_1
 0.695625 1.20614 1.24379 1.2596 1.07565 1.07933 1.06867 1.03384 0.976526 0.41225 0.6104 0.682295 0.730018 0.665187 0.740695 0.784844 0.8606 0.911894 1.02719 0.737858 1.17122 0.80726 1.05581 1.16523 1.18612 1.03015 1.26737 0.941556 0.767745 0.945161 0.991476 1.06154 0.999787 1.06133 1.05888 1.07988 
RBFMultiquadricAuto_iters5_phase_shifts2_NaiveFTFracDir_full_pi_is_1
 0.479347 0.833442 0.898296 0.873477 1.02481 0.85761 0.88209 1.0483 0.74421 1.22176 1.11229 0.990453 1.06001 1.04445 1.02571 1.0619 1.13077 1.12004 0.693421 0.86401 0.957201 1.0606 1.0635 1.18 0.981601 1.21002 1.31678 0.794681 0.927999 0.861906 1.03707 0.794197 0.84228 0.862473 0.9075 0.906411 
RBFBell_iters6_phase_shifts8_NaiveFTFracDir_full_pi_is_1
 0.807281 1.02967 0.990319 1.09678 1.0457 0.994032 0.992917 0.95467 0.846475 0.673365 0.833243 0.848805 0.97541 1.02971 1.03499 1.0419 1.03551 0.993167 0.778507 0.792863 0.984728 0.903919 1.06773 1.21104 1.26787 1.14951 1.10841 1.11222 0.897958 0.783064 1.06275 0.815415 0.872744 0.933282 0.933935 0.961404 
RBFGaussian_iters6_phase_shifts8_NaiveFTFracDir_full_pi_is_1
 0.807281 1.02967 0.990319 1.09678 1.0457 0.994032 0.992917 0.95467 0.846475 0.673365 0.833243 0.848805 0.97541 1.02971 1.03499 1.0419 1.03551 0.993167 0.778507 0.792863 0.984728 0.903919 1.06773 1.21104 1.26787 1.14951 1.10841 1.11222 0.897958 0.783064 1.06275 0.815415 0.872744 0.933282 0.933935 0.961404 
RBFMultiquadricAuto_iters7_phase_shifts2_Naive_full_pi_is_1
 0.832109 1.03537 1.02739 1.069 0.978921 0.868308 0.859763 0.871733 0.82186 0.927714 0.938555 1.08034 1.0189 1.09699 1.00883 1.00648 1.00769 1.00418 0.779269 0.803281 0.921293 0.936276 0.948982 1.12703 1.09006 1.23548 1.1818 0.539907 1.07361 0.940759 1.10931 0.818283 0.994382 0.964742 0.979192 0.973274 
RBFMultiquadricAuto_iters6_phase_shifts3_NaiveFTFracDir_full_pi_is_1
 0.610852 0.837562 0.844356 0.951403 1.02082 0.875727 0.879314 0.949385 0.835342 0.524108 0.565556 0.739566 0.830826 0.817014 0.935103 0.966511 0.96417 0.967503 0.784013 0.902845 0.957793 0.99644 1.04654 1.17114 1.31304 1.2878 1.35849 0.833202 1.23524 0.968131 1.22957 1.12129 0.985227 1.06997 1.05535 1.0642 
RBFMultiquadricAuto_iters7_phase_shifts2_NaiveFTFracDir_full_pi_is_1
 0.781203 0.940953 1.02333 1.00071 0.984327 0.918773 0.902399 0.897281 0.85611 0.848513 0.801941 0.83947 1.01844 0.888395 0.936282 0.984747 1.05891 0.937037 0.712982 0.857743 0.953423 1.08511 1.09267 1.22407 1.16215 1.27216 1.30156 0.854943 1.0054 0.930974 1.16613 0.863564 0.940763 0.914742 0.95341 0.948049 
RBFTPS_iters6_phase_shifts7_NaiveFTFracDir_full_pi_is_1
 0.742943 0.800368 0.981616 0.910389 1.08504 0.860033 0.894456 0.8526 0.751659 0.416468 0.369983 0.682688 0.649199 0.657231 0.703025 0.762963 0.764513 0.762141 0.717298 0.85895 0.990267 1.123 1.12619 1.12629 1.16964 1.16337 1.17577 2.70021 1.1218 0.789193 0.876706 0.683001 0.83592 0.871971 0.896668 0.891847 
IDW_iters7_phase_shifts8_Naive_full_pi_is_1
 0.727812 1.23437 1.28188 1.39901 1.02241 1.02607 1.01501 0.998429 0.946412 0.404547 0.632345 0.620514 0.794013 0.676839 0.766607 0.817844 0.885231 0.922342 0.950455 0.725813 1.1876 0.827471 1.026 1.21384 1.31356 1.14682 1.33973 0.84741 0.798272 0.94474 0.804619 0.995665 0.94204 1.00982 1.041 1.06225 
RBFMultiquadricAuto_iters4_phase_shifts8_NaiveFTFracDir_full_pi_is_0
 0.767623 0.614844 0.676118 0.768373 0.823198 0.754769 0.825063 0.826831 0.770318 0.892713 0.777685 1.0731 0.984258 1.0386 1.01361 1.05546 1.06364 1.07665 1.10814 1.29686 1.23412 1.26468 1.0955 1.04099 1.06557 1.08161 1.11824 1.11677 0.973911 0.96012 1.0141 0.896061 0.921455 0.906724 0.922748 0.95443 
Makima_iters8_phase_shifts2_Naive_full_pi_is_0
 1.11792 1.3339 1.17007 1.4803 1.23193 0.666997 0.67393 0.777019 0.638309 0.481105 0.667843 0.707644 0.742101 0.794223 0.824112 0.79934 0.892799 0.928841 1.15107 1.36191 1.22799 1.20969 1.08029 0.849088 0.843473 0.934258 0.978056 1.35793 0.95394 0.724133 0.605979 0.8893 0.976313 0.952941 1.07354 1.06149 
RBFMultiquadricAuto_iters0_phase_shifts3_Naive_full_pi_is_0
 0.950883 0.649488 0.663729 0.771417 0.999863 1.07419 1.07079 1.06696 1.052 0.693696 0.786939 1.20423 1.11396 1.17335 1.06342 1.02833 0.978508 0.975329 0.906773 1.11107 0.919607 0.935379 0.88644 1.06554 1.02015 1.16798 1.01291 0.939042 0.927913 0.985747 0.964538 1.01313 0.993609 0.894519 0.938392 0.944106 
RBFMultiquadricAuto_iters1_phase_shifts3_Naive_full_pi_is_0
 0.950883 0.649488 0.663729 0.771417 0.999863 1.07419 1.07079 1.06696 1.052 0.693696 0.786939 1.20423 1.11396 1.17335 1.06342 1.02833 0.978508 0.975329 0.906773 1.11107 0.919607 0.935379 0.88644 1.06554 1.02015 1.16798 1.01291 0.939042 0.927913 0.985747 0.964538 1.01313 0.993609 0.894519 0.938392 0.944106 
IDW_iters9_phase_shifts8_NaiveFTFracDir_full_pi_is_1
 0.620899 1.46065 1.36201 1.07012 1.07786 0.947107 0.974042 0.918938 0.911207 0.45281 0.630685 0.627422 0.722963 0.80823 0.814118 0.86492 0.893615 0.956617 1.03751 1.03111 0.956912 0.946482 1.00255 1.48257 1.54127 1.27734 1.28468 0.804098 0.984221 0.639976 0.80948 0.70078 0.691097 0.898314 0.974259 0.940641 
RBFBell_iters9_phase_shifts3_NaiveFTFracDir_full_pi_is_0
 1.26254 0.739731 0.83395 0.915607 0.839336 0.841475 0.854162 0.821353 0.737611 0.779675 0.846538 0.813769 1.00301 1.03979 1.01908 0.983028 1.05411 1.04425 1.19534 1.19364 1.13899 1.23223 1.08347 0.993133 1.04107 1.06153 0.955193 0.581917 1.24934 0.766558 0.904772 0.756765 0.969851 1.06854 1.08691 1.09593 
RBFGaussian_iters9_phase_shifts3_NaiveFTFracDir_full_pi_is_0
 1.26254 0.739731 0.83395 0.915607 0.839336 0.841475 0.854162 0.821353 0.737611 0.779675 0.846538 0.813769 1.00301 1.03979 1.01908 0.983028 1.05411 1.04425 1.19534 1.19364 1.13899 1.23223 1.08347 0.993133 1.04107 1.06153 0.955193 0.581917 1.24934 0.766558 0.904772 0.756765 0.969851 1.06854 1.08691 1.09593 
RBFMultiquadricManual_iters2_phase_shifts5_NaiveFTFracDir_full_pi_is_1
 0.471608 0.624899 0.63788 0.6737 0.879627 0.890484 0.881499 0.978199 0.91535 1.60893 1.33703 1.59416 1.3438 1.51036 1.39732 1.37065 1.30188 1.24069 0.632015 0.773832 0.938205 0.833628 0.835726 0.832969 0.747054 0.810651 0.879731 0.445165 0.739294 0.761313 0.828503 0.80802 0.773476 0.751702 0.754654 0.766812 
RBFTPS_iters3_phase_shifts5_Naive_full_pi_is_0
 0.698517 1.07983 1.10213 1.04646 1.13122 1.11287 1.10445 1.11621 1.1479 0.368209 0.480027 0.519173 0.787067 0.74847 0.758198 0.800387 0.810184 0.825847 1.05109 1.20317 1.09641 1.13147 1.05172 1.14755 0.879972 0.867451 0.961077 0.862717 0.729054 1.08835 1.08319 1.22021 1.16517 1.06027 1.08897 1.14323 
Makima_iters9_phase_shifts8_NaiveFTFracDir_full_pi_is_0
 1.43629 0.837149 0.879219 1.04713 0.941011 0.896557 0.875902 0.885894 0.823837 0.485324 0.524376 0.647078 0.693955 0.722908 0.791313 0.755003 0.845381 0.934056 1.17253 1.46383 1.67095 1.27986 1.07635 1.0937 1.0379 1.09238 1.03928 1.13937 0.639867 0.926658 0.993753 0.787033 0.868945 0.860948 1.00933 1.01506 
RBFBell_iters6_phase_shifts4_NaiveFTFracDir_full_pi_is_0
 1.18561 1.2301 1.00792 1.04116 0.927677 0.836116 0.864301 0.75455 0.703511 0.745646 0.758098 0.810642 0.840962 0.932318 0.983645 0.975269 1.01413 1.07817 1.21072 1.15002 1.15544 1.22924 1.14357 0.842419 0.76874 0.974486 0.981548 1.28254 0.834996 0.919456 1.05677 0.799627 0.928541 0.969229 0.980916 0.96136 
RBFGaussian_iters6_phase_shifts4_NaiveFTFracDir_full_pi_is_0
 1.18561 1.2301 1.00792 1.04116 0.927677 0.836116 0.864301 0.75455 0.703511 0.745646 0.758098 0.810642 0.840962 0.932318 0.983645 0.975269 1.01413 1.07817 1.21072 1.15002 1.15544 1.22924 1.14357 0.842419 0.76874 0.974486 0.981548 1.28254 0.834996 0.919456 1.05677 0.799627 0.928541 0.969229 0.980916 0.96136 
RBFMultiquadricAuto_iters4_phase_shifts5_NaiveFTFracDir_full_pi_is_0
 0.759063 0.607798 0.613731 0.686832 0.874605 0.808031 0.819159 0.82209 0.76167 0.997973 0.879688 1.11403 0.979882 1.02903 1.04453 1.04415 1.05156 1.06509 1.11811 1.31454 1.22202 1.2577 1.09013 1.03541 1.08261 1.14833 1.17633 1.19118 0.794347 1.00583 0.942888 0.834647 0.897368 0.881104 0.889714 0.926786 
RBFGaussian_iters4_phase_shifts9_Naive_full_pi_is_1
 0.567276 1.23563 1.28727 1.17749 1.04405 0.963306 0.969265 1.02205 1.05058 0.936543 0.904917 0.919028 0.943335 0.986942 1.00616 1.04388 1.0429 1.03696 0.913957 0.87061 0.863708 0.741939 0.8473 1.1732 1.20587 1.07684 0.986873 0.655657 0.954338 0.872637 1.01173 0.778795 0.885364 1.0196 0.976626 0.980821 
RBFBell_iters4_phase_shifts9_Naive_full_pi_is_1
 0.567276 1.23563 1.28727 1.17749 1.04405 0.963306 0.969265 1.02205 1.05058 0.936543 0.904917 0.919028 0.943335 0.986942 1.00616 1.04388 1.0429 1.03696 0.913957 0.87061 0.863708 0.741939 0.8473 1.1732 1.20587 1.07684 0.986873 0.655657 0.954338 0.872637 1.01173 0.778795 0.885364 1.0196 0.976626 0.980821 
RBFTPS_iters8_phase_shifts8_Naive_full_pi_is_1
 1.03312 1.57557 1.49078 1.4071 1.03317 0.878273 0.900764 1.04795 1.09038 0.374938 0.500573 0.606084 0.604317 0.803892 0.805652 0.73774 0.857143 0.826185 0.828498 0.526557 0.912998 0.934999 0.955829 1.12676 1.28385 1.22539 1.07571 0.758035 0.874433 0.887674 0.803995 1.28029 0.850865 1.06418 1.01185 1.09082 
RBFMultiquadricAuto_iters4_phase_shifts4_NaiveFTFracDir_full_pi_is_0
 1.05728 0.744927 0.782795 0.838901 0.837047 0.742033 0.743029 0.803522 0.728548 0.988368 0.927587 1.15702 0.993519 1.02856 1.05028 1.06085 1.07397 1.10248 1.04364 1.27772 1.20254 1.26137 1.07732 0.976279 1.04117 1.09957 1.09026 1.02284 1.06168 0.933225 0.96349 0.773735 0.838426 0.861322 0.870481 0.899966 
RBFBell_iters6_phase_shifts6_Naive_full_pi_is_1
 0.897784 1.32344 1.11986 1.21695 1.02827 0.987894 0.998475 0.99416 0.962166 0.55219 0.718186 0.773487 0.954626 0.988459 0.980107 1.01584 1.02478 1.02457 0.725804 0.545245 0.881437 0.864896 0.989552 1.17223 1.24921 1.20868 1.04016 1.13161 0.928726 0.986741 0.763347 0.843302 0.865984 1.09514 0.982808 0.99246 
RBFGaussian_iters6_phase_shifts6_Naive_full_pi_is_1
 0.897784 1.32344 1.11986 1.21695 1.02827 0.987894 0.998475 0.99416 0.962166 0.55219 0.718186 0.773487 0.954626 0.988459 0.980107 1.01584 1.02478 1.02457 0.725804 0.545245 0.881437 0.864896 0.989552 1.17223 1.24921 1.20868 1.04016 1.13161 0.928726 0.986741 0.763347 0.843302 0.865984 1.09514 0.982808 0.99246 
RBFMultiquadricAuto_iters8_phase_shifts2_Naive_full_pi_is_1
 0.90388 1.02823 1.30797 1.10056 0.857983 0.910784 0.912686 0.887019 0.832714 0.879331 0.907583 1.14892 1.00557 0.979908 1.03444 1.01389 1.01093 1.02116 0.671646 0.798538 0.913517 0.935776 0.957163 1.13703 1.09649 1.25224 1.18434 0.510729 1.09641 0.942304 0.944483 0.82431 1.0165 1.00124 0.972842 0.983327 
Makima_iters7_phase_shifts2_Naive_full_pi_is_0
 1.12342 0.971736 1.48372 1.23935 1.16353 0.674327 0.697638 0.788804 0.559911 0.450495 0.672265 0.799522 0.744742 0.735433 0.851457 0.940449 0.86003 0.93173 1.11126 1.21693 1.2006 1.19034 1.09661 0.865873 0.84791 0.939501 0.946416 0.519359 0.862019 1.1925 1.17206 1.05574 1.1133 1.06338 1.16945 1.15313 
RBFTPS_iters4_phase_shifts3_Naive_full_pi_is_0
 0.889 1.05632 1.09926 1.28056 1.05092 1.04182 0.980552 0.986563 1.16077 0.364876 0.46936 0.596203 0.738691 0.806604 0.786421 0.822839 0.833499 0.876857 1.19294 1.16752 1.07501 1.11941 1.03695 0.983584 0.9135 0.828789 0.938193 1.00061 0.766457 1.03702 1.01207 1.14796 1.18963 1.11529 1.12321 1.1625 
RBFMultiquadricAuto_iters4_phase_shifts5_NaiveFTFracDir_full_pi_is_1
 0.677755 0.748486 0.764713 0.857145 0.878437 0.870108 0.874992 0.922197 0.833625 1.23476 1.16678 1.05066 1.06713 1.05732 1.06433 1.13215 1.08001 1.06414 0.730038 0.707271 1.12375 0.956816 1.18234 1.35637 1.26878 1.25049 1.23134 0.54434 0.892149 0.725653 0.998626 0.797861 0.887417 0.889596 0.926251 0.923254 
RBFMultiquadricAuto_iters5_phase_shifts9_NaiveFTFracDir_full_pi_is_1
 0.725821 1.07202 1.03429 1.09959 0.972194 0.908543 0.943416 0.987641 0.86984 0.647302 0.716317 0.831267 0.842901 0.971039 0.9591 1.02232 0.95359 0.966039 0.793231 0.787188 0.912392 0.979092 1.02244 1.39368 1.27524 1.35126 1.334 1.10969 0.90816 0.852871 0.989086 0.825388 0.964212 0.953663 0.975626 0.97303 
RBFTPS_iters3_phase_shifts6_Naive_full_pi_is_0
 0.712717 1.05657 1.0803 0.982628 1.14064 1.15382 1.15646 1.11277 1.17412 0.379044 0.489937 0.522676 0.710546 0.702821 0.71534 0.75701 0.776567 0.754481 1.1051 1.22385 1.1132 1.14564 1.06704 1.16139 0.907257 0.896068 0.965259 0.847163 0.748849 1.11532 1.06759 1.26633 1.181 1.06579 1.10014 1.15177 
RBFMultiquadricManual_iters0_phase_shifts6_Naive_full_pi_is_1
 0.872811 0.748863 0.745995 0.825018 0.939487 1.13992 1.13379 1.15448 1.00109 1.48619 1.19107 1.43476 1.18789 1.21237 1.22383 1.13658 1.06488 0.97131 0.842721 0.990734 0.804395 0.74562 0.757031 0.963383 0.934169 0.947233 0.864605 0.429426 0.963082 0.822259 0.878771 0.857625 0.86452 0.841292 0.850752 0.86429 
RBFMultiquadricManual_iters1_phase_shifts6_Naive_full_pi_is_1
 0.872811 0.748863 0.745995 0.825018 0.939487 1.13992 1.13379 1.15448 1.00109 1.48619 1.19107 1.43476 1.18789 1.21237 1.22383 1.13658 1.06488 0.97131 0.842721 0.990734 0.804395 0.74562 0.757031 0.963383 0.934169 0.947233 0.864605 0.429426 0.963082 0.822259 0.878771 0.857625 0.86452 0.841292 0.850752 0.86429 
RBFMultiquadricAuto_iters5_phase_shifts2_NaiveFTFracDir_full_pi_is_0
 1.15006 0.618914 0.668441 0.7012 0.775949 0.721253 0.738272 0.742456 0.67011 1.37135 1.26623 1.1379 1.11249 1.00925 1.05939 1.05159 1.02723 1.01321 0.821744 1.1609 1.18066 1.19179 1.02623 1.13324 1.0417 1.2152 1.15882 0.960634 1.03799 0.919204 0.964727 0.760714 0.789255 0.847122 0.872069 0.879895 
RBFBell_iters0_phase_shifts9_Naive_full_pi_is_0
 1.25134 1.08585 1.10311 0.994696 1.08662 1.14588 1.15123 1.13266 1.08635 0.489279 0.50913 0.610034 0.65187 0.607097 0.741786 0.61404 0.70741 0.699841 0.952558 0.993119 0.831468 0.859162 0.816063 0.998205 0.817966 0.809347 0.823915 2.58544 1.04095 0.901507 0.769956 0.880644 0.938618 0.848661 0.899343 0.902502 
RBFBell_iters1_phase_shifts9_Naive_full_pi_is_0
 1.25134 1.08585 1.10311 0.994696 1.08662 1.14588 1.15123 1.13266 1.08635 0.489279 0.50913 0.610034 0.65187 0.607097 0.741786 0.61404 0.70741 0.699841 0.952558 0.993119 0.831468 0.859162 0.816063 0.998205 0.817966 0.809347 0.823915 2.58544 1.04095 0.901507 0.769956 0.880644 0.938618 0.848661 0.899343 0.902502 
RBFGaussian_iters1_phase_shifts9_Naive_full_pi_is_0
 1.25134 1.08585 1.10311 0.994696 1.08662 1.14588 1.15123 1.13266 1.08635 0.489279 0.50913 0.610034 0.65187 0.607097 0.741786 0.61404 0.70741 0.699841 0.952558 0.993119 0.831468 0.859162 0.816063 0.998205 0.817966 0.809347 0.823915 2.58544 1.04095 0.901507 0.769956 0.880644 0.938618 0.848661 0.899343 0.902502 
RBFGaussian_iters0_phase_shifts9_Naive_full_pi_is_0
 1.25134 1.08585 1.10311 0.994696 1.08662 1.14588 1.15123 1.13266 1.08635 0.489279 0.50913 0.610034 0.65187 0.607097 0.741786 0.61404 0.70741 0.699841 0.952558 0.993119 0.831468 0.859162 0.816063 0.998205 0.817966 0.809347 0.823915 2.58544 1.04095 0.901507 0.769956 0.880644 0.938618 0.848661 0.899343 0.902502 
Makima_iters4_phase_shifts3_Naive_full_pi_is_0
 1.28378 1.24926 1.4214 1.34388 1.08569 1.15364 1.17596 1.09154 0.983592 0.430674 0.544354 0.701252 0.743886 0.764224 0.853267 0.794109 0.828071 0.807796 1.09957 1.13949 1.08104 1.12832 1.03127 0.959947 0.899972 0.911021 0.855203 1.08803 0.726154 0.890515 0.932338 0.973988 0.886374 0.902982 0.933384 0.996805 
IDW_iters9_phase_shifts5_NaiveFTFracDir_full_pi_is_0
 1.65144 0.918609 0.90157 1.10396 0.879417 1.0191 1.01096 0.682948 0.725274 0.45474 0.629103 0.769852 0.751153 0.814744 0.866005 0.879265 0.936968 0.935076 1.24046 1.44957 1.38894 1.29028 1.11183 1.09166 1.05744 0.963643 1.14269 0.426205 0.544233 0.887825 0.910992 0.8514 0.956902 0.91085 1.09931 1.06491 
RBFGaussian_iters6_phase_shifts7_NaiveFTFracDir_full_pi_is_1
 0.772933 1.14589 1.00746 1.07853 1.06445 0.982758 0.998497 0.987436 0.857375 1.01649 0.946602 0.931379 0.97774 1.04051 1.07808 1.04575 1.05408 1.00282 0.66976 0.878902 0.967276 0.972151 1.05873 1.21706 1.22229 1.12427 1.15565 0.534417 1.30951 0.710845 0.980649 0.673333 0.798047 0.899063 0.956177 0.938555 
RBFBell_iters6_phase_shifts7_NaiveFTFracDir_full_pi_is_1
 0.772933 1.14589 1.00746 1.07853 1.06445 0.982758 0.998497 0.987436 0.857375 1.01649 0.946602 0.931379 0.97774 1.04051 1.07808 1.04575 1.05408 1.00282 0.66976 0.878902 0.967276 0.972151 1.05873 1.21706 1.22229 1.12427 1.15565 0.534417 1.30951 0.710845 0.980649 0.673333 0.798047 0.899063 0.956177 0.938555 
RBFTPS_iters9_phase_shifts9_NaiveFTFracDir_full_pi_is_1
 1.03587 1.29157 1.35098 1.16875 0.976263 1.05036 1.02747 1.05722 0.900329 0.427092 0.475474 0.497353 0.670725 0.680913 0.627855 0.782753 0.791701 0.79042 0.934861 0.852489 0.904061 0.784617 0.905354 1.46637 1.28214 1.27101 1.41221 0.895359 1.26039 0.927968 0.898849 1.01006 0.95106 0.989511 1.01516 1.02213 
RBFMultiquadricAuto_iters5_phase_shifts3_NaiveFTFracDir_full_pi_is_1
 0.540816 0.876442 0.925716 0.97125 1.03691 0.920141 0.944382 0.927434 0.81075 0.581205 0.588865 0.719099 0.8298 0.86899 0.944182 0.99201 0.941662 0.984524 0.870997 0.867873 1.02673 1.05785 1.26417 1.13338 1.23892 1.24437 1.35274 0.909424 1.25163 0.933873 1.23358 1.09614 0.960487 1.02947 1.02609 1.01648 
IDW_iters7_phase_shifts4_NaiveFTFracDir_full_pi_is_0
 0.951872 0.71189 0.733436 0.927712 0.741412 0.789002 0.91663 0.829377 0.638459 0.466312 0.620513 0.671567 0.729646 0.74806 0.798898 0.777417 0.821397 0.898301 1.17206 1.18928 1.10761 1.1712 1.03472 1.07958 1.03231 0.935291 1.03851 2.75398 1.19347 0.635968 0.722902 0.714899 0.866848 0.852957 0.936523 0.938911 
RBFBell_iters4_phase_shifts7_NaiveFTFracDir_full_pi_is_1
 0.384621 0.732925 0.677516 0.781265 0.892326 0.852725 0.867327 0.887836 0.808018 0.703243 0.665287 0.710872 0.761212 0.759731 0.813911 0.861471 0.864608 0.83539 0.787427 0.786459 0.981985 0.844704 1.10354 1.12851 1.17504 1.07446 1.08099 3.03132 1.12704 0.756547 0.981036 0.683557 0.731732 0.824155 0.861549 0.847052 
RBFGaussian_iters4_phase_shifts7_NaiveFTFracDir_full_pi_is_1
 0.384621 0.732925 0.677516 0.781265 0.892326 0.852725 0.867327 0.887836 0.808018 0.703243 0.665287 0.710872 0.761212 0.759731 0.813911 0.861471 0.864608 0.83539 0.787427 0.786459 0.981985 0.844704 1.10354 1.12851 1.17504 1.07446 1.08099 3.03132 1.12704 0.756547 0.981036 0.683557 0.731732 0.824155 0.861549 0.847052 
RBFGaussian_iters6_phase_shifts4_NaiveFTFracDir_full_pi_is_1
 0.653141 0.991473 1.27201 1.05503 0.972141 0.948238 0.981334 0.949164 0.901674 0.660246 0.762236 0.85089 0.890754 0.994812 1.0072 1.01017 1.0529 0.995494 0.765745 0.852607 0.982269 1.2107 1.15158 1.28957 1.25753 1.10472 1.13491 0.582001 0.951049 1.06103 1.11144 0.81892 0.911215 0.9383 1.01539 1.01756 
RBFBell_iters6_phase_shifts4_NaiveFTFracDir_full_pi_is_1
 0.653141 0.991473 1.27201 1.05503 0.972141 0.948238 0.981334 0.949164 0.901674 0.660246 0.762236 0.85089 0.890754 0.994812 1.0072 1.01017 1.0529 0.995494 0.765745 0.852607 0.982269 1.2107 1.15158 1.28957 1.25753 1.10472 1.13491 0.582001 0.951049 1.06103 1.11144 0.81892 0.911215 0.9383 1.01539 1.01756 
IDW_iters9_phase_shifts7_Naive_full_pi_is_1
 0.862003 1.42859 1.37205 1.46281 1.07409 1.00389 1.01177 0.95471 1.15166 0.526524 0.668287 0.647315 0.764315 0.694887 0.713738 0.783158 0.843772 0.813776 0.811808 0.615585 0.960394 0.876792 1.00909 1.24225 1.42008 1.30261 0.862422 0.79165 0.730002 0.983059 0.806151 1.02067 0.947102 1.06478 1.14138 1.16697 
IDW_iters8_phase_shifts9_Naive_full_pi_is_1
 0.797879 1.33867 1.35181 1.38662 1.04868 0.982982 0.991569 1.07779 0.9822 0.477679 0.69909 0.672922 0.820477 0.755793 0.809652 0.860006 0.899856 0.864437 0.801084 0.595746 0.896842 0.83935 1.0349 1.25412 1.45254 1.20911 1.14426 1.05169 0.749654 0.926998 0.776892 1.00104 0.930657 1.01302 1.09043 1.11727 
RBFBell_iters1_phase_shifts8_Naive_full_pi_is_0
 1.25142 1.1021 1.09216 0.98598 1.04553 1.13803 1.14373 1.12936 1.08348 0.430119 0.467594 0.604711 0.643548 0.603109 0.749846 0.618267 0.710734 0.697564 0.947915 0.988428 0.830983 0.858032 0.810697 0.989982 0.808405 0.802464 0.804664 2.7026 1.04249 0.902814 0.774199 0.868467 0.933809 0.84463 0.896292 0.902133 
RBFBell_iters0_phase_shifts8_Naive_full_pi_is_0
 1.25142 1.1021 1.09216 0.98598 1.04553 1.13803 1.14373 1.12936 1.08348 0.430119 0.467594 0.604711 0.643548 0.603109 0.749846 0.618267 0.710734 0.697564 0.947915 0.988428 0.830983 0.858032 0.810697 0.989982 0.808405 0.802464 0.804664 2.7026 1.04249 0.902814 0.774199 0.868467 0.933809 0.84463 0.896292 0.902133 
RBFGaussian_iters1_phase_shifts8_Naive_full_pi_is_0
 1.25142 1.1021 1.09216 0.98598 1.04553 1.13803 1.14373 1.12936 1.08348 0.430119 0.467594 0.604711 0.643548 0.603109 0.749846 0.618267 0.710734 0.697564 0.947915 0.988428 0.830983 0.858032 0.810697 0.989982 0.808405 0.802464 0.804664 2.7026 1.04249 0.902814 0.774199 0.868467 0.933809 0.84463 0.896292 0.902133 
RBFGaussian_iters0_phase_shifts8_Naive_full_pi_is_0
 1.25142 1.1021 1.09216 0.98598 1.04553 1.13803 1.14373 1.12936 1.08348 0.430119 0.467594 0.604711 0.643548 0.603109 0.749846 0.618267 0.710734 0.697564 0.947915 0.988428 0.830983 0.858032 0.810697 0.989982 0.808405 0.802464 0.804664 2.7026 1.04249 0.902814 0.774199 0.868467 0.933809 0.84463 0.896292 0.902133 
RBFMultiquadricManual_iters1_phase_shifts8_Naive_full_pi_is_1
 0.831568 0.754516 0.748892 0.829962 0.941175 1.14225 1.13619 1.15974 1.0026 1.46652 1.20135 1.45821 1.22239 1.2267 1.24928 1.15335 1.08953 1.00055 0.845586 0.996216 0.807423 0.729171 0.763162 0.983012 0.953466 0.947607 0.855072 0.408072 0.901023 0.770837 0.883005 0.87085 0.871885 0.855542 0.862018 0.876112 
RBFMultiquadricManual_iters0_phase_shifts8_Naive_full_pi_is_1
 0.831568 0.754516 0.748892 0.829962 0.941175 1.14225 1.13619 1.15974 1.0026 1.46652 1.20135 1.45821 1.22239 1.2267 1.24928 1.15335 1.08953 1.00055 0.845586 0.996216 0.807423 0.729171 0.763162 0.983012 0.953466 0.947607 0.855072 0.408072 0.901023 0.770837 0.883005 0.87085 0.871885 0.855542 0.862018 0.876112 
RBFMultiquadricAuto_iters3_phase_shifts3_Naive_full_pi_is_1
 0.391308 0.838309 0.851481 0.910924 0.952704 0.896118 0.906693 1.06835 0.879171 1.10256 0.923331 1.22418 1.21435 1.23942 1.14399 1.14406 1.10604 1.10153 0.725809 0.787635 0.847506 0.855968 0.87382 1.21649 1.15613 1.18398 1.26951 0.80283 0.973577 0.986853 1.00587 0.819543 0.906483 0.903017 0.917738 0.907303 
RBFMultiquadricAuto_iters2_phase_shifts6_Naive_full_pi_is_1
 0.511342 0.863259 0.858037 0.886289 1.02595 0.979306 0.977928 1.11888 1.08785 0.67923 0.800695 1.17534 1.24453 1.18873 1.16947 1.12074 1.04793 1.04279 0.785467 0.878081 0.846955 0.840192 0.86718 1.30117 1.23126 1.23304 1.16359 0.721723 0.865664 0.932912 0.991094 1.02178 0.879142 0.899456 0.916094 0.909929 
IDW_iters8_phase_shifts5_NaiveFTFracDir_full_pi_is_0
 1.54753 0.831413 0.863033 1.02034 0.793634 0.798395 0.926714 0.655443 0.515025 0.411081 0.588536 0.717794 0.741571 0.782205 0.819734 0.82788 0.893902 0.929222 1.6942 1.42334 1.59822 1.28406 1.11312 1.15191 1.09436 0.964768 1.16084 0.491615 0.76973 0.854492 0.872573 0.844567 1.00361 0.917731 1.09065 1.06346 
RBFGaussian_iters7_phase_shifts4_NaiveFTFracDir_full_pi_is_0
 1.39645 1.07831 1.09137 1.19993 0.948131 0.902984 0.918932 0.816299 0.726107 0.61538 0.829192 0.822393 0.827231 0.961073 0.921282 0.945111 0.985116 1.06826 1.27417 1.14524 1.14539 1.22183 1.07333 0.891203 0.801638 1.0551 1.04493 0.92819 0.859173 0.834782 1.04671 0.821309 0.958135 0.995273 1.02021 1.00788 
RBFBell_iters7_phase_shifts4_NaiveFTFracDir_full_pi_is_0
 1.39645 1.07831 1.09137 1.19993 0.948131 0.902984 0.918932 0.816299 0.726107 0.61538 0.829192 0.822393 0.827231 0.961073 0.921282 0.945111 0.985116 1.06826 1.27417 1.14524 1.14539 1.22183 1.07333 0.891203 0.801638 1.0551 1.04493 0.92819 0.859173 0.834782 1.04671 0.821309 0.958135 0.995273 1.02021 1.00788 
IDW_iters6_phase_shifts2_NaiveFTFracDir_full_pi_is_1
 0.818394 1.12705 0.956218 0.860999 0.953146 0.974851 0.920204 0.878499 0.831043 0.42984 0.594749 0.624215 0.676028 0.688648 0.708551 0.75142 0.797797 0.855345 0.873413 0.787943 1.05139 1.19256 1.07831 1.12528 1.21705 1.04363 1.03933 2.67101 0.90288 0.733313 0.924568 0.813073 0.940422 0.883549 0.886423 0.885453 
RBFMultiquadricAuto_iters8_phase_shifts6_NaiveFTFracDir_full_pi_is_1
 0.73981 1.27259 1.25054 1.1516 1.07082 0.838574 0.85833 0.966333 0.836492 0.437129 0.509088 0.632425 0.798964 0.836425 0.814276 0.868406 0.84854 0.835659 0.77078 0.736788 0.721917 1.0817 0.942856 1.37194 1.54846 1.49002 1.37419 0.9358 1.26384 0.878462 0.867203 0.989205 0.974194 0.95517 0.994509 1.03056 
RBFMultiquadricManual_iters0_phase_shifts7_Naive_full_pi_is_1
 0.872129 0.766861 0.769483 0.843115 0.947526 1.14784 1.14161 1.16199 1.00579 1.459 1.19358 1.44731 1.20902 1.21264 1.23646 1.14268 1.07824 0.991711 0.8458 0.992802 0.805959 0.732433 0.762569 0.974801 0.945712 0.942633 0.851283 0.479865 0.916079 0.823602 0.886731 0.868557 0.870648 0.853609 0.860365 0.874825 
RBFMultiquadricManual_iters1_phase_shifts7_Naive_full_pi_is_1
 0.872129 0.766861 0.769483 0.843115 0.947526 1.14784 1.14161 1.16199 1.00579 1.459 1.19358 1.44731 1.20902 1.21264 1.23646 1.14268 1.07824 0.991711 0.8458 0.992802 0.805959 0.732433 0.762569 0.974801 0.945712 0.942633 0.851283 0.479865 0.916079 0.823602 0.886731 0.868557 0.870648 0.853609 0.860365 0.874825 
RBFMultiquadricAuto_iters8_phase_shifts2_NaiveFTFracDir_full_pi_is_1
 0.865319 0.928097 1.01563 0.94556 0.969627 0.903618 1.07987 0.958217 0.945292 0.755499 0.673655 0.784897 1.01596 0.947336 1.00694 1.02334 1.11145 0.978462 0.74123 0.85067 0.934844 1.06313 1.31732 1.26078 1.18637 1.30059 1.20923 0.632114 1.09502 0.877176 1.07965 0.872385 0.973478 0.960368 0.984668 0.981666 
RBFMultiquadricAuto_iters5_phase_shifts5_NaiveFTFracDir_full_pi_is_1
 0.708459 0.875719 0.897084 1.09422 0.896105 0.841314 0.808439 0.866597 0.740781 1.05171 0.976013 0.929762 1.04098 0.941664 1.0342 1.0803 1.0602 1.03883 0.83826 0.822922 1.04714 1.01051 1.12332 1.35857 1.38624 1.31714 1.28567 0.704055 0.83791 0.818824 1.07535 0.827401 0.952161 0.936193 0.979 0.967544 
RBFMultiquadricAuto_iters2_phase_shifts5_Naive_full_pi_is_1
 0.579893 0.848742 0.838194 0.860932 1.01669 0.972307 0.974285 1.04125 1.07183 0.776601 0.886438 1.21838 1.28108 1.20904 1.17312 1.13515 1.06748 1.06041 0.781731 0.878247 0.8468 0.843223 0.871545 1.25849 1.19046 1.20085 1.15676 0.775369 0.91 0.9298 0.986134 1.01365 0.849142 0.891105 0.912777 0.901504 
RBFMultiquadricManual_iters0_phase_shifts9_Naive_full_pi_is_1
 0.829662 0.758683 0.753027 0.841542 0.94636 1.14632 1.14021 1.14628 1.00465 1.4657 1.20061 1.46318 1.2286 1.23081 1.25606 1.15842 1.09469 1.00522 0.847065 0.997576 0.808545 0.727435 0.763307 0.985096 0.956429 0.951031 0.858577 0.408586 0.903182 0.768858 0.88636 0.873355 0.874212 0.857372 0.86395 0.875824 
RBFMultiquadricManual_iters1_phase_shifts9_Naive_full_pi_is_1
 0.829662 0.758683 0.753027 0.841542 0.94636 1.14632 1.14021 1.14628 1.00465 1.4657 1.20061 1.46318 1.2286 1.23081 1.25606 1.15842 1.09469 1.00522 0.847065 0.997576 0.808545 0.727435 0.763307 0.985096 0.956429 0.951031 0.858577 0.408586 0.903182 0.768858 0.88636 0.873355 0.874212 0.857372 0.86395 0.875824 
RBFMultiquadricAuto_iters0_phase_shifts7_Naive_full_pi_is_0
 1.04523 0.840009 0.6974 0.814765 1.12281 1.16252 1.16232 1.06429 1.12776 0.57138 0.654848 1.15885 1.09903 1.07585 1.06369 1.06092 0.992316 0.977436 0.912728 1.08789 0.879918 0.904186 0.844544 1.062 1.01425 1.18242 0.976291 0.591228 0.902536 1.05158 1.01481 1.06057 1.11224 0.970827 0.993736 1.01213 
RBFMultiquadricAuto_iters1_phase_shifts7_Naive_full_pi_is_0
 1.04523 0.840009 0.6974 0.814765 1.12281 1.16252 1.16232 1.06429 1.12776 0.57138 0.654848 1.15885 1.09903 1.07585 1.06369 1.06092 0.992316 0.977436 0.912728 1.08789 0.879918 0.904186 0.844544 1.062 1.01425 1.18242 0.976291 0.591228 0.902536 1.05158 1.01481 1.06057 1.11224 0.970827 0.993736 1.01213 
RBFMultiquadricAuto_iters1_phase_shifts5_Naive_full_pi_is_0
 1.03844 0.787505 0.795253 0.772232 1.09743 1.14093 1.13803 1.05072 1.0812 0.585758 0.669134 1.19379 1.10144 1.07349 1.02869 1.04875 0.990467 0.978314 0.903355 1.09878 0.93127 0.951815 0.880077 1.09402 1.04074 1.20419 0.963475 0.77502 0.909799 1.03051 0.98692 1.04511 1.05797 0.94827 0.986041 0.991182 
RBFMultiquadricAuto_iters0_phase_shifts5_Naive_full_pi_is_0
 1.03844 0.787505 0.795253 0.772232 1.09743 1.14093 1.13803 1.05072 1.0812 0.585758 0.669134 1.19379 1.10144 1.07349 1.02869 1.04875 0.990467 0.978314 0.903355 1.09878 0.93127 0.951815 0.880077 1.09402 1.04074 1.20419 0.963475 0.77502 0.909799 1.03051 0.98692 1.04511 1.05797 0.94827 0.986041 0.991182 
RBFBell_iters6_phase_shifts5_Naive_full_pi_is_1
 0.907385 1.30652 1.28066 1.33851 1.08022 1.04386 1.02874 0.993344 1.00185 0.609827 0.705681 0.860119 0.86386 0.910795 0.906259 0.972162 0.968505 0.9344 0.940035 0.645342 0.852343 0.83148 0.94677 1.05895 1.26324 1.2096 1.03988 1.10746 0.941837 1.00108 0.755454 0.847497 0.990137 1.05656 1.03168 0.985961 
RBFGaussian_iters6_phase_shifts5_Naive_full_pi_is_1
 0.907385 1.30652 1.28066 1.33851 1.08022 1.04386 1.02874 0.993344 1.00185 0.609827 0.705681 0.860119 0.86386 0.910795 0.906259 0.972162 0.968505 0.9344 0.940035 0.645342 0.852343 0.83148 0.94677 1.05895 1.26324 1.2096 1.03988 1.10746 0.941837 1.00108 0.755454 0.847497 0.990137 1.05656 1.03168 0.985961 
RBFMultiquadricAuto_iters6_phase_shifts6_NaiveFTFracDir_full_pi_is_1
 0.75645 1.00218 0.993489 0.950216 0.971386 0.861018 0.87315 0.911585 0.84359 0.766969 0.616768 0.981995 0.905869 1.10883 1.0764 1.08814 1.03409 1.01072 0.7733 0.724258 0.851603 1.02836 1.0464 1.46046 1.50989 1.4447 1.39153 0.755856 0.87023 0.840631 0.91318 0.850253 0.927277 0.929178 0.947473 0.965134 
RBFMultiquadricAuto_iters0_phase_shifts9_Naive_full_pi_is_0
 1.04894 0.689648 0.722324 0.855172 1.14281 1.18111 1.18877 1.07071 1.14384 0.571946 0.643503 1.14651 1.08795 1.07697 1.02885 1.03483 0.988744 0.994553 0.903203 1.08488 0.882366 0.904959 0.846794 1.08497 1.03494 1.19879 0.986431 0.631456 0.897106 1.04437 1.02987 1.00846 1.11676 0.979018 1.00408 1.0093 
RBFMultiquadricAuto_iters1_phase_shifts9_Naive_full_pi_is_0
 1.04894 0.689648 0.722324 0.855172 1.14281 1.18111 1.18877 1.07071 1.14384 0.571946 0.643503 1.14651 1.08795 1.07697 1.02885 1.03483 0.988744 0.994553 0.903203 1.08488 0.882366 0.904959 0.846794 1.08497 1.03494 1.19879 0.986431 0.631456 0.897106 1.04437 1.02987 1.00846 1.11676 0.979018 1.00408 1.0093 
RBFGaussian_iters6_phase_shifts9_NaiveFTFracDir_full_pi_is_1
 0.727387 0.961052 1.13202 1.02903 0.99604 0.941135 0.995113 0.935205 0.828674 1.0502 0.930203 0.880494 0.979477 1.07857 1.05335 1.05201 1.04536 1.01409 0.720367 0.8534 1.00996 0.983818 0.998885 1.25495 1.38668 1.10323 1.10258 1.15309 0.951814 0.759229 1.07415 0.737457 0.838181 0.912728 0.959567 0.954241 
RBFBell_iters6_phase_shifts9_NaiveFTFracDir_full_pi_is_1
 0.727387 0.961052 1.13202 1.02903 0.99604 0.941135 0.995113 0.935205 0.828674 1.0502 0.930203 0.880494 0.979477 1.07857 1.05335 1.05201 1.04536 1.01409 0.720367 0.8534 1.00996 0.983818 0.998885 1.25495 1.38668 1.10323 1.10258 1.15309 0.951814 0.759229 1.07415 0.737457 0.838181 0.912728 0.959567 0.954241 
RBFMultiquadricAuto_iters7_phase_shifts5_NaiveFTFracDir_full_pi_is_1
 0.649474 0.986014 1.00238 0.955383 0.907248 0.850161 0.852105 0.856913 0.742122 0.829913 0.732608 0.863137 0.948296 0.961444 1.01471 1.03031 0.994957 0.969695 0.788682 0.702319 0.753368 0.981699 1.08104 1.38019 1.38013 1.40883 1.30738 1.07678 0.948008 0.87537 1.2156 1.01163 1.02284 0.994654 1.01999 1.03145 
RBFTPS_iters6_phase_shifts2_Naive_full_pi_is_0
 1.40169 1.27256 1.27619 1.2166 0.79292 1.05309 0.786904 1.01674 0.797927 0.372462 0.429174 0.542545 0.731632 0.763151 0.800574 0.81914 0.792282 0.842744 0.809601 1.10311 1.07451 1.11981 1.04494 0.933745 0.899209 0.826032 0.890366 0.994013 0.800979 1.08233 1.05991 1.33209 1.23241 1.1857 1.26402 1.27957 
RBFMultiquadricAuto_iters1_phase_shifts8_Naive_full_pi_is_0
 1.04739 0.679997 0.726846 0.84519 1.13816 1.17682 1.18455 1.07224 1.13454 0.567697 0.663309 1.15546 1.10131 1.08255 1.06485 1.04804 0.994977 0.99497 0.901594 1.08495 0.882414 0.905469 0.846678 1.06711 1.01975 1.18617 0.980469 0.621919 0.901054 1.03941 1.02519 1.05557 1.11017 0.971943 0.997874 1.01342 
RBFMultiquadricAuto_iters0_phase_shifts8_Naive_full_pi_is_0
 1.04739 0.679997 0.726846 0.84519 1.13816 1.17682 1.18455 1.07224 1.13454 0.567697 0.663309 1.15546 1.10131 1.08255 1.06485 1.04804 0.994977 0.99497 0.901594 1.08495 0.882414 0.905469 0.846678 1.06711 1.01975 1.18617 0.980469 0.621919 0.901054 1.03941 1.02519 1.05557 1.11017 0.971943 0.997874 1.01342 
RBFMultiquadricAuto_iters7_phase_shifts8_NaiveFTFracDir_full_pi_is_1
 0.69413 1.01132 1.05249 0.939303 1.02253 0.861874 0.894773 0.943108 0.845279 0.656241 0.679889 0.736827 0.94047 0.931622 0.928403 0.976823 0.991897 0.923534 0.824205 0.748895 0.766172 1.00863 1.00936 1.39398 1.36854 1.42581 1.26799 1.14181 1.15962 0.943159 1.17029 0.8339 1.01374 1.00768 0.992026 1.01821 
RBFBell_iters7_phase_shifts6_NaiveFTFracDir_full_pi_is_1
 0.834615 1.16352 1.29153 1.27775 1.0869 1.01602 1.04915 1.00244 0.829923 0.723542 0.843281 0.83097 0.986281 1.0839 1.05552 1.08105 1.06114 1.024 0.660445 0.762018 0.831453 0.926318 1.03409 1.14371 1.26551 1.20393 1.17091 0.802222 0.941709 0.740869 1.05675 0.81271 0.816151 0.930286 0.983968 0.9581 
RBFGaussian_iters7_phase_shifts6_NaiveFTFracDir_full_pi_is_1
 0.834615 1.16352 1.29153 1.27775 1.0869 1.01602 1.04915 1.00244 0.829923 0.723542 0.843281 0.83097 0.986281 1.0839 1.05552 1.08105 1.06114 1.024 0.660445 0.762018 0.831453 0.926318 1.03409 1.14371 1.26551 1.20393 1.17091 0.802222 0.941709 0.740869 1.05675 0.81271 0.816151 0.930286 0.983968 0.9581 
RBFMultiquadricAuto_iters2_phase_shifts4_Naive_full_pi_is_1
 0.519004 0.779686 0.783261 0.811827 0.977967 0.929048 0.931501 1.01769 1.03535 0.794052 0.894261 1.23474 1.28279 1.20403 1.18301 1.12867 1.06203 1.05975 0.782792 0.882946 0.844907 0.841154 0.853716 1.2738 1.17849 1.15588 1.06108 1.43717 0.812899 0.918292 0.95194 1.04811 0.844254 0.871654 0.887275 0.875016 
RBFMultiquadricAuto_iters9_phase_shifts3_Naive_full_pi_is_1
 0.72976 1.33779 1.16706 1.30036 0.962106 0.899865 0.902921 0.985212 0.984628 0.527991 0.670714 0.955019 0.929186 0.821985 0.906139 0.928937 0.887238 0.940646 0.691104 0.623513 0.864914 0.849748 0.915028 1.28636 1.18836 1.40143 1.33002 0.637115 0.897153 1.08763 0.915644 1.12184 1.14414 1.06513 1.01861 1.09189 
RBFBell_iters7_phase_shifts3_Naive_full_pi_is_1
 0.808628 1.19381 1.19814 1.11103 1.07755 1.04884 1.05751 0.967521 0.962893 0.950334 0.881356 0.979979 1.05141 1.1513 1.09419 1.10349 1.113 1.07377 0.915694 0.578048 0.908194 0.922524 1.0386 0.982958 1.08036 1.02283 1.24756 0.955877 0.84875 0.984532 0.729414 0.688305 0.767164 1.01868 0.941756 0.940882 
RBFGaussian_iters7_phase_shifts3_Naive_full_pi_is_1
 0.808628 1.19381 1.19814 1.11103 1.07755 1.04884 1.05751 0.967521 0.962893 0.950334 0.881356 0.979979 1.05141 1.1513 1.09419 1.10349 1.113 1.07377 0.915694 0.578048 0.908194 0.922524 1.0386 0.982958 1.08036 1.02283 1.24756 0.955877 0.84875 0.984532 0.729414 0.688305 0.767164 1.01868 0.941756 0.940882 
RBFGaussian_iters6_phase_shifts9_NaiveFTFracDir_full_pi_is_0
 1.44657 1.02651 1.05324 1.06064 0.972937 0.88503 0.885392 0.837202 0.736297 0.664957 0.754773 0.732658 0.908266 0.990425 1.00643 1.01265 1.0672 1.08396 1.32946 1.21356 1.16584 1.29457 1.13044 0.841239 0.806825 0.931261 0.934422 0.649771 1.00038 0.955493 1.08515 0.825995 0.935677 0.995493 1.01602 1.00797 
RBFBell_iters6_phase_shifts9_NaiveFTFracDir_full_pi_is_0
 1.44657 1.02651 1.05324 1.06064 0.972937 0.88503 0.885392 0.837202 0.736297 0.664957 0.754773 0.732658 0.908266 0.990425 1.00643 1.01265 1.0672 1.08396 1.32946 1.21356 1.16584 1.29457 1.13044 0.841239 0.806825 0.931261 0.934422 0.649771 1.00038 0.955493 1.08515 0.825995 0.935677 0.995493 1.01602 1.00797 
RBFMultiquadricManual_iters2_phase_shifts8_NaiveFTFracDir_full_pi_is_0
 0.675984 0.492468 0.533227 0.699482 0.792424 0.902792 0.906864 1.03541 0.93046 1.25873 1.2629 1.43487 1.18401 1.21822 1.22482 1.2007 1.12495 1.00809 1.11106 1.25323 1.11241 1.08873 1.0713 0.917316 0.911767 0.795497 0.912057 0.971694 1.06074 0.855267 0.964479 0.803611 0.850215 0.796366 0.821265 0.830824 
RBFMultiquadricAuto_iters1_phase_shifts6_Naive_full_pi_is_0
 1.04326 0.652788 0.845534 0.808616 1.11592 1.15649 1.15344 1.05626 1.09347 0.574097 0.660326 1.17025 1.10329 1.08012 1.06684 1.06553 0.994119 0.982381 0.908105 1.0885 0.93174 0.951291 0.897345 1.09545 1.04669 1.20717 0.993827 0.57509 0.91007 1.04464 1.00729 1.05513 1.10345 0.96085 0.984484 0.988621 
RBFMultiquadricAuto_iters0_phase_shifts6_Naive_full_pi_is_0
 1.04326 0.652788 0.845534 0.808616 1.11592 1.15649 1.15344 1.05626 1.09347 0.574097 0.660326 1.17025 1.10329 1.08012 1.06684 1.06553 0.994119 0.982381 0.908105 1.0885 0.93174 0.951291 0.897345 1.09545 1.04669 1.20717 0.993827 0.57509 0.91007 1.04464 1.00729 1.05513 1.10345 0.96085 0.984484 0.988621 
RBFMultiquadricAuto_iters4_phase_shifts4_Naive_full_pi_is_1
 0.55294 0.942689 1.00085 0.990084 0.960704 0.83405 0.859136 1.01077 1.03676 0.886598 0.895032 1.06662 1.14638 1.16596 0.995057 1.0999 1.04028 0.972756 0.741493 0.76365 0.90921 0.878796 0.948808 1.27682 1.14894 1.3367 1.2737 0.64376 1.07361 0.967315 1.10501 0.830209 0.996409 0.981062 1.00341 1.01418 
RBFBell_iters6_phase_shifts7_Naive_full_pi_is_1
 0.797507 1.37257 1.17376 1.23954 1.04333 0.99359 0.991853 1.00878 0.974959 0.73227 0.750015 0.814036 0.935367 1.0747 0.980788 1.05681 1.06127 1.02934 0.724591 0.562498 0.852854 0.857927 0.975623 1.10569 1.28703 1.24154 1.05772 1.04446 0.901832 1.03451 0.779391 0.810642 0.93703 1.09845 0.996707 1.01605 
RBFGaussian_iters6_phase_shifts7_Naive_full_pi_is_1
 0.797507 1.37257 1.17376 1.23954 1.04333 0.99359 0.991853 1.00878 0.974959 0.73227 0.750015 0.814036 0.935367 1.0747 0.980788 1.05681 1.06127 1.02934 0.724591 0.562498 0.852854 0.857927 0.975623 1.10569 1.28703 1.24154 1.05772 1.04446 0.901832 1.03451 0.779391 0.810642 0.93703 1.09845 0.996707 1.01605 
RBFMultiquadricAuto_iters5_phase_shifts3_NaiveFTFracDir_full_pi_is_0
 1.22565 0.725236 0.715769 0.793673 0.884642 0.771205 0.770637 0.793893 0.62197 1.10293 1.07528 1.22424 0.985162 0.959953 1.05423 1.02482 1.06348 1.08846 0.839944 1.10663 1.14001 1.19867 1.01138 1.10552 1.16895 1.18722 1.14769 1.02518 0.89958 0.978245 1.03054 0.807085 0.91356 0.970399 0.992965 0.995364 
IDW_iters8_phase_shifts4_NaiveFTFracDir_full_pi_is_1
 0.65199 1.05783 1.04657 1.04664 1.1112 1.29658 1.27133 0.975096 0.897672 0.50999 0.750422 0.597821 0.767401 0.794066 0.827837 0.852776 0.875215 0.890538 0.904672 0.793128 1.00697 1.02055 1.00447 1.40073 1.43772 1.29768 1.34027 1.18174 0.938045 0.873188 1.01735 0.730287 0.848966 0.930041 1.03267 1.02522 
RBFBell_iters6_phase_shifts6_NaiveFTFracDir_full_pi_is_1
 0.640677 1.12179 1.32343 1.19088 1.05456 0.992575 0.966373 0.959844 0.849676 0.809924 0.738584 0.798725 0.938963 1.0017 0.995 1.04071 1.01828 0.980746 0.826474 0.837061 0.943253 1.21242 1.20217 1.16979 1.33072 1.17104 1.1994 0.711067 0.958635 0.785424 1.03438 0.938974 0.828078 0.89738 0.954205 0.95386 
RBFGaussian_iters6_phase_shifts6_NaiveFTFracDir_full_pi_is_1
 0.640677 1.12179 1.32343 1.19088 1.05456 0.992575 0.966373 0.959844 0.849676 0.809924 0.738584 0.798725 0.938963 1.0017 0.995 1.04071 1.01828 0.980746 0.826474 0.837061 0.943253 1.21242 1.20217 1.16979 1.33072 1.17104 1.1994 0.711067 0.958635 0.785424 1.03438 0.938974 0.828078 0.89738 0.954205 0.95386 
RBFGaussian_iters6_phase_shifts8_Naive_full_pi_is_1
 0.785967 1.43037 1.20662 1.30146 1.0584 1.00561 1.01435 1.02492 1.01416 0.589864 0.590189 0.734067 0.883797 1.00969 0.945105 1.02123 1.02346 1.02514 0.716653 0.591973 0.865035 0.822482 0.987136 1.21938 1.29886 1.2408 1.0559 1.0347 0.911637 1.04287 0.805984 0.835001 0.960775 1.12032 1.0041 1.02191 
RBFBell_iters6_phase_shifts8_Naive_full_pi_is_1
 0.785967 1.43037 1.20662 1.30146 1.0584 1.00561 1.01435 1.02492 1.01416 0.589864 0.590189 0.734067 0.883797 1.00969 0.945105 1.02123 1.02346 1.02514 0.716653 0.591973 0.865035 0.822482 0.987136 1.21938 1.29886 1.2408 1.0559 1.0347 0.911637 1.04287 0.805984 0.835001 0.960775 1.12032 1.0041 1.02191 
Makima_iters3_phase_shifts8_Naive_full_pi_is_0
 0.868871 1.02524 1.07393 1.30442 1.1173 1.21098 1.20627 1.09009 0.905444 0.3891 0.48761 0.778931 0.747928 0.75594 0.83939 0.851202 0.838285 0.89961 1.2596 1.13344 1.01103 1.04536 0.967149 0.956388 0.862629 0.854394 0.788991 1.2167 0.791117 1.2318 1.34967 1.12117 1.05326 1.01569 1.03241 1.01997 
RBFGaussian_iters7_phase_shifts5_Naive_full_pi_is_1
 0.794676 1.20421 1.37423 1.31016 1.11254 1.07325 1.08074 1.0689 0.958953 0.612211 0.740661 0.751227 0.89449 1.0188 0.960829 1.02638 1.01255 1.00946 0.721042 0.478391 0.853362 0.857686 1.00707 1.2438 1.24009 1.17631 1.16027 0.749242 0.941042 1.05937 0.781378 1.00648 0.862403 1.07434 0.997962 1.01559 
RBFBell_iters7_phase_shifts5_Naive_full_pi_is_1
 0.794676 1.20421 1.37423 1.31016 1.11254 1.07325 1.08074 1.0689 0.958953 0.612211 0.740661 0.751227 0.89449 1.0188 0.960829 1.02638 1.01255 1.00946 0.721042 0.478391 0.853362 0.857686 1.00707 1.2438 1.24009 1.17631 1.16027 0.749242 0.941042 1.05937 0.781378 1.00648 0.862403 1.07434 0.997962 1.01559 
RBFMultiquadricAuto_iters6_phase_shifts7_NaiveFTFracDir_full_pi_is_1
 0.74222 1.09328 1.05803 1.1514 1.07042 0.898668 0.884101 0.965071 0.865192 0.872164 0.65633 0.846143 0.956457 0.909937 1.00316 1.01651 0.988413 0.952996 0.729136 0.676826 0.82133 1.0167 1.02881 1.36873 1.48301 1.4088 1.2425 0.709711 1.1989 0.863033 1.03576 0.832005 0.97458 0.966534 0.996231 0.982288 
RBFMultiquadricAuto_iters7_phase_shifts3_Naive_full_pi_is_1
 0.747477 1.20565 1.17147 1.11519 0.992742 0.906482 0.896634 0.970022 0.956082 0.844461 0.733954 1.03338 1.04233 1.10091 1.01303 1.02061 0.989005 1.03429 0.68979 0.583475 0.899334 0.917915 0.928432 1.24282 1.17866 1.33957 1.34744 0.374007 0.918907 0.979011 0.981668 1.03515 1.05426 1.01427 0.984473 1.0336 
RBFGaussian_iters8_phase_shifts1_Naive_full_pi_is_1
 1.00788 0.592344 0.467491 0.455644 0.907797 0.807071 0.811401 0.713319 0.64436 1.53863 1.57021 1.37347 1.27547 1.28743 1.17469 1.24506 1.18939 1.11941 0.571934 0.612914 1.0939 1.10765 0.998876 0.808163 0.987294 1.01361 1.08417 0.714392 0.942426 0.824394 0.913622 0.878554 0.940326 1.02323 0.962826 0.959125 
RBFGaussian_iters8_phase_shifts1_NaiveFTFracDir_full_pi_is_0
 1.00788 0.592344 0.467491 0.455644 0.907797 0.807071 0.811401 0.713319 0.64436 1.53863 1.57021 1.37347 1.27547 1.28743 1.17469 1.24506 1.18939 1.11941 0.571934 0.612914 1.0939 1.10765 0.998876 0.808163 0.987294 1.01361 1.08417 0.714392 0.942426 0.824394 0.913622 0.878554 0.940326 1.02323 0.962826 0.959125 
RBFGaussian_iters8_phase_shifts1_NaiveFTFracDir_full_pi_is_1
 1.00788 0.592344 0.467491 0.455644 0.907797 0.807071 0.811401 0.713319 0.64436 1.53863 1.57021 1.37347 1.27547 1.28743 1.17469 1.24506 1.18939 1.11941 0.571934 0.612914 1.0939 1.10765 0.998876 0.808163 0.987294 1.01361 1.08417 0.714392 0.942426 0.824394 0.913622 0.878554 0.940326 1.02323 0.962826 0.959125 
RBFGaussian_iters8_phase_shifts1_Naive_full_pi_is_0
 1.00788 0.592344 0.467491 0.455644 0.907797 0.807071 0.811401 0.713319 0.64436 1.53863 1.57021 1.37347 1.27547 1.28743 1.17469 1.24506 1.18939 1.11941 0.571934 0.612914 1.0939 1.10765 0.998876 0.808163 0.987294 1.01361 1.08417 0.714392 0.942426 0.824394 0.913622 0.878554 0.940326 1.02323 0.962826 0.959125 
RBFBell_iters8_phase_shifts1_NaiveFTFracDir_full_pi_is_0
 1.00788 0.592344 0.467491 0.455644 0.907797 0.807071 0.811401 0.713319 0.64436 1.53863 1.57021 1.37347 1.27547 1.28743 1.17469 1.24506 1.18939 1.11941 0.571934 0.612914 1.0939 1.10765 0.998876 0.808163 0.987294 1.01361 1.08417 0.714392 0.942426 0.824394 0.913622 0.878554 0.940326 1.02323 0.962826 0.959125 
RBFBell_iters8_phase_shifts1_NaiveFTFracDir_full_pi_is_1
 1.00788 0.592344 0.467491 0.455644 0.907797 0.807071 0.811401 0.713319 0.64436 1.53863 1.57021 1.37347 1.27547 1.28743 1.17469 1.24506 1.18939 1.11941 0.571934 0.612914 1.0939 1.10765 0.998876 0.808163 0.987294 1.01361 1.08417 0.714392 0.942426 0.824394 0.913622 0.878554 0.940326 1.02323 0.962826 0.959125 
RBFBell_iters8_phase_shifts1_Naive_full_pi_is_0
 1.00788 0.592344 0.467491 0.455644 0.907797 0.807071 0.811401 0.713319 0.64436 1.53863 1.57021 1.37347 1.27547 1.28743 1.17469 1.24506 1.18939 1.11941 0.571934 0.612914 1.0939 1.10765 0.998876 0.808163 0.987294 1.01361 1.08417 0.714392 0.942426 0.824394 0.913622 0.878554 0.940326 1.02323 0.962826 0.959125 
RBFBell_iters8_phase_shifts1_Naive_full_pi_is_1
 1.00788 0.592344 0.467491 0.455644 0.907797 0.807071 0.811401 0.713319 0.64436 1.53863 1.57021 1.37347 1.27547 1.28743 1.17469 1.24506 1.18939 1.11941 0.571934 0.612914 1.0939 1.10765 0.998876 0.808163 0.987294 1.01361 1.08417 0.714392 0.942426 0.824394 0.913622 0.878554 0.940326 1.02323 0.962826 0.959125 
IDW_iters3_phase_shifts6_Naive_full_pi_is_0
 1.81212 1.05739 1.04059 1.16908 1.10085 1.10298 1.08516 1.17733 1.14372 0.390976 0.483267 0.577776 0.694097 0.771719 0.823572 0.845201 0.85481 0.857772 1.00079 1.03392 0.976959 1.03488 0.981295 0.888751 0.882983 0.893473 0.887706 1.15879 0.723951 0.999488 1.00459 1.16735 1.15854 1.0695 1.05069 1.0147 
RBFTPS_iters9_phase_shifts7_Naive_full_pi_is_1
 1.09422 1.62798 1.63752 1.41402 0.902263 0.86816 0.899387 1.06583 1.17979 0.375472 0.492459 0.55238 0.598865 0.746249 0.771492 0.796005 0.824438 0.800565 0.991089 0.568627 0.66042 0.724664 0.907725 1.28191 1.34167 1.18487 1.10661 0.680881 0.949069 0.90564 1.00701 1.32857 0.906531 1.07515 1.01738 1.10313 
IDW_iters8_phase_shifts7_Naive_full_pi_is_1
 0.760693 1.35913 1.36587 1.40607 1.12125 1.03122 1.0251 1.0097 0.993704 0.477807 0.64506 0.652516 0.829514 0.741935 0.800914 0.878981 0.8964 0.929418 0.844248 0.626812 0.911212 0.842375 1.01453 1.19501 1.44206 1.12959 1.36815 1.16821 0.63315 0.949449 0.794756 0.999524 0.930258 1.00918 1.07344 1.11597 
RBFMultiquadricAuto_iters0_phase_shifts4_Naive_full_pi_is_0
 1.02994 0.746807 0.763348 0.872475 1.04886 1.11986 1.1128 1.02643 1.06523 0.674996 0.765248 1.1845 1.10791 1.1676 1.05958 1.0745 1.0033 1.00874 0.897409 1.10068 0.921917 0.934977 0.872388 1.07273 1.01213 1.16961 0.999527 1.11333 0.89031 1.02337 0.982188 1.03629 1.02452 0.91437 0.954627 0.95941 
RBFMultiquadricAuto_iters1_phase_shifts4_Naive_full_pi_is_0
 1.02994 0.746807 0.763348 0.872475 1.04886 1.11986 1.1128 1.02643 1.06523 0.674996 0.765248 1.1845 1.10791 1.1676 1.05958 1.0745 1.0033 1.00874 0.897409 1.10068 0.921917 0.934977 0.872388 1.07273 1.01213 1.16961 0.999527 1.11333 0.89031 1.02337 0.982188 1.03629 1.02452 0.91437 0.954627 0.95941 
Makima_iters6_phase_shifts7_NaiveFTFracDir_full_pi_is_1
 0.704771 1.03163 1.015 0.951101 0.932599 0.952657 1.1056 1.02573 0.813309 0.457891 0.533069 0.619407 0.60176 0.559419 0.637627 0.807142 0.818174 0.810615 0.768773 0.782832 1.12055 0.865972 1.10608 1.48677 1.27117 1.25169 1.12538 2.81403 1.07676 0.623526 0.726557 0.645066 0.689596 0.751775 0.811245 0.803118 
RBFTPS_iters9_phase_shifts9_Naive_full_pi_is_1
 1.09505 1.70092 1.65738 1.4385 0.922383 0.907361 0.921427 1.07139 1.17038 0.375653 0.489737 0.568523 0.621663 0.696293 0.78634 0.802187 0.809516 0.817022 0.941125 0.57134 0.600905 0.579498 0.825867 1.27315 1.33556 1.14043 1.10976 0.59588 0.874916 0.93738 0.974683 1.36091 0.909567 1.09565 1.17432 1.08542 
RBFMultiquadricAuto_iters7_phase_shifts3_NaiveFTFracDir_full_pi_is_1
 0.74631 0.854242 0.979322 0.945094 1.18831 0.876299 0.874863 0.961731 0.860596 0.571805 0.647715 0.760512 0.822918 0.836249 0.891875 0.944258 0.950343 0.950962 0.804153 0.833385 0.794389 0.952948 0.933556 1.12941 1.49805 1.35247 1.37991 1.04779 1.28014 0.97037 1.27996 1.0601 1.13383 1.05884 1.05733 1.06381 
IDW_iters9_phase_shifts8_Naive_full_pi_is_1
 0.846848 1.4331 1.37157 1.46655 1.08163 0.981449 0.98551 0.954848 1.1007 0.478726 0.693677 0.653534 0.743148 0.778774 0.8112 0.819463 0.923322 0.857914 1.04796 0.678275 0.937307 0.865389 1.00723 1.10472 1.30735 1.1928 1.30784 0.761846 0.689615 0.979655 0.960039 1.00355 0.92708 1.07123 1.15093 1.17333 
RBFTPS_iters9_phase_shifts8_Naive_full_pi_is_1
 1.09875 1.66187 1.67776 1.41477 0.903405 0.887016 0.896915 1.06227 1.10725 0.375095 0.498591 0.56502 0.619645 0.738311 0.778043 0.799647 0.822745 0.805174 0.988052 0.567666 0.654318 0.719018 0.898597 1.31575 1.37421 1.19597 1.14288 0.593115 0.874466 0.882384 0.990828 1.33231 0.900325 1.06578 1.06045 1.14567 
IDW_iters9_phase_shifts5_Naive_full_pi_is_1
 0.864427 1.40878 1.41416 1.38562 1.11796 1.05446 1.04525 0.972438 1.17262 0.462154 0.656489 0.627864 0.74976 0.699359 0.803555 0.808144 0.816151 0.842143 1.0241 0.644425 0.843943 0.775475 1.00516 1.24132 1.46055 1.15146 1.27111 0.843276 0.725315 0.955876 0.856507 1.00368 0.97215 1.07323 1.14149 1.15946 
RBFGaussian_iters7_phase_shifts5_NaiveFTFracDir_full_pi_is_0
 1.42338 1.04129 1.02461 1.04363 0.930586 0.871789 0.870825 0.86467 0.726066 0.710287 0.844678 0.895154 0.939629 1.01187 0.975944 0.998384 1.05097 1.08521 1.32478 1.18077 1.13967 1.24152 1.06481 0.981625 0.882487 1.02632 1.03165 0.675659 0.953627 0.833211 1.03214 0.793526 0.967081 1.04591 1.06503 1.13041 
RBFBell_iters7_phase_shifts5_NaiveFTFracDir_full_pi_is_0
 1.42338 1.04129 1.02461 1.04363 0.930586 0.871789 0.870825 0.86467 0.726066 0.710287 0.844678 0.895154 0.939629 1.01187 0.975944 0.998384 1.05097 1.08521 1.32478 1.18077 1.13967 1.24152 1.06481 0.981625 0.882487 1.02632 1.03165 0.675659 0.953627 0.833211 1.03214 0.793526 0.967081 1.04591 1.06503 1.13041 
IDW_iters3_phase_shifts7_Naive_full_pi_is_0
 1.83188 1.098 1.09957 1.20721 1.14213 1.1332 1.11102 1.19206 1.18482 0.38394 0.479793 0.563944 0.711617 0.733539 0.772292 0.837191 0.835112 0.841384 0.998662 1.04994 0.981998 1.04059 0.992869 0.898167 0.885333 0.905046 0.886256 0.977956 0.732122 1.01334 1.01415 1.19114 1.17651 1.07042 1.03415 1.01744 
Makima_iters4_phase_shifts5_Naive_full_pi_is_0
 1.1762 1.21481 1.26364 1.4375 1.13995 1.15288 1.174 0.962226 0.916955 0.334129 0.495669 0.723392 0.799675 0.744955 0.827694 0.910763 0.842844 0.865534 1.20856 1.2108 1.03119 1.07239 1.04219 0.917852 0.860692 0.898401 0.815915 1.71203 0.70007 0.798792 1.01653 0.934827 0.924824 0.950181 0.981111 0.975421 
RBFMultiquadricAuto_iters3_phase_shifts4_Naive_full_pi_is_1
 0.4681 0.946937 0.959096 0.941897 0.968141 0.89966 0.916796 1.06342 0.938805 0.956488 0.9433 1.00107 1.22228 1.19899 1.06828 1.11652 1.06544 1.04424 0.757496 0.890185 0.912302 0.895832 0.938061 1.28733 1.18753 1.26405 1.31505 0.972965 0.989427 0.974231 1.03324 0.807121 0.931264 0.932133 0.9498 0.941004 
RBFMultiquadricAuto_iters8_phase_shifts4_Naive_full_pi_is_1
 0.729228 1.469 1.40743 1.31199 1.04145 0.954514 0.960359 0.973294 1.05445 0.594661 0.690369 0.935695 0.940412 0.818855 0.914352 0.93383 0.894457 0.924967 0.66611 0.567493 0.853934 0.834322 0.917763 1.34578 1.25107 1.45417 1.08672 0.586655 0.932352 1.07951 0.896684 1.01306 1.16818 1.10235 0.998336 0.891928 
Makima_iters4_phase_shifts4_Naive_full_pi_is_0
 1.17053 1.16757 1.2214 1.37305 1.1053 1.11398 1.13287 1.16624 0.817823 0.404013 0.521277 0.740512 0.769978 0.757104 0.83181 0.812656 0.854874 0.890671 1.18738 1.19905 1.02334 1.06632 0.993547 0.910539 0.856149 0.881067 0.825249 1.26884 0.713529 1.13689 1.18654 1.0851 1.02805 1.0204 1.05048 1.06517 
IDW_iters9_phase_shifts4_NaiveFTFracDir_full_pi_is_0
 0.919271 0.89027 0.721284 0.901412 0.688358 0.71867 0.673563 0.703743 0.564045 0.516476 0.668895 0.726513 0.724515 0.825486 0.830921 0.904618 0.980042 1.04059 0.972877 1.23965 1.109 1.18692 1.23538 1.13459 0.892747 0.939973 1.08616 2.75485 1.20917 0.810969 0.709295 0.764919 0.856346 0.840728 1.0194 0.9988 
RBFGaussian_iters8_phase_shifts5_Naive_full_pi_is_1
 0.862428 1.31273 1.25323 1.32189 1.12204 1.07901 1.09228 0.997571 1.10776 0.551775 0.793315 0.707287 0.937323 1.07823 1.1034 1.08183 1.02906 1.0643 0.795625 0.482893 0.769087 0.803609 1.12992 1.16697 1.21715 1.1528 1.18723 0.643917 0.898565 1.1618 0.787299 0.83552 0.81937 1.0686 0.998424 0.982907 
RBFBell_iters8_phase_shifts5_Naive_full_pi_is_1
 0.862428 1.31273 1.25323 1.32189 1.12204 1.07901 1.09228 0.997571 1.10776 0.551775 0.793315 0.707287 0.937323 1.07823 1.1034 1.08183 1.02906 1.0643 0.795625 0.482893 0.769087 0.803609 1.12992 1.16697 1.21715 1.1528 1.18723 0.643917 0.898565 1.1618 0.787299 0.83552 0.81937 1.0686 0.998424 0.982907 
IDW_iters8_phase_shifts7_NaiveFTFracDir_full_pi_is_0
 1.58081 0.882653 0.946153 1.15208 0.942427 1.15889 0.771696 0.880042 0.695066 0.436693 0.625232 0.770389 0.827247 0.814586 0.852189 0.883224 0.934039 0.997839 1.42268 1.43441 1.30286 1.28094 1.12478 1.10984 1.13778 0.962078 1.18146 0.533808 0.709097 0.936749 0.888365 0.88137 0.986215 0.939651 1.07322 1.05355 
RBFGaussian_iters6_phase_shifts8_NaiveFTFracDir_full_pi_is_0
 1.4319 0.965762 0.985955 1.0865 0.927127 0.827539 0.882625 0.822366 0.710531 0.665567 0.810521 0.795982 0.964713 0.950624 0.984697 1.00831 1.05399 1.06049 1.28973 1.19592 1.16328 1.28398 1.12481 0.862062 1.01641 0.941063 0.972183 0.971187 1.00301 0.970195 1.0989 0.880435 0.982786 1.00686 1.02566 1.03428 
RBFBell_iters6_phase_shifts8_NaiveFTFracDir_full_pi_is_0
 1.4319 0.965762 0.985955 1.0865 0.927127 0.827539 0.882625 0.822366 0.710531 0.665567 0.810521 0.795982 0.964713 0.950624 0.984697 1.00831 1.05399 1.06049 1.28973 1.19592 1.16328 1.28398 1.12481 0.862062 1.01641 0.941063 0.972183 0.971187 1.00301 0.970195 1.0989 0.880435 0.982786 1.00686 1.02566 1.03428 
RBFMultiquadricAuto_iters9_phase_shifts2_NaiveFTFracDir_full_pi_is_1
 0.854781 1.11228 1.07725 1.00467 1.0557 0.904046 0.975259 0.964416 0.930897 0.730401 0.619702 0.750741 0.945094 0.824276 0.931977 0.984984 1.06715 1.0335 0.797736 0.812502 0.936696 1.02683 1.22009 1.30006 1.34368 1.32265 1.23851 1.09961 1.13378 0.917867 0.954882 0.892817 0.969034 0.969184 1.01519 1.01318 
RBFGaussian_iters7_phase_shifts7_Naive_full_pi_is_1
 0.943048 1.20914 1.23755 1.10157 0.996436 1.01138 1.01971 0.986471 1.00149 0.724819 0.974588 0.736016 0.958369 1.10408 1.0282 1.11833 1.09865 1.10765 0.819595 0.529141 0.818599 0.807112 1.15 1.35808 1.16521 1.23683 1.08975 0.712824 0.921492 1.12321 0.759687 0.80983 0.872145 1.0975 1.02013 1.0032 
RBFBell_iters7_phase_shifts7_Naive_full_pi_is_1
 0.943048 1.20914 1.23755 1.10157 0.996436 1.01138 1.01971 0.986471 1.00149 0.724819 0.974588 0.736016 0.958369 1.10408 1.0282 1.11833 1.09865 1.10765 0.819595 0.529141 0.818599 0.807112 1.15 1.35808 1.16521 1.23683 1.08975 0.712824 0.921492 1.12321 0.759687 0.80983 0.872145 1.0975 1.02013 1.0032 
IDW_iters3_phase_shifts5_Naive_full_pi_is_0
 1.82851 1.25638 1.02396 1.0383 1.09592 1.05896 1.07933 1.22437 1.08639 0.390251 0.448195 0.596266 0.696348 0.773401 0.821603 0.842841 0.888149 0.867161 0.939443 1.09787 0.934699 0.987566 0.955694 0.873498 0.857428 0.869804 0.872989 1.20893 0.752559 1.07737 1.10377 1.19528 1.21183 1.07516 1.05073 1.0252 
IDW_iters8_phase_shifts6_Naive_full_pi_is_1
 0.79456 1.38568 1.42801 1.38202 1.1091 1.05443 1.05273 1.05691 1.00827 0.429742 0.647311 0.639298 0.736423 0.734676 0.79612 0.843458 0.920564 0.918378 1.07479 0.627803 0.988922 0.855456 1.03765 1.3221 1.41717 1.1249 1.23078 0.972999 0.709388 0.941013 0.828482 0.988617 0.948541 1.02249 1.07465 1.10865 
IDW_iters9_phase_shifts6_Naive_full_pi_is_1
 0.814318 1.59324 1.34079 1.37228 1.04739 1.00353 1.02318 0.918376 1.11654 0.452415 0.665827 0.624641 0.791503 0.75041 0.775457 0.800968 0.841827 0.912425 0.925595 0.611976 0.889858 0.84053 1.0411 1.29626 1.39177 1.21856 1.19975 0.921552 0.652866 0.966395 0.883358 1.003 0.972361 1.0901 1.16545 1.20115 
RBFMultiquadricAuto_iters5_phase_shifts3_Naive_full_pi_is_1
 0.579647 1.01042 0.978043 1.03419 1.05855 0.869601 0.875048 0.994952 1.05268 0.937382 0.847574 1.13404 1.07947 1.1073 1.01234 1.04012 1.10437 1.0211 0.721839 0.722676 0.885332 0.895214 0.933979 1.26516 1.16921 1.31259 1.36628 0.378715 1.07118 1.07288 1.10855 0.915445 1.03636 1.00789 1.02562 1.02282 
Makima_iters4_phase_shifts8_Naive_full_pi_is_0
 1.27561 1.14205 1.30417 1.57046 0.90246 1.24987 1.2657 1.09032 1.03445 0.33141 0.494419 0.706435 0.850921 0.80965 0.898897 0.931662 0.884694 0.863988 1.25251 1.21867 1.06112 1.09325 0.965706 0.92122 0.998196 0.907286 0.812486 0.941195 0.730195 0.882411 1.04761 0.956168 0.982393 0.971874 1.00597 1.00944 
RBFMultiquadricAuto_iters4_phase_shifts5_Naive_full_pi_is_1
 0.580275 0.912156 0.963527 1.04889 0.986432 0.894356 0.902037 1.16788 1.15567 0.856196 0.901759 1.12253 1.1882 1.2294 1.02251 1.09947 1.06047 0.957698 0.76635 0.731637 0.91327 0.87753 0.948128 1.24726 1.17094 1.37392 1.16505 0.480951 0.964875 0.923206 1.09061 0.877466 1.04632 1.01949 1.043 1.04002 
RBFBell_iters8_phase_shifts2_Naive_full_pi_is_1
 0.715509 0.98074 0.993363 1.15349 0.988296 0.979712 0.999771 0.983318 0.896273 0.840254 0.948979 0.910321 0.952983 1.11184 1.03697 1.07005 1.06265 1.08574 1.37393 0.947215 0.970146 1.0041 1.05222 1.18228 1.31304 1.18066 1.25412 0.658022 0.850111 0.971976 0.884014 0.808892 0.798649 0.991804 0.997572 0.981854 
RBFGaussian_iters8_phase_shifts2_Naive_full_pi_is_1
 0.715509 0.98074 0.993363 1.15349 0.988296 0.979712 0.999771 0.983318 0.896273 0.840254 0.948979 0.910321 0.952983 1.11184 1.03697 1.07005 1.06265 1.08574 1.37393 0.947215 0.970146 1.0041 1.05222 1.18228 1.31304 1.18066 1.25412 0.658022 0.850111 0.971976 0.884014 0.808892 0.798649 0.991804 0.997572 0.981854 
Makima_iters3_phase_shifts9_Naive_full_pi_is_0
 0.846536 1.02064 1.07117 1.31372 1.12126 1.20702 1.20305 1.34268 0.944306 0.380939 0.467465 0.757186 0.745606 0.742485 0.833416 0.845078 0.833479 0.758875 1.27595 1.15069 1.01431 1.04107 0.962556 1.06174 0.863186 0.85436 0.789008 1.23474 0.793321 1.24607 1.35933 1.13402 1.06504 1.02286 1.03818 1.06417 
RBFBell_iters8_phase_shifts3_Naive_full_pi_is_1
 0.834845 1.17389 1.15837 0.941587 1.06657 1.02371 1.0311 0.955524 0.991092 0.996268 1.05364 1.0164 1.09729 1.16651 1.1155 1.15138 1.16641 1.1512 0.78801 0.561457 0.821608 0.889429 1.21833 0.927254 1.06498 1.0468 1.17748 1.12879 0.917308 0.993742 0.774592 0.72775 0.862056 1.04038 0.971592 0.9703 
RBFGaussian_iters8_phase_shifts3_Naive_full_pi_is_1
 0.834845 1.17389 1.15837 0.941587 1.06657 1.02371 1.0311 0.955524 0.991092 0.996268 1.05364 1.0164 1.09729 1.16651 1.1155 1.15138 1.16641 1.1512 0.78801 0.561457 0.821608 0.889429 1.21833 0.927254 1.06498 1.0468 1.17748 1.12879 0.917308 0.993742 0.774592 0.72775 0.862056 1.04038 0.971592 0.9703 
IDW_iters8_phase_shifts4_NaiveFTFracDir_full_pi_is_0
 1.15459 0.684774 0.710065 0.904339 0.785207 0.973659 0.889783 0.717193 0.622764 0.468893 0.602872 0.723224 0.732881 0.745996 0.784703 0.85806 0.904277 0.975683 1.1668 1.22378 1.13666 1.18694 1.07546 1.09513 1.04305 0.901294 1.11056 2.77794 1.18172 0.78294 0.712549 0.709538 0.848471 0.802076 0.960612 0.969927 
RBFMultiquadricManual_iters3_phase_shifts8_NaiveFTFracDir_full_pi_is_0
 0.942875 0.648784 0.668824 0.792853 0.854424 0.86169 0.860905 0.944103 0.950671 1.22356 1.54112 1.40439 1.17895 1.17626 1.21151 1.17022 1.03493 1.09744 0.960757 1.04113 1.06198 1.05176 0.971534 0.87358 0.938301 0.788569 0.933522 1.11041 1.03077 0.990533 1.06041 0.879894 0.892411 0.865362 0.877071 0.900161 
RBFMultiquadricAuto_iters7_phase_shifts9_NaiveFTFracDir_full_pi_is_1
 0.716075 1.23007 1.1792 1.03871 1.02962 0.87109 0.901211 0.950271 0.835288 0.775508 0.948524 0.937358 0.992871 0.967444 0.960349 1.00489 0.968465 0.934368 0.791312 0.905651 0.725122 1.09304 1.10069 1.18046 1.27488 1.30279 1.29142 1.18409 1.0214 0.819825 1.03017 0.870807 1.04087 1.02321 1.0309 1.04803 
RBFBell_iters3_phase_shifts3_Naive_full_pi_is_0
 1.09984 1.31942 1.22444 1.05676 0.944081 1.04417 1.03088 1.18008 0.98966 0.543483 0.577936 0.729981 0.890589 0.923573 0.857085 0.875804 0.862589 0.948081 1.58277 1.03759 1.04277 1.10913 1.09698 0.663577 0.924946 0.794929 0.94612 0.736268 0.777669 1.13137 1.09926 1.19682 1.07085 1.13766 1.11481 1.08304 
RBFGaussian_iters3_phase_shifts3_Naive_full_pi_is_0
 1.09984 1.31942 1.22444 1.05676 0.944081 1.04417 1.03088 1.18008 0.98966 0.543483 0.577936 0.729981 0.890589 0.923573 0.857085 0.875804 0.862589 0.948081 1.58277 1.03759 1.04277 1.10913 1.09698 0.663577 0.924946 0.794929 0.94612 0.736268 0.777669 1.13137 1.09926 1.19682 1.07085 1.13766 1.11481 1.08304 
RBFMultiquadricAuto_iters6_phase_shifts2_NaiveFTFracDir_full_pi_is_1
 0.795036 0.952234 0.987526 1.00164 1.14157 0.92207 0.975462 0.928744 0.901132 1.07841 0.907051 0.900716 1.13778 1.10723 1.07503 1.0827 1.12106 1.12939 0.760089 0.897378 0.980798 1.14351 1.0955 1.16932 1.05538 1.24288 1.28407 0.785781 1.00224 0.916909 1.13258 0.788358 0.906649 0.932643 0.930693 0.93213 
RBFBell_iters7_phase_shifts5_NaiveFTFracDir_full_pi_is_1
 0.888541 1.32376 1.27741 1.37043 1.08732 1.06887 1.0861 0.980905 0.880244 1.07162 0.924564 1.00617 1.04911 1.09231 1.04036 1.1016 1.08107 1.08188 0.787432 0.671454 0.883606 0.810118 1.03545 1.09102 1.16689 1.1514 1.10591 0.72898 1.02504 0.807906 0.932354 0.757629 0.832796 0.8759 0.925937 0.93896 
RBFGaussian_iters7_phase_shifts5_NaiveFTFracDir_full_pi_is_1
 0.888541 1.32376 1.27741 1.37043 1.08732 1.06887 1.0861 0.980905 0.880244 1.07162 0.924564 1.00617 1.04911 1.09231 1.04036 1.1016 1.08107 1.08188 0.787432 0.671454 0.883606 0.810118 1.03545 1.09102 1.16689 1.1514 1.10591 0.72898 1.02504 0.807906 0.932354 0.757629 0.832796 0.8759 0.925937 0.93896 
RBFGaussian_iters7_phase_shifts7_NaiveFTFracDir_full_pi_is_0
 1.32138 0.963751 1.00004 1.01564 0.862364 0.882259 0.886805 0.796571 0.699683 0.651513 0.744279 0.89091 0.997211 1.08086 1.10029 1.03712 1.11345 1.13834 1.44647 1.26784 1.2101 1.29496 1.12219 0.923801 0.859553 1.00579 1.01731 0.652503 0.891049 0.97371 1.09857 0.849789 0.965457 1.00018 1.03773 1.04438 
RBFBell_iters7_phase_shifts7_NaiveFTFracDir_full_pi_is_0
 1.32138 0.963751 1.00004 1.01564 0.862364 0.882259 0.886805 0.796571 0.699683 0.651513 0.744279 0.89091 0.997211 1.08086 1.10029 1.03712 1.11345 1.13834 1.44647 1.26784 1.2101 1.29496 1.12219 0.923801 0.859553 1.00579 1.01731 0.652503 0.891049 0.97371 1.09857 0.849789 0.965457 1.00018 1.03773 1.04438 
RBFBell_iters6_phase_shifts4_Naive_full_pi_is_1
 0.750314 1.25004 1.25935 1.30483 1.09769 1.03388 1.0184 0.989578 1.01046 1.00031 0.940017 1.02997 1.01747 1.12772 1.03823 1.09332 1.06855 1.08071 0.925841 0.668969 0.898323 0.773659 0.911639 0.966818 1.12936 1.13472 1.13543 0.880894 0.897689 1.00019 0.813985 0.826262 0.968341 1.0166 1.00879 1.01609 
RBFGaussian_iters6_phase_shifts4_Naive_full_pi_is_1
 0.750314 1.25004 1.25935 1.30483 1.09769 1.03388 1.0184 0.989578 1.01046 1.00031 0.940017 1.02997 1.01747 1.12772 1.03823 1.09332 1.06855 1.08071 0.925841 0.668969 0.898323 0.773659 0.911639 0.966818 1.12936 1.13472 1.13543 0.880894 0.897689 1.00019 0.813985 0.826262 0.968341 1.0166 1.00879 1.01609 
RBFMultiquadricAuto_iters2_phase_shifts7_Naive_full_pi_is_1
 0.511442 0.889345 0.874625 0.906307 1.03885 0.991289 0.989248 1.12821 1.10158 0.7687 0.866155 1.23016 1.29349 1.22221 1.19722 1.10373 1.07169 1.06872 0.790851 0.874116 0.845715 0.84297 0.866936 1.30688 1.24676 1.23295 1.16824 1.00115 0.834292 0.969775 0.995044 1.03538 0.888441 0.904329 0.927368 0.916091 
RBFGaussian_iters7_phase_shifts6_Naive_full_pi_is_1
 0.895356 1.35897 1.36747 1.20479 1.11877 1.07308 1.05279 1.0299 0.947176 0.554276 0.820529 0.742367 0.907925 1.05112 1.01346 1.08129 1.06049 1.11121 0.84552 0.528275 0.816431 0.848827 1.20447 1.15077 1.14462 1.15452 1.1213 0.940764 0.933509 1.05424 0.792783 0.815146 0.872887 1.13376 1.02739 1.04307 
RBFBell_iters7_phase_shifts6_Naive_full_pi_is_1
 0.895356 1.35897 1.36747 1.20479 1.11877 1.07308 1.05279 1.0299 0.947176 0.554276 0.820529 0.742367 0.907925 1.05112 1.01346 1.08129 1.06049 1.11121 0.84552 0.528275 0.816431 0.848827 1.20447 1.15077 1.14462 1.15452 1.1213 0.940764 0.933509 1.05424 0.792783 0.815146 0.872887 1.13376 1.02739 1.04307 
RBFGaussian_iters7_phase_shifts4_NaiveFTFracDir_full_pi_is_1
 0.85125 1.14492 1.21833 1.32169 1.01064 0.991856 1.00804 0.956588 0.856405 0.610479 0.783267 0.864704 0.926428 1.07725 1.05524 1.05159 1.08428 1.01986 0.837241 0.878012 1.03377 1.11849 1.17223 1.29905 1.29338 1.14424 1.12286 0.586695 0.864752 1.03742 1.01892 0.799131 0.940254 0.948875 0.998259 1.01479 
RBFBell_iters7_phase_shifts4_NaiveFTFracDir_full_pi_is_1
 0.85125 1.14492 1.21833 1.32169 1.01064 0.991856 1.00804 0.956588 0.856405 0.610479 0.783267 0.864704 0.926428 1.07725 1.05524 1.05159 1.08428 1.01986 0.837241 0.878012 1.03377 1.11849 1.17223 1.29905 1.29338 1.14424 1.12286 0.586695 0.864752 1.03742 1.01892 0.799131 0.940254 0.948875 0.998259 1.01479 
RBFMultiquadricAuto_iters4_phase_shifts6_NaiveFTFracDir_full_pi_is_0
 0.730192 0.668832 0.723093 0.7818 0.812483 0.75263 0.755299 0.799788 0.709117 1.23199 1.07376 1.23739 1.07863 1.06067 1.0601 1.09564 1.12287 1.12266 1.18217 1.30687 1.2293 1.26254 1.1063 1.10645 1.10726 1.12375 1.16717 1.09046 0.925227 0.933521 1.03367 0.841136 0.887442 0.8959 0.902458 0.938132 
IDW_iters3_phase_shifts9_Naive_full_pi_is_0
 1.31552 1.20556 1.19342 1.2388 1.28753 1.15036 1.15229 1.23639 1.31384 0.348221 0.477836 0.558207 0.684713 0.739316 0.777959 0.859261 0.846612 0.846878 0.842033 1.04013 0.949253 1.00084 0.987548 0.879513 0.867968 0.880989 0.882963 1.12903 0.783933 1.06239 1.18127 1.23436 1.20857 1.13422 1.08218 1.06488 
Makima_iters5_phase_shifts7_NaiveFTFracDir_full_pi_is_1
 1.37701 1.08283 1.08349 1.05281 0.838281 0.850436 0.841055 0.877993 0.783052 0.448249 0.423087 0.664694 0.52163 0.513171 0.581859 0.730593 0.71127 0.744435 0.740228 0.651712 1.08185 1.10849 1.09538 1.56878 1.39754 1.30208 1.11682 2.88115 1.03981 0.612807 0.693827 0.593542 0.691987 0.737392 0.783781 0.771479 
IDW_iters8_phase_shifts8_Naive_full_pi_is_1
 0.840624 1.42148 1.44631 1.44995 1.09717 1.01084 1.007 1.12323 0.975681 0.476081 0.658366 0.667248 0.841925 0.752591 0.827289 0.857445 0.911935 0.871037 0.857016 0.600105 0.912236 0.812957 1.01011 1.24756 1.44727 1.26315 1.33194 1.05486 0.682065 0.946499 0.784258 1.01575 0.934025 1.01527 1.09745 1.14426 
RBFTPS_iters7_phase_shifts7_NaiveFTFracDir_full_pi_is_1
 0.862011 1.44814 1.46446 1.31538 1.15216 0.946835 1.02461 0.949024 0.857678 0.412093 0.343557 0.493077 0.647859 0.664285 0.718605 0.769443 0.783108 0.754014 0.725977 0.74066 0.805224 0.882111 1.03375 1.02633 1.02665 1.06819 1.23829 2.64213 1.17296 0.704046 0.848369 0.87781 0.863888 0.781997 0.909711 0.904767 
Makima_iters6_phase_shifts3_Naive_full_pi_is_0
 1.06861 1.6299 1.51315 1.12379 1.41088 0.921889 0.923905 0.852371 0.796785 0.351114 0.574822 0.730625 0.820462 0.669426 0.868558 0.946842 0.922873 0.888983 0.990366 1.36527 1.17547 1.18501 1.17989 0.784319 0.877779 0.924131 0.936164 1.21028 0.696919 0.813023 1.04746 1.00443 1.03198 1.04943 1.0517 1.08604 
RBFMultiquadricAuto_iters5_phase_shifts9_NaiveFTFracDir_full_pi_is_0
 1.413 1.00766 0.991552 0.995714 0.941835 0.82395 0.830004 0.812493 0.705746 0.687665 0.730469 0.871691 0.913079 0.918769 0.95429 0.969569 0.971208 1.01843 1.18088 1.3857 1.30595 1.32028 1.10915 1.10408 1.04412 1.11933 1.13231 0.571332 1.02688 0.993107 1.11265 0.915257 1.01244 0.987166 1.0216 1.05862 
RBFMultiquadricAuto_iters7_phase_shifts2_NaiveFTFracDir_full_pi_is_0
 1.38654 0.77073 0.809054 0.644885 0.762873 0.762303 0.759875 0.79102 0.666315 1.1522 1.17457 1.27524 1.0623 0.988786 1.01965 0.99367 1.00234 1.00452 0.716371 1.19502 1.16527 1.21333 1.02403 1.09964 1.03226 1.25131 1.17199 1.05695 1.13119 0.858962 1.05534 0.908334 0.972755 0.998312 1.05471 1.04031 
IDW_iters9_phase_shifts9_NaiveFTFracDir_full_pi_is_0
 0.943175 0.977394 0.956055 1.04797 0.947639 0.935292 0.772723 0.80623 0.673289 0.464426 0.635063 0.833015 0.875227 0.889848 0.926375 0.941745 1.02546 1.08996 1.33087 1.52546 1.2941 1.32383 1.1986 1.29228 1.16244 0.99144 1.14114 0.50463 0.681774 1.02317 1.04186 0.96445 1.07837 1.01712 1.18001 1.15089 
RBFGaussian_iters9_phase_shifts2_Naive_full_pi_is_1
 0.814802 1.05329 1.10818 1.22587 1.02669 1.02681 1.03306 0.917992 0.923943 0.939167 1.0926 1.00029 1.1197 1.13067 1.07214 1.14422 1.11635 1.11513 0.747515 0.525484 0.933743 0.967921 1.03117 1.19052 1.35483 1.27717 1.27132 0.789211 0.866362 0.963055 0.871186 0.786276 0.770289 0.972033 0.931161 0.971324 
RBFBell_iters9_phase_shifts2_Naive_full_pi_is_1
 0.814802 1.05329 1.10818 1.22587 1.02669 1.02681 1.03306 0.917992 0.923943 0.939167 1.0926 1.00029 1.1197 1.13067 1.07214 1.14422 1.11635 1.11513 0.747515 0.525484 0.933743 0.967921 1.03117 1.19052 1.35483 1.27717 1.27132 0.789211 0.866362 0.963055 0.871186 0.786276 0.770289 0.972033 0.931161 0.971324 
RBFMultiquadricAuto_iters6_phase_shifts3_Naive_full_pi_is_1
 0.660486 1.12248 1.07183 1.11379 1.05115 0.880434 0.888441 0.964254 0.967332 0.714316 0.810251 1.1397 1.03161 1.10263 1.01291 1.03954 1.1021 1.04061 0.685554 0.760727 0.894079 0.92289 0.944913 1.27247 1.16708 1.35244 1.37104 0.399722 0.947064 1.03457 1.17668 0.977582 1.11229 1.06478 1.07943 1.07425 
RBFMultiquadricAuto_iters7_phase_shifts6_NaiveFTFracDir_full_pi_is_1
 0.750507 1.14566 1.15106 1.09469 1.043 0.892249 0.871178 0.96148 0.825394 0.730051 0.626909 0.688284 0.949162 1.03459 0.982384 1.01254 0.965742 0.935981 0.770209 0.803939 0.802442 1.07132 1.1457 1.40949 1.56602 1.4766 1.37838 0.778717 1.10974 0.868191 0.973711 1.02952 1.00594 0.959248 0.991751 1.02278 
IDW_iters9_phase_shifts7_NaiveFTFracDir_full_pi_is_0
 1.63943 0.984936 1.00999 0.991377 0.989216 0.871154 0.846497 0.816336 0.695466 0.417038 0.664051 0.831563 0.841115 0.84523 0.943702 0.928625 0.97034 1.04248 1.28586 1.42455 1.27197 1.27991 1.1444 1.14702 1.13031 0.930318 1.10823 0.634451 0.712214 1.01761 1.07395 0.937542 1.01931 1.00085 1.14991 1.12817 
RBFMultiquadricAuto_iters9_phase_shifts2_Naive_full_pi_is_1
 0.965239 1.11145 1.65903 1.14691 0.899855 0.931814 0.938197 0.917119 0.884023 0.924604 0.92863 1.1085 1.01644 1.00938 1.03341 1.04915 1.03274 1.04164 0.852298 0.840732 0.902346 0.924369 0.947829 1.12788 1.08193 1.25293 1.18736 0.564579 1.0752 0.980095 1.0117 0.842726 1.04019 1.02196 0.990229 0.945449 
RBFMultiquadricAuto_iters2_phase_shifts9_Naive_full_pi_is_1
 0.493805 0.915081 0.895993 0.926834 1.04986 0.998287 0.997928 1.13947 1.13349 0.753354 0.854221 1.21889 1.32416 1.23934 1.21415 1.1269 1.07861 1.07402 0.78151 0.878501 0.850115 0.842846 0.870118 1.34571 1.27606 1.25241 1.18408 0.728171 0.866833 0.980476 1.00334 1.05169 0.909542 0.916699 0.946902 0.934748 
RBFMultiquadricManual_iters2_phase_shifts6_NaiveFTFracDir_full_pi_is_1
 0.50512 0.561548 0.581734 0.721956 0.919979 0.929028 0.949172 1.03521 1.05975 2.05038 1.43019 1.69076 1.4484 1.4507 1.37612 1.30289 1.19442 1.14055 0.674838 0.767034 0.921682 0.802317 1.04214 0.911375 0.74741 0.832393 0.92489 0.610164 0.729546 0.725451 0.863821 0.700393 0.73825 0.738779 0.754424 0.763784 
RBFMultiquadricManual_iters0_phase_shifts2_Naive_full_pi_is_0
 0.847881 0.611022 0.626458 0.62781 0.85193 0.986205 0.988793 1.07931 0.940966 1.61921 1.38011 1.70092 1.38898 1.33609 1.37928 1.27232 1.08426 1.08133 0.909585 1.05686 0.873611 0.893607 0.82007 0.799787 0.762718 0.800959 0.778626 0.925546 1.06471 0.858358 0.911486 0.909004 0.871602 0.773419 0.816867 0.824183 
RBFMultiquadricManual_iters1_phase_shifts2_Naive_full_pi_is_0
 0.847881 0.611022 0.626458 0.62781 0.85193 0.986205 0.988793 1.07931 0.940966 1.61921 1.38011 1.70092 1.38898 1.33609 1.37928 1.27232 1.08426 1.08133 0.909585 1.05686 0.873611 0.893607 0.82007 0.799787 0.762718 0.800959 0.778626 0.925546 1.06471 0.858358 0.911486 0.909004 0.871602 0.773419 0.816867 0.824183 
RBFTPS_iters8_phase_shifts7_NaiveFTFracDir_full_pi_is_1
 0.901303 1.24907 1.44307 1.12327 1.12143 1.09788 1.00396 1.00655 0.860065 0.391258 0.395078 0.473587 0.687933 0.690051 0.682746 0.798826 0.814235 0.786572 0.878971 0.768808 0.8175 0.825861 1.061 1.02447 1.05325 1.06224 1.22052 2.65541 1.11286 0.787209 0.846638 0.904839 0.895471 0.910157 0.967733 0.962244 
RBFMultiquadricAuto_iters2_phase_shifts8_Naive_full_pi_is_1
 0.486069 0.901295 0.883312 0.915916 1.04483 0.993364 0.994923 1.13174 1.12354 0.778697 0.873576 1.20805 1.29733 1.22892 1.20466 1.11493 1.07346 1.07054 0.796473 0.882292 0.848537 0.845243 0.868094 1.34905 1.25987 1.24318 1.17375 1.04157 0.834647 0.977566 0.998418 1.05137 0.903805 0.915681 0.942431 0.930177 
RBFMultiquadricAuto_iters6_phase_shifts2_NaiveFTFracDir_full_pi_is_0
 1.21765 0.725871 0.745371 0.693111 0.818824 0.801717 0.780571 0.805586 0.644288 1.37337 1.34462 1.37465 1.14248 1.08261 1.09001 1.06121 1.05091 1.06524 0.787727 1.16539 1.16109 1.18553 1.03129 1.12735 1.03782 1.2397 1.15459 1.00789 1.09187 0.876362 1.02813 0.794237 0.83794 0.899927 0.958645 0.941938 
Makima_iters5_phase_shifts5_Naive_full_pi_is_0
 1.1053 1.37728 1.33145 1.24112 1.1035 1.06491 1.051 1.51239 1.34023 0.340374 0.495457 0.696028 0.83712 0.774993 0.864173 0.944812 0.883938 0.845101 1.09602 1.24656 1.04757 1.08285 1.02787 0.874825 0.8319 0.941533 0.940348 0.989178 0.655653 0.917155 1.12266 1.08377 1.04317 1.05528 1.05442 1.04434 
RBFBell_iters7_phase_shifts8_NaiveFTFracDir_full_pi_is_1
 0.885035 1.44479 1.11654 1.17492 1.10816 1.03656 1.02109 0.997137 0.87251 0.805845 0.917773 0.901617 1.07325 1.17639 1.12274 1.11094 1.095 1.05769 0.681044 0.598285 0.847998 0.744744 0.989375 1.14001 1.44904 1.17654 1.11855 1.14796 0.868141 0.810038 1.02269 0.850944 0.897505 1.01467 1.01571 1.01817 
RBFGaussian_iters7_phase_shifts8_NaiveFTFracDir_full_pi_is_1
 0.885035 1.44479 1.11654 1.17492 1.10816 1.03656 1.02109 0.997137 0.87251 0.805845 0.917773 0.901617 1.07325 1.17639 1.12274 1.11094 1.095 1.05769 0.681044 0.598285 0.847998 0.744744 0.989375 1.14001 1.44904 1.17654 1.11855 1.14796 0.868141 0.810038 1.02269 0.850944 0.897505 1.01467 1.01571 1.01817 
RBFMultiquadricAuto_iters8_phase_shifts5_NaiveFTFracDir_full_pi_is_1
 0.955199 1.23111 1.22985 1.11649 0.971418 0.976597 1.0026 0.948906 0.835694 0.740036 0.719609 0.932048 1.02077 1.01054 1.06924 1.06573 1.03327 1.00273 0.802958 0.7382 0.736345 0.793885 1.11737 1.3712 1.49114 1.44076 1.30963 0.759294 0.852256 0.873243 1.03135 0.995292 1.02301 0.996189 1.01471 1.03416 
RBFMultiquadricManual_iters3_phase_shifts6_NaiveFTFracDir_full_pi_is_1
 0.69817 0.704082 0.724274 0.789683 0.886201 0.875807 0.886201 1.05418 0.934681 1.52499 1.39332 1.50502 1.31672 1.42325 1.37674 1.36885 1.2229 1.28062 0.622521 0.694785 1.13424 0.858974 1.06789 0.995433 0.977863 0.913472 1.05355 0.794988 0.964261 0.748822 0.906492 0.792299 0.784157 0.802976 0.833236 0.836131 
RBFBell_iters8_phase_shifts6_NaiveFTFracDir_full_pi_is_1
 1.03364 1.2785 1.36051 1.22839 1.13997 1.1085 1.08673 1.01871 0.936715 0.764645 0.927505 0.786876 1.1197 1.11115 1.10304 1.09694 1.10833 1.0736 0.676013 0.541069 0.620541 0.748995 0.765308 1.15275 1.26978 1.2279 1.28261 0.832308 1.13909 0.835701 0.991579 0.83557 0.9213 1.0225 1.04012 1.02063 
RBFGaussian_iters8_phase_shifts6_NaiveFTFracDir_full_pi_is_1
 1.03364 1.2785 1.36051 1.22839 1.13997 1.1085 1.08673 1.01871 0.936715 0.764645 0.927505 0.786876 1.1197 1.11115 1.10304 1.09694 1.10833 1.0736 0.676013 0.541069 0.620541 0.748995 0.765308 1.15275 1.26978 1.2279 1.28261 0.832308 1.13909 0.835701 0.991579 0.83557 0.9213 1.0225 1.04012 1.02063 
RBFBell_iters5_phase_shifts9_Naive_full_pi_is_1
 0.740977 1.33776 1.31819 1.18843 1.06564 1.00032 0.996174 0.992348 1.17965 0.997791 0.970285 1.0248 1.02524 1.09389 1.03557 1.09908 1.09111 1.07579 0.929729 0.630856 0.819579 0.798539 0.963487 1.00361 1.26553 1.15612 1.05867 0.978548 0.961501 0.894819 0.892813 0.857851 0.963353 1.08294 1.01879 1.01694 
RBFGaussian_iters5_phase_shifts9_Naive_full_pi_is_1
 0.740977 1.33776 1.31819 1.18843 1.06564 1.00032 0.996174 0.992348 1.17965 0.997791 0.970285 1.0248 1.02524 1.09389 1.03557 1.09908 1.09111 1.07579 0.929729 0.630856 0.819579 0.798539 0.963487 1.00361 1.26553 1.15612 1.05867 0.978548 0.961501 0.894819 0.892813 0.857851 0.963353 1.08294 1.01879 1.01694 
RBFBell_iters6_phase_shifts6_NaiveFTFracDir_full_pi_is_0
 1.78446 0.946092 1.00765 1.09513 0.955847 0.918406 0.859167 0.801872 0.703266 0.772333 0.789736 0.831911 0.991382 1.00457 1.04888 1.00853 1.10032 1.13377 1.29506 1.19283 1.15726 1.27656 1.10937 0.856071 1.01955 0.983511 1.0245 0.897074 0.960221 0.918472 1.12221 0.861678 0.925696 0.974943 0.98309 0.970283 
RBFGaussian_iters6_phase_shifts6_NaiveFTFracDir_full_pi_is_0
 1.78446 0.946092 1.00765 1.09513 0.955847 0.918406 0.859167 0.801872 0.703266 0.772333 0.789736 0.831911 0.991382 1.00457 1.04888 1.00853 1.10032 1.13377 1.29506 1.19283 1.15726 1.27656 1.10937 0.856071 1.01955 0.983511 1.0245 0.897074 0.960221 0.918472 1.12221 0.861678 0.925696 0.974943 0.98309 0.970283 
RBFBell_iters9_phase_shifts5_NaiveFTFracDir_full_pi_is_0
 1.65302 0.990009 1.00905 1.02799 0.862671 0.892651 0.783939 0.837196 0.832517 0.68632 0.88562 0.791391 0.952961 0.974782 0.937019 0.954482 1.04359 1.03932 1.11131 1.2641 1.18054 1.2858 1.14921 0.969206 0.976195 1.12874 0.979455 0.825681 1.19627 0.877668 1.06354 0.914737 0.961166 1.06805 1.11309 1.14341 
RBFGaussian_iters9_phase_shifts5_NaiveFTFracDir_full_pi_is_0
 1.65302 0.990009 1.00905 1.02799 0.862671 0.892651 0.783939 0.837196 0.832517 0.68632 0.88562 0.791391 0.952961 0.974782 0.937019 0.954482 1.04359 1.03932 1.11131 1.2641 1.18054 1.2858 1.14921 0.969206 0.976195 1.12874 0.979455 0.825681 1.19627 0.877668 1.06354 0.914737 0.961166 1.06805 1.11309 1.14341 
RBFMultiquadricAuto_iters9_phase_shifts3_NaiveFTFracDir_full_pi_is_0
 1.53171 0.962244 1.23413 0.939586 1.11089 0.900076 0.887473 0.773299 0.596895 0.834476 0.949904 1.00917 0.87251 0.89836 0.959831 0.890985 0.96091 1.01678 0.918762 1.24026 1.18389 1.25255 1.04875 1.06214 1.11369 1.23863 1.09286 0.989846 0.946121 0.928664 0.938989 0.811297 0.965738 1.03807 1.16414 1.16337 
Makima_iters4_phase_shifts6_Naive_full_pi_is_0
 1.17229 1.25394 1.28818 1.52322 1.17716 1.19087 1.24271 0.985506 0.961138 0.331328 0.492391 0.699026 0.83848 0.801977 0.88962 0.9447 0.885827 0.913215 1.22595 1.20716 1.03082 1.06917 1.03446 0.914564 0.856351 0.898413 0.81482 1.713 0.698355 0.823593 1.03792 0.964161 0.978142 0.969141 0.992145 0.984626 
RBFGaussian_iters9_phase_shifts4_NaiveFTFracDir_full_pi_is_0
 1.48552 1.1781 1.13251 1.13545 1.004 0.898073 0.942432 0.843499 0.733993 0.810973 0.864675 0.882422 1.01029 1.02731 1.00465 1.00708 1.0294 1.04759 1.06549 1.19372 1.14841 1.22557 1.10791 0.915085 0.836465 1.07586 1.07796 1.3148 0.866739 1.00619 0.983843 0.803239 0.950069 0.921565 1.00169 1.01629 
RBFBell_iters9_phase_shifts4_NaiveFTFracDir_full_pi_is_0
 1.48552 1.1781 1.13251 1.13545 1.004 0.898073 0.942432 0.843499 0.733993 0.810973 0.864675 0.882422 1.01029 1.02731 1.00465 1.00708 1.0294 1.04759 1.06549 1.19372 1.14841 1.22557 1.10791 0.915085 0.836465 1.07586 1.07796 1.3148 0.866739 1.00619 0.983843 0.803239 0.950069 0.921565 1.00169 1.01629 
IDW_iters9_phase_shifts9_Naive_full_pi_is_1
 0.86591 1.47156 1.41259 1.48304 1.09717 0.985935 0.993137 0.9516 1.10343 0.492357 0.727949 0.714506 0.719598 0.770253 0.792536 0.794844 0.902859 0.815977 1.30786 0.555352 0.896477 0.822054 0.986164 1.26504 1.3768 1.25563 1.42831 0.808724 0.628744 1.02827 0.970211 1.01671 0.968807 1.07422 1.14932 1.16645 
RBFMultiquadricAuto_iters5_phase_shifts7_NaiveFTFracDir_full_pi_is_0
 1.42418 0.955399 0.980688 0.977973 0.892012 0.813658 0.811123 0.757527 0.696263 0.893989 0.875429 1.05598 0.971479 1.00414 1.00968 1.01376 1.04364 1.0624 1.06884 1.3643 1.25957 1.30947 1.08546 1.17811 1.11505 1.16137 1.11405 0.531489 1.0678 1.00887 1.12388 0.872895 0.982589 0.964631 0.988819 1.02498 
IDW_iters8_phase_shifts9_NaiveFTFracDir_full_pi_is_0
 1.08954 1.09158 1.04359 1.27465 0.985395 0.994263 0.879148 0.879019 0.740528 0.493012 0.629506 0.839211 0.855477 0.906918 0.934046 0.915018 0.99785 1.03137 1.38175 1.46591 1.31821 1.30441 1.18152 1.25038 1.11546 1.10184 1.17642 0.523616 0.812005 0.848004 0.885078 0.934381 1.04982 1.01083 1.12825 1.10197 
RBFBell_iters8_phase_shifts7_NaiveFTFracDir_full_pi_is_0
 1.17565 0.989605 1.02384 1.05332 0.904163 0.893544 0.913293 0.83296 0.717117 0.658618 0.854118 0.850245 1.02142 1.13811 1.11304 1.09224 1.17065 1.1817 1.20438 1.22574 1.52562 1.2769 1.14496 0.973409 0.897668 1.05249 1.02157 0.895677 0.842682 0.892534 1.0657 0.894024 0.909023 1.01888 1.05976 1.07237 
RBFGaussian_iters8_phase_shifts7_NaiveFTFracDir_full_pi_is_0
 1.17565 0.989605 1.02384 1.05332 0.904163 0.893544 0.913293 0.83296 0.717117 0.658618 0.854118 0.850245 1.02142 1.13811 1.11304 1.09224 1.17065 1.1817 1.20438 1.22574 1.52562 1.2769 1.14496 0.973409 0.897668 1.05249 1.02157 0.895677 0.842682 0.892534 1.0657 0.894024 0.909023 1.01888 1.05976 1.07237 
RBFMultiquadricManual_iters1_phase_shifts1_Naive_full_pi_is_0
 0.866091 0.516468 0.597161 0.538666 0.842283 0.881282 0.875864 0.888556 0.814926 2.1099 1.48035 1.71614 1.33115 1.35959 1.26934 1.23473 1.12041 1.08626 0.878618 1.06929 0.941516 0.898744 0.862083 0.806713 0.783152 0.795372 0.786082 1.29905 1.15965 0.735483 0.816939 0.855163 0.770267 0.697677 0.742857 0.732217 
RBFMultiquadricManual_iters0_phase_shifts1_Naive_full_pi_is_1
 0.866091 0.516468 0.597161 0.538666 0.842283 0.881282 0.875864 0.888556 0.814926 2.1099 1.48035 1.71614 1.33115 1.35959 1.26934 1.23473 1.12041 1.08626 0.878618 1.06929 0.941516 0.898744 0.862083 0.806713 0.783152 0.795372 0.786082 1.29905 1.15965 0.735483 0.816939 0.855163 0.770267 0.697677 0.742857 0.732217 
RBFMultiquadricManual_iters0_phase_shifts1_Naive_full_pi_is_0
 0.866091 0.516468 0.597161 0.538666 0.842283 0.881282 0.875864 0.888556 0.814926 2.1099 1.48035 1.71614 1.33115 1.35959 1.26934 1.23473 1.12041 1.08626 0.878618 1.06929 0.941516 0.898744 0.862083 0.806713 0.783152 0.795372 0.786082 1.29905 1.15965 0.735483 0.816939 0.855163 0.770267 0.697677 0.742857 0.732217 
RBFMultiquadricManual_iters0_phase_shifts1_NaiveFTFracDir_full_pi_is_1
 0.866091 0.516468 0.597161 0.538666 0.842283 0.881282 0.875864 0.888556 0.814926 2.1099 1.48035 1.71614 1.33115 1.35959 1.26934 1.23473 1.12041 1.08626 0.878618 1.06929 0.941516 0.898744 0.862083 0.806713 0.783152 0.795372 0.786082 1.29905 1.15965 0.735483 0.816939 0.855163 0.770267 0.697677 0.742857 0.732217 
RBFMultiquadricManual_iters1_phase_shifts1_Naive_full_pi_is_1
 0.866091 0.516468 0.597161 0.538666 0.842283 0.881282 0.875864 0.888556 0.814926 2.1099 1.48035 1.71614 1.33115 1.35959 1.26934 1.23473 1.12041 1.08626 0.878618 1.06929 0.941516 0.898744 0.862083 0.806713 0.783152 0.795372 0.786082 1.29905 1.15965 0.735483 0.816939 0.855163 0.770267 0.697677 0.742857 0.732217 
RBFMultiquadricManual_iters0_phase_shifts1_NaiveFTFracDir_full_pi_is_0
 0.866091 0.516468 0.597161 0.538666 0.842283 0.881282 0.875864 0.888556 0.814926 2.1099 1.48035 1.71614 1.33115 1.35959 1.26934 1.23473 1.12041 1.08626 0.878618 1.06929 0.941516 0.898744 0.862083 0.806713 0.783152 0.795372 0.786082 1.29905 1.15965 0.735483 0.816939 0.855163 0.770267 0.697677 0.742857 0.732217 
RBFMultiquadricManual_iters1_phase_shifts1_NaiveFTFracDir_full_pi_is_1
 0.866091 0.516468 0.597161 0.538666 0.842283 0.881282 0.875864 0.888556 0.814926 2.1099 1.48035 1.71614 1.33115 1.35959 1.26934 1.23473 1.12041 1.08626 0.878618 1.06929 0.941516 0.898744 0.862083 0.806713 0.783152 0.795372 0.786082 1.29905 1.15965 0.735483 0.816939 0.855163 0.770267 0.697677 0.742857 0.732217 
RBFMultiquadricManual_iters1_phase_shifts1_NaiveFTFracDir_full_pi_is_0
 0.866091 0.516468 0.597161 0.538666 0.842283 0.881282 0.875864 0.888556 0.814926 2.1099 1.48035 1.71614 1.33115 1.35959 1.26934 1.23473 1.12041 1.08626 0.878618 1.06929 0.941516 0.898744 0.862083 0.806713 0.783152 0.795372 0.786082 1.29905 1.15965 0.735483 0.816939 0.855163 0.770267 0.697677 0.742857 0.732217 
RBFTPS_iters4_phase_shifts4_Naive_full_pi_is_0
 0.92335 1.1643 1.21101 1.0651 1.10371 1.10121 1.1018 1.19294 1.25554 0.380502 0.511693 0.594517 0.829464 0.818958 0.809486 0.84313 0.898336 0.898854 1.24808 1.19034 1.10141 1.14227 1.06894 0.864981 0.929809 0.853456 0.930683 1.0743 0.669925 1.10577 1.09895 1.28354 1.3081 1.19602 1.21889 1.21002 
RBFMultiquadricManual_iters0_phase_shifts7_Naive_full_pi_is_0
 1.03013 0.736354 0.82213 0.780914 0.984297 1.11371 1.12691 1.03338 1.0643 1.44541 1.21431 1.60953 1.33338 1.22018 1.36079 1.24116 1.10306 1.11507 0.908515 1.04733 0.851738 0.865043 0.82781 0.760104 0.701749 0.840807 0.793463 0.452014 1.15674 1.01824 0.990623 0.99349 0.979019 0.882353 0.889845 0.913944 
RBFMultiquadricManual_iters1_phase_shifts7_Naive_full_pi_is_0
 1.03013 0.736354 0.82213 0.780914 0.984297 1.11371 1.12691 1.03338 1.0643 1.44541 1.21431 1.60953 1.33338 1.22018 1.36079 1.24116 1.10306 1.11507 0.908515 1.04733 0.851738 0.865043 0.82781 0.760104 0.701749 0.840807 0.793463 0.452014 1.15674 1.01824 0.990623 0.99349 0.979019 0.882353 0.889845 0.913944 
RBFMultiquadricAuto_iters2_phase_shifts2_Naive_full_pi_is_0
 0.544179 0.570813 0.618471 0.675911 0.862081 0.865221 0.867465 0.988918 0.999268 0.954359 1.02833 1.52502 1.42388 1.36538 1.23991 1.22525 1.10302 1.12652 0.840722 1.15271 0.987282 1.02263 0.952966 0.921092 0.886774 1.05052 1.13522 1.05351 1.18722 1.07187 1.22314 1.03756 0.952847 0.935127 0.964781 0.955263 
RBFMultiquadricManual_iters1_phase_shifts8_Naive_full_pi_is_0
 1.03258 0.907595 0.843535 0.803113 1.00393 1.12561 1.13581 1.03893 1.04722 1.4096 1.20801 1.59614 1.32309 1.22387 1.35693 1.23577 1.0796 1.11555 0.91228 1.04949 0.853031 0.865591 0.828782 0.761377 0.727066 0.842837 0.793707 0.458708 1.10403 1.01231 0.980488 0.996283 0.97461 0.884712 0.891327 0.917294 
RBFMultiquadricManual_iters0_phase_shifts8_Naive_full_pi_is_0
 1.03258 0.907595 0.843535 0.803113 1.00393 1.12561 1.13581 1.03893 1.04722 1.4096 1.20801 1.59614 1.32309 1.22387 1.35693 1.23577 1.0796 1.11555 0.91228 1.04949 0.853031 0.865591 0.828782 0.761377 0.727066 0.842837 0.793707 0.458708 1.10403 1.01231 0.980488 0.996283 0.97461 0.884712 0.891327 0.917294 
RBFTPS_iters9_phase_shifts7_NaiveFTFracDir_full_pi_is_1
 0.936363 1.53159 1.16287 1.11078 1.09455 1.02346 0.944455 1.00271 0.87601 0.386441 0.466898 0.494912 0.667684 0.709733 0.639045 0.792472 0.816756 0.790953 0.866468 0.715342 0.85052 0.727143 1.06118 1.08578 1.20833 1.1984 1.26638 2.63502 1.23013 0.802378 0.846312 0.927384 0.922331 0.942715 0.999347 1.00487 
RBFMultiquadricManual_iters0_phase_shifts6_Naive_full_pi_is_0
 1.02461 0.715906 0.84469 0.762782 0.975631 1.10682 1.11427 1.02458 1.06128 1.47009 1.19784 1.61186 1.32511 1.24926 1.3601 1.25228 1.1226 1.12214 0.920735 1.10276 0.849799 0.865275 0.827996 0.804115 0.68685 0.84783 0.782228 0.450402 1.1456 1.01131 0.985889 0.993066 0.977321 0.875585 0.881102 0.90632 
RBFMultiquadricManual_iters1_phase_shifts6_Naive_full_pi_is_0
 1.02461 0.715906 0.84469 0.762782 0.975631 1.10682 1.11427 1.02458 1.06128 1.47009 1.19784 1.61186 1.32511 1.24926 1.3601 1.25228 1.1226 1.12214 0.920735 1.10276 0.849799 0.865275 0.827996 0.804115 0.68685 0.84783 0.782228 0.450402 1.1456 1.01131 0.985889 0.993066 0.977321 0.875585 0.881102 0.90632 
RBFMultiquadricAuto_iters5_phase_shifts8_NaiveFTFracDir_full_pi_is_0
 1.3686 0.850287 0.962249 0.955438 0.900453 0.791252 0.807544 0.818456 0.70729 0.758509 0.779446 0.882406 0.976013 1.06245 1.03947 1.0669 1.08823 1.10499 1.15507 1.40026 1.30092 1.32893 1.10064 1.19509 1.08603 1.18081 1.11873 1.03283 0.9601 0.991939 1.06455 0.89711 0.979803 0.966532 0.999982 1.02222 
RBFMultiquadricAuto_iters5_phase_shifts4_Naive_full_pi_is_1
 0.636694 1.14249 1.12096 1.12166 1.00144 0.921413 0.927903 1.03007 1.09279 0.963145 0.84827 1.04947 1.11077 1.11768 1.03549 1.10999 1.1071 1.01966 0.703199 0.683651 0.86706 0.875773 0.927733 1.35917 1.24264 1.37289 1.17559 0.687736 0.979428 0.99418 1.16818 1.00494 1.10127 1.05775 1.07668 1.07196 
RBFBell_iters7_phase_shifts8_Naive_full_pi_is_1
 0.891219 1.42228 1.44091 1.41726 1.11482 1.03782 1.03082 1.01126 1.08949 0.620638 0.796608 0.701066 0.933292 1.07822 1.04504 1.10467 1.09659 1.10768 0.79743 0.539127 1.00427 0.796378 1.13549 1.25429 1.16898 1.22706 1.10376 0.83639 1.00178 1.14839 0.759856 0.812265 0.856119 1.05785 1.03187 0.99408 
RBFGaussian_iters7_phase_shifts8_Naive_full_pi_is_1
 0.891219 1.42228 1.44091 1.41726 1.11482 1.03782 1.03082 1.01126 1.08949 0.620638 0.796608 0.701066 0.933292 1.07822 1.04504 1.10467 1.09659 1.10768 0.79743 0.539127 1.00427 0.796378 1.13549 1.25429 1.16898 1.22706 1.10376 0.83639 1.00178 1.14839 0.759856 0.812265 0.856119 1.05785 1.03187 0.99408 
RBFMultiquadricAuto_iters3_phase_shifts5_Naive_full_pi_is_1
 0.469758 1.00417 1.01141 0.997092 1.01854 0.931905 0.936463 1.12863 1.10638 1.0744 0.98935 1.23168 1.40069 1.27318 1.11432 1.16374 1.10394 1.07538 0.760739 0.896846 0.916683 0.906922 0.94486 1.24421 1.12365 1.32312 1.31279 0.491151 0.981566 1.00842 1.0569 0.832706 0.928872 0.930063 0.942595 0.936769 
RBFMultiquadricAuto_iters3_phase_shifts6_Naive_full_pi_is_1
 0.498344 0.911987 0.92952 1.01619 1.03699 0.941568 0.947523 1.14528 1.16661 1.01386 0.97137 1.18686 1.28433 1.27184 1.12441 1.17033 1.10438 1.06445 0.789116 0.83452 0.926939 0.890605 0.950922 1.28009 1.17566 1.34917 1.36623 0.458827 0.959881 0.98247 1.08667 0.84272 0.96409 0.962274 0.985597 0.976008 
RBFGaussian_iters8_phase_shifts3_NaiveFTFracDir_full_pi_is_1
 0.885088 1.3415 1.1323 1.09848 1.04495 1.03353 0.957765 0.942068 0.807434 0.820327 0.852051 0.817916 1.08536 1.14728 1.15477 1.18121 1.19917 1.16783 0.838042 0.808712 0.892696 0.874392 0.872741 1.1859 1.17982 1.1406 1.26863 0.855438 1.39943 0.902638 1.15831 0.849569 0.852491 0.943518 1.01979 1.05638 
RBFBell_iters8_phase_shifts3_NaiveFTFracDir_full_pi_is_1
 0.885088 1.3415 1.1323 1.09848 1.04495 1.03353 0.957765 0.942068 0.807434 0.820327 0.852051 0.817916 1.08536 1.14728 1.15477 1.18121 1.19917 1.16783 0.838042 0.808712 0.892696 0.874392 0.872741 1.1859 1.17982 1.1406 1.26863 0.855438 1.39943 0.902638 1.15831 0.849569 0.852491 0.943518 1.01979 1.05638 
RBFMultiquadricManual_iters1_phase_shifts5_Naive_full_pi_is_0
 1.01843 0.809531 0.815672 0.751967 0.969379 1.09636 1.10334 1.01896 1.04544 1.38234 1.2221 1.62658 1.33095 1.27574 1.33958 1.26418 1.13509 1.12533 0.912359 1.05312 0.906059 0.917129 0.863221 0.82582 0.734048 0.874141 0.797531 0.492875 1.15352 1.00058 0.984869 0.983244 0.971796 0.86184 0.873303 0.896066 
RBFMultiquadricManual_iters0_phase_shifts5_Naive_full_pi_is_0
 1.01843 0.809531 0.815672 0.751967 0.969379 1.09636 1.10334 1.01896 1.04544 1.38234 1.2221 1.62658 1.33095 1.27574 1.33958 1.26418 1.13509 1.12533 0.912359 1.05312 0.906059 0.917129 0.863221 0.82582 0.734048 0.874141 0.797531 0.492875 1.15352 1.00058 0.984869 0.983244 0.971796 0.86184 0.873303 0.896066 
RBFGaussian_iters8_phase_shifts5_NaiveFTFracDir_full_pi_is_1
 0.816182 1.15551 1.16925 1.22025 1.08355 1.06345 1.08522 0.98558 0.878552 1.14254 1.03984 0.941254 1.16421 1.20027 1.09785 1.14784 1.1314 1.15448 0.682782 0.692135 0.799248 0.79162 1.0419 1.22377 1.27114 1.29673 1.1014 0.93697 1.08859 0.950663 0.938735 0.739596 0.807901 0.991546 1.0048 0.966646 
RBFBell_iters8_phase_shifts5_NaiveFTFracDir_full_pi_is_1
 0.816182 1.15551 1.16925 1.22025 1.08355 1.06345 1.08522 0.98558 0.878552 1.14254 1.03984 0.941254 1.16421 1.20027 1.09785 1.14784 1.1314 1.15448 0.682782 0.692135 0.799248 0.79162 1.0419 1.22377 1.27114 1.29673 1.1014 0.93697 1.08859 0.950663 0.938735 0.739596 0.807901 0.991546 1.0048 0.966646 
RBFBell_iters8_phase_shifts6_NaiveFTFracDir_full_pi_is_0
 1.48266 1.14095 1.14272 1.18537 0.930641 0.90078 0.93488 0.867845 0.709221 0.710859 0.856083 0.803835 0.949329 1.07305 1.01 1.00958 1.10661 1.1121 1.07009 1.22874 1.18516 1.26726 1.15504 0.936878 0.973019 1.0895 1.02419 1.05667 1.06332 0.845809 1.08416 0.854768 0.99773 0.998272 1.04596 1.0668 
RBFGaussian_iters8_phase_shifts6_NaiveFTFracDir_full_pi_is_0
 1.48266 1.14095 1.14272 1.18537 0.930641 0.90078 0.93488 0.867845 0.709221 0.710859 0.856083 0.803835 0.949329 1.07305 1.01 1.00958 1.10661 1.1121 1.07009 1.22874 1.18516 1.26726 1.15504 0.936878 0.973019 1.0895 1.02419 1.05667 1.06332 0.845809 1.08416 0.854768 0.99773 0.998272 1.04596 1.0668 
RBFGaussian_iters2_phase_shifts5_Naive_full_pi_is_0
 1.19028 1.21465 0.878673 1.12016 1.04201 1.02437 1.03727 1.19047 1.07936 0.44566 0.525012 0.624463 0.756252 0.794672 0.722385 0.825592 0.837745 0.860399 1.14138 0.991086 0.927211 0.975531 0.901334 0.834158 0.854171 0.752441 0.913247 2.74536 1.13634 0.947282 0.945062 1.0123 1.05178 0.930577 0.944505 0.978439 
RBFBell_iters2_phase_shifts5_Naive_full_pi_is_0
 1.19028 1.21465 0.878673 1.12016 1.04201 1.02437 1.03727 1.19047 1.07936 0.44566 0.525012 0.624463 0.756252 0.794672 0.722385 0.825592 0.837745 0.860399 1.14138 0.991086 0.927211 0.975531 0.901334 0.834158 0.854171 0.752441 0.913247 2.74536 1.13634 0.947282 0.945062 1.0123 1.05178 0.930577 0.944505 0.978439 
RBFBell_iters8_phase_shifts4_NaiveFTFracDir_full_pi_is_0
 1.53293 1.22156 1.30447 1.0289 1.03833 0.913713 0.925794 0.870687 0.747807 0.772473 0.908985 0.903563 0.993806 1.03233 0.998966 0.98745 1.01353 1.01632 1.07539 1.17874 1.16223 1.23409 1.12217 0.920726 0.868504 1.10518 1.05267 1.39852 0.856788 0.822832 1.00904 0.777339 0.963876 1.00014 1.0194 1.02765 
RBFGaussian_iters8_phase_shifts4_NaiveFTFracDir_full_pi_is_0
 1.53293 1.22156 1.30447 1.0289 1.03833 0.913713 0.925794 0.870687 0.747807 0.772473 0.908985 0.903563 0.993806 1.03233 0.998966 0.98745 1.01353 1.01632 1.07539 1.17874 1.16223 1.23409 1.12217 0.920726 0.868504 1.10518 1.05267 1.39852 0.856788 0.822832 1.00904 0.777339 0.963876 1.00014 1.0194 1.02765 
RBFBell_iters7_phase_shifts7_NaiveFTFracDir_full_pi_is_1
 0.916329 1.24986 1.34989 1.18062 1.10317 1.05402 1.03698 0.972429 0.892827 1.0946 1.06818 1.01337 1.11369 1.16265 1.15434 1.13824 1.10615 1.06583 0.661584 0.709894 0.845714 0.826961 1.02534 1.17723 1.39824 1.13376 1.1742 0.627579 1.36024 0.779952 0.931859 0.663574 0.81518 0.910852 0.976702 0.965775 
RBFGaussian_iters7_phase_shifts7_NaiveFTFracDir_full_pi_is_1
 0.916329 1.24986 1.34989 1.18062 1.10317 1.05402 1.03698 0.972429 0.892827 1.0946 1.06818 1.01337 1.11369 1.16265 1.15434 1.13824 1.10615 1.06583 0.661584 0.709894 0.845714 0.826961 1.02534 1.17723 1.39824 1.13376 1.1742 0.627579 1.36024 0.779952 0.931859 0.663574 0.81518 0.910852 0.976702 0.965775 
RBFMultiquadricAuto_iters5_phase_shifts7_NaiveFTFracDir_full_pi_is_1
 0.706632 0.761485 0.747882 0.870581 1.0033 0.866341 0.866705 0.936919 0.813028 0.742666 0.67752 0.912326 0.904431 1.03152 1.01869 1.06859 0.983456 0.986334 0.726967 0.760173 0.903794 0.977215 1.09193 1.24982 1.33503 1.31951 1.25131 2.5832 0.993505 0.870729 1.05497 0.750939 0.93177 0.93762 0.960138 0.950859 
RBFBell_iters7_phase_shifts2_NaiveFTFracDir_full_pi_is_1
 0.733557 0.913911 1.08829 0.984873 0.974888 1.0265 1.04462 0.985198 0.943697 1.11229 0.9739 0.969223 1.0713 0.990276 1.08395 1.09994 1.14406 1.13506 0.696101 0.555967 0.918484 1.06593 1.1918 1.08417 1.34106 1.07782 1.22155 1.62075 1.01129 0.863037 1.16703 0.809183 0.845082 1.05417 0.986378 0.989999 
RBFGaussian_iters7_phase_shifts2_NaiveFTFracDir_full_pi_is_1
 0.733557 0.913911 1.08829 0.984873 0.974888 1.0265 1.04462 0.985198 0.943697 1.11229 0.9739 0.969223 1.0713 0.990276 1.08395 1.09994 1.14406 1.13506 0.696101 0.555967 0.918484 1.06593 1.1918 1.08417 1.34106 1.07782 1.22155 1.62075 1.01129 0.863037 1.16703 0.809183 0.845082 1.05417 0.986378 0.989999 
IDW_iters8_phase_shifts8_NaiveFTFracDir_full_pi_is_0
 1.79639 0.960919 1.0012 1.07234 0.997409 1.00222 1.01836 0.845086 0.672065 0.48116 0.561023 0.758874 0.818527 0.810766 0.901387 0.90682 0.934709 0.971954 1.34516 1.42911 1.29189 1.27742 1.14189 1.10696 1.03804 1.36206 1.16858 0.582453 0.753688 0.931509 0.885548 0.972726 1.08616 1.02997 1.14316 1.14376 
RBFBell_iters7_phase_shifts4_Naive_full_pi_is_1
 0.97554 1.32248 1.32161 1.24142 1.0906 1.04804 1.06842 1.00137 0.992475 1.1213 1.07732 1.09876 1.02785 1.2078 1.12128 1.13619 1.14653 1.12336 0.697871 0.45143 0.866615 0.870839 1.00219 1.07301 1.1324 1.07875 1.07027 0.930752 0.909949 1.05629 0.78954 0.92996 0.867211 1.05375 1.02595 0.984846 
RBFGaussian_iters7_phase_shifts4_Naive_full_pi_is_1
 0.97554 1.32248 1.32161 1.24142 1.0906 1.04804 1.06842 1.00137 0.992475 1.1213 1.07732 1.09876 1.02785 1.2078 1.12128 1.13619 1.14653 1.12336 0.697871 0.45143 0.866615 0.870839 1.00219 1.07301 1.1324 1.07875 1.07027 0.930752 0.909949 1.05629 0.78954 0.92996 0.867211 1.05375 1.02595 0.984846 
RBFBell_iters3_phase_shifts4_Naive_full_pi_is_0
 1.03485 1.17815 1.22448 1.11831 1.14187 1.10012 1.09835 1.20132 1.04232 0.54249 0.691491 0.768078 0.934434 0.945873 0.876271 0.895852 0.895632 0.951075 1.06353 1.10085 1.03299 1.10055 1.0555 0.63277 0.904479 0.78763 0.952102 1.30082 0.851726 1.21671 1.18257 1.23842 1.15352 1.2395 1.19117 1.17136 
RBFGaussian_iters3_phase_shifts4_Naive_full_pi_is_0
 1.03485 1.17815 1.22448 1.11831 1.14187 1.10012 1.09835 1.20132 1.04232 0.54249 0.691491 0.768078 0.934434 0.945873 0.876271 0.895852 0.895632 0.951075 1.06353 1.10085 1.03299 1.10055 1.0555 0.63277 0.904479 0.78763 0.952102 1.30082 0.851726 1.21671 1.18257 1.23842 1.15352 1.2395 1.19117 1.17136 
RBFMultiquadricAuto_iters7_phase_shifts3_NaiveFTFracDir_full_pi_is_0
 1.86916 0.862709 1.04527 0.987559 1.00759 0.758627 0.783231 0.799309 0.560834 0.882061 0.946847 0.923037 0.897766 0.964818 0.960942 0.962787 1.01573 1.02017 0.890459 1.19184 1.16755 1.22508 1.01889 1.15133 1.17569 1.23509 1.16478 0.938558 1.096 0.929608 1.10934 0.853356 0.979275 1.0481 1.14486 1.1379 
RBFMultiquadricManual_iters0_phase_shifts4_Naive_full_pi_is_0
 0.966863 0.778093 0.791822 0.709116 0.949571 1.07647 1.07171 1.04619 1.03097 1.46796 1.22444 1.6346 1.31277 1.29654 1.34749 1.27727 1.11627 1.10809 0.933756 1.05252 0.89914 0.913445 0.85784 0.810092 0.775018 0.869481 0.787684 0.932294 1.15662 0.975207 0.982741 0.981046 0.966265 0.84774 0.86429 0.882905 
RBFMultiquadricManual_iters1_phase_shifts4_Naive_full_pi_is_0
 0.966863 0.778093 0.791822 0.709116 0.949571 1.07647 1.07171 1.04619 1.03097 1.46796 1.22444 1.6346 1.31277 1.29654 1.34749 1.27727 1.11627 1.10809 0.933756 1.05252 0.89914 0.913445 0.85784 0.810092 0.775018 0.869481 0.787684 0.932294 1.15662 0.975207 0.982741 0.981046 0.966265 0.84774 0.86429 0.882905 
RBFMultiquadricAuto_iters6_phase_shifts3_NaiveFTFracDir_full_pi_is_0
 1.56769 0.931795 0.913264 0.904091 0.930887 0.773456 0.775477 0.786547 0.596098 1.09081 1.0966 1.07088 0.99464 1.02573 1.07419 1.05692 1.08815 1.06191 0.909354 1.1644 1.14219 1.19843 1.01327 1.13158 1.17546 1.22785 1.17381 1.07206 0.873661 0.973518 1.17692 0.848972 0.954133 1.01457 1.10702 1.07049 
RBFBell_iters8_phase_shifts4_NaiveFTFracDir_full_pi_is_1
 0.674805 1.27256 1.34093 1.17599 1.12315 1.03447 1.02916 0.974817 0.804446 0.738536 0.985623 0.898764 0.984172 1.16006 1.11863 1.11926 1.15646 1.13872 0.785104 0.634423 0.872762 0.978302 1.0866 1.28902 1.34712 1.28162 1.11252 0.971631 0.878959 1.05538 1.02969 0.884337 0.970413 0.970745 1.01943 1.03725 
RBFGaussian_iters8_phase_shifts4_NaiveFTFracDir_full_pi_is_1
 0.674805 1.27256 1.34093 1.17599 1.12315 1.03447 1.02916 0.974817 0.804446 0.738536 0.985623 0.898764 0.984172 1.16006 1.11863 1.11926 1.15646 1.13872 0.785104 0.634423 0.872762 0.978302 1.0866 1.28902 1.34712 1.28162 1.11252 0.971631 0.878959 1.05538 1.02969 0.884337 0.970413 0.970745 1.01943 1.03725 
RBFGaussian_iters8_phase_shifts8_NaiveFTFracDir_full_pi_is_1
 0.942901 1.25933 1.30553 1.18966 1.12276 1.04259 1.07139 1.02476 0.860433 0.800174 0.927981 0.872051 1.14012 1.22197 1.16412 1.14975 1.14582 1.10972 0.646492 0.562656 0.636441 0.719176 0.939069 1.23129 1.47123 1.21478 1.15432 1.20751 0.914174 0.866799 0.98684 0.828538 0.936873 1.06548 1.02921 1.02572 
RBFBell_iters8_phase_shifts8_NaiveFTFracDir_full_pi_is_1
 0.942901 1.25933 1.30553 1.18966 1.12276 1.04259 1.07139 1.02476 0.860433 0.800174 0.927981 0.872051 1.14012 1.22197 1.16412 1.14975 1.14582 1.10972 0.646492 0.562656 0.636441 0.719176 0.939069 1.23129 1.47123 1.21478 1.15432 1.20751 0.914174 0.866799 0.98684 0.828538 0.936873 1.06548 1.02921 1.02572 
RBFMultiquadricManual_iters2_phase_shifts3_NaiveFTFracDir_full_pi_is_0
 0.656728 0.491279 0.46343 0.62827 0.788723 0.835607 0.841629 1.00315 0.86567 1.50982 2.00519 1.58971 1.3146 1.37428 1.38144 1.32217 1.25394 1.1347 0.978323 1.13715 1.03563 1.0508 1.02273 0.743161 0.887358 0.765686 0.877694 0.941371 1.13421 0.873702 0.915718 0.755442 0.764933 0.788873 0.807129 0.796404 
RBFMultiquadricAuto_iters3_phase_shifts7_Naive_full_pi_is_1
 0.547738 0.909641 0.946792 1.04263 1.04721 0.980195 0.979284 1.15544 1.18078 1.05645 0.975206 1.2334 1.28736 1.27972 1.14261 1.19237 1.12026 1.07295 0.787295 0.839512 0.933737 0.901371 0.953485 1.29876 1.31006 1.35982 1.07086 0.374622 0.937369 0.983475 1.10211 0.863953 0.982161 0.983259 1.00716 0.999383 
Makima_iters4_phase_shifts7_Naive_full_pi_is_0
 1.28664 1.10704 1.25465 1.51872 1.1746 1.22879 1.24245 1.07964 1.21603 0.331588 0.539501 0.700087 0.855713 0.807317 0.89685 0.933349 0.884499 0.89624 1.23771 1.21628 1.05793 1.09314 1.05589 0.920076 0.998949 0.906361 0.81345 1.62202 0.648853 0.844629 1.09963 0.980842 0.995398 0.980038 1.009 1.01814 
Makima_iters5_phase_shifts4_Naive_full_pi_is_0
 1.09194 1.39449 1.34086 1.10058 1.01406 1.49448 1.04362 0.911817 0.801735 0.36875 0.491125 0.681498 0.790455 0.752526 0.843172 0.889088 0.878074 0.833443 1.0659 1.22706 1.14026 1.16245 1.12581 0.917237 0.964313 0.955019 0.971136 1.52253 0.66199 1.4285 1.22039 1.07443 1.07325 1.0728 1.06476 1.05662 
RBFMultiquadricAuto_iters8_phase_shifts3_NaiveFTFracDir_full_pi_is_0
 1.52326 0.991598 1.16316 1.09685 1.03471 0.830768 0.825548 0.762428 0.592272 0.762507 0.982888 1.05331 0.848441 0.901177 0.957538 0.958045 1.00891 0.99963 0.897411 1.24104 1.1805 1.24151 1.05808 1.14638 1.1887 1.25992 1.16838 0.939849 0.963494 0.993857 1.0875 0.886058 1.02973 1.08121 1.19262 1.1752 
RBFGaussian_iters5_phase_shifts2_Naive_full_pi_is_0
 1.25586 1.25033 1.25678 1.13078 0.892399 0.930528 0.956291 0.860715 0.875453 0.579238 0.783419 0.834186 0.964647 0.994937 0.95105 1.01271 1.02039 1.08524 1.29459 1.27591 1.20537 1.23444 1.1517 0.916215 0.96637 0.931162 1.01305 0.746387 0.871498 1.06285 1.13524 1.18489 1.12839 1.10516 1.11881 1.10327 
RBFBell_iters5_phase_shifts2_Naive_full_pi_is_0
 1.25586 1.25033 1.25678 1.13078 0.892399 0.930528 0.956291 0.860715 0.875453 0.579238 0.783419 0.834186 0.964647 0.994937 0.95105 1.01271 1.02039 1.08524 1.29459 1.27591 1.20537 1.23444 1.1517 0.916215 0.96637 0.931162 1.01305 0.746387 0.871498 1.06285 1.13524 1.18489 1.12839 1.10516 1.11881 1.10327 
RBFMultiquadricAuto_iters8_phase_shifts3_NaiveFTFracDir_full_pi_is_1
 1.03401 1.00119 1.03388 1.07867 1.22252 1.05679 1.06757 0.972401 0.836237 0.618543 0.628827 0.759002 0.821241 0.858298 0.853479 0.923872 0.927126 0.933483 0.848484 0.815076 0.765282 0.963533 0.89008 1.22508 1.48981 1.43664 1.32778 1.10482 1.2809 1.1152 1.3418 1.11972 1.19085 1.09041 1.07857 1.10921 
RBFMultiquadricAuto_iters5_phase_shifts4_NaiveFTFracDir_full_pi_is_0
 1.33819 0.942139 0.951198 0.936742 0.904393 0.752915 0.735528 0.753326 0.669093 1.08116 1.04925 1.23831 1.03984 1.01718 1.08797 1.07212 1.10398 1.12297 1.2568 1.37458 1.26332 1.32082 1.07223 1.04081 1.09544 1.18709 1.11075 0.822507 1.12346 0.965784 1.06625 0.817049 0.8982 0.922219 0.948418 0.982995 
RBFBell_iters9_phase_shifts1_NaiveFTFracDir_full_pi_is_0
 1.05854 0.611498 0.473764 0.575353 0.93202 0.827226 0.831297 0.722184 0.648993 1.70172 1.57507 1.67402 1.38368 1.40053 1.29286 1.33781 1.2651 1.19275 0.534709 0.553232 1.07365 1.08643 0.979414 0.8119 1.0425 1.01555 1.08869 0.656638 0.935738 0.847682 0.942541 0.825973 0.974027 1.05322 0.988924 0.985241 
RBFGaussian_iters9_phase_shifts1_Naive_full_pi_is_0
 1.05854 0.611498 0.473764 0.575353 0.93202 0.827226 0.831297 0.722184 0.648993 1.70172 1.57507 1.67402 1.38368 1.40053 1.29286 1.33781 1.2651 1.19275 0.534709 0.553232 1.07365 1.08643 0.979414 0.8119 1.0425 1.01555 1.08869 0.656638 0.935738 0.847682 0.942541 0.825973 0.974027 1.05322 0.988924 0.985241 
RBFGaussian_iters9_phase_shifts1_Naive_full_pi_is_1
 1.05854 0.611498 0.473764 0.575353 0.93202 0.827226 0.831297 0.722184 0.648993 1.70172 1.57507 1.67402 1.38368 1.40053 1.29286 1.33781 1.2651 1.19275 0.534709 0.553232 1.07365 1.08643 0.979414 0.8119 1.0425 1.01555 1.08869 0.656638 0.935738 0.847682 0.942541 0.825973 0.974027 1.05322 0.988924 0.985241 
RBFBell_iters9_phase_shifts1_NaiveFTFracDir_full_pi_is_1
 1.05854 0.611498 0.473764 0.575353 0.93202 0.827226 0.831297 0.722184 0.648993 1.70172 1.57507 1.67402 1.38368 1.40053 1.29286 1.33781 1.2651 1.19275 0.534709 0.553232 1.07365 1.08643 0.979414 0.8119 1.0425 1.01555 1.08869 0.656638 0.935738 0.847682 0.942541 0.825973 0.974027 1.05322 0.988924 0.985241 
RBFBell_iters9_phase_shifts1_Naive_full_pi_is_1
 1.05854 0.611498 0.473764 0.575353 0.93202 0.827226 0.831297 0.722184 0.648993 1.70172 1.57507 1.67402 1.38368 1.40053 1.29286 1.33781 1.2651 1.19275 0.534709 0.553232 1.07365 1.08643 0.979414 0.8119 1.0425 1.01555 1.08869 0.656638 0.935738 0.847682 0.942541 0.825973 0.974027 1.05322 0.988924 0.985241 
RBFGaussian_iters9_phase_shifts1_NaiveFTFracDir_full_pi_is_1
 1.05854 0.611498 0.473764 0.575353 0.93202 0.827226 0.831297 0.722184 0.648993 1.70172 1.57507 1.67402 1.38368 1.40053 1.29286 1.33781 1.2651 1.19275 0.534709 0.553232 1.07365 1.08643 0.979414 0.8119 1.0425 1.01555 1.08869 0.656638 0.935738 0.847682 0.942541 0.825973 0.974027 1.05322 0.988924 0.985241 
RBFGaussian_iters9_phase_shifts1_NaiveFTFracDir_full_pi_is_0
 1.05854 0.611498 0.473764 0.575353 0.93202 0.827226 0.831297 0.722184 0.648993 1.70172 1.57507 1.67402 1.38368 1.40053 1.29286 1.33781 1.2651 1.19275 0.534709 0.553232 1.07365 1.08643 0.979414 0.8119 1.0425 1.01555 1.08869 0.656638 0.935738 0.847682 0.942541 0.825973 0.974027 1.05322 0.988924 0.985241 
RBFBell_iters9_phase_shifts1_Naive_full_pi_is_0
 1.05854 0.611498 0.473764 0.575353 0.93202 0.827226 0.831297 0.722184 0.648993 1.70172 1.57507 1.67402 1.38368 1.40053 1.29286 1.33781 1.2651 1.19275 0.534709 0.553232 1.07365 1.08643 0.979414 0.8119 1.0425 1.01555 1.08869 0.656638 0.935738 0.847682 0.942541 0.825973 0.974027 1.05322 0.988924 0.985241 
RBFBell_iters7_phase_shifts9_NaiveFTFracDir_full_pi_is_1
 0.963803 1.24988 1.26774 1.19163 1.09508 1.01289 1.03312 1.01004 0.853867 1.0749 1.086 1.04805 1.21456 1.20258 1.19605 1.1443 1.13154 1.07977 0.66321 0.600628 0.743352 0.770445 1.05659 1.26024 1.45912 1.16109 1.19614 1.04602 1.04958 0.707529 0.950254 0.793483 0.816556 0.95833 0.962676 0.96512 
RBFGaussian_iters7_phase_shifts9_NaiveFTFracDir_full_pi_is_1
 0.963803 1.24988 1.26774 1.19163 1.09508 1.01289 1.03312 1.01004 0.853867 1.0749 1.086 1.04805 1.21456 1.20258 1.19605 1.1443 1.13154 1.07977 0.66321 0.600628 0.743352 0.770445 1.05659 1.26024 1.45912 1.16109 1.19614 1.04602 1.04958 0.707529 0.950254 0.793483 0.816556 0.95833 0.962676 0.96512 
RBFMultiquadricManual_iters2_phase_shifts5_NaiveFTFracDir_full_pi_is_0
 0.591684 0.498056 0.500794 0.604511 0.817734 0.93261 0.933154 1.08134 0.968 1.60655 1.62015 1.7202 1.45716 1.40426 1.31341 1.26047 1.23045 1.15286 0.976483 1.14032 1.01603 1.03088 1.04117 0.992815 0.91288 0.771897 0.924086 0.919323 0.963553 0.838092 0.936382 0.754338 0.82259 0.783804 0.806479 0.813703 
RBFBell_iters8_phase_shifts7_Naive_full_pi_is_1
 0.606931 1.0757 1.0759 1.12339 0.951146 1.05097 1.0352 0.96483 1.01192 0.791263 0.979742 0.758885 0.991709 1.16899 1.15648 1.1901 1.13901 1.16897 1.24252 0.557366 1.06162 0.807324 1.1167 1.25166 1.27351 1.23991 1.18167 1.06578 0.808876 1.23119 0.979969 0.845719 0.881132 1.17811 1.07393 1.08142 
RBFGaussian_iters8_phase_shifts7_Naive_full_pi_is_1
 0.606931 1.0757 1.0759 1.12339 0.951146 1.05097 1.0352 0.96483 1.01192 0.791263 0.979742 0.758885 0.991709 1.16899 1.15648 1.1901 1.13901 1.16897 1.24252 0.557366 1.06162 0.807324 1.1167 1.25166 1.27351 1.23991 1.18167 1.06578 0.808876 1.23119 0.979969 0.845719 0.881132 1.17811 1.07393 1.08142 
RBFBell_iters9_phase_shifts9_NaiveFTFracDir_full_pi_is_0
 1.2456 1.10191 1.1411 1.13535 1.01463 0.938604 0.935237 0.873621 0.722505 0.660316 0.82524 0.864334 0.982689 1.1497 1.13242 1.09858 1.1893 1.2158 1.0852 1.27655 1.23457 1.30162 1.17327 0.985338 0.915965 1.10557 1.01215 0.779992 1.03179 0.912938 1.04762 0.883635 0.964865 1.0611 1.11908 1.13644 
RBFGaussian_iters9_phase_shifts9_NaiveFTFracDir_full_pi_is_0
 1.2456 1.10191 1.1411 1.13535 1.01463 0.938604 0.935237 0.873621 0.722505 0.660316 0.82524 0.864334 0.982689 1.1497 1.13242 1.09858 1.1893 1.2158 1.0852 1.27655 1.23457 1.30162 1.17327 0.985338 0.915965 1.10557 1.01215 0.779992 1.03179 0.912938 1.04762 0.883635 0.964865 1.0611 1.11908 1.13644 
RBFBell_iters9_phase_shifts7_NaiveFTFracDir_full_pi_is_0
 1.40822 1.00521 1.02851 1.076 0.891283 0.949234 0.919936 0.879307 0.76389 0.689482 0.839604 0.875672 1.04169 1.14463 1.14902 1.12282 1.18414 1.17896 1.23933 1.30338 1.29613 1.30227 1.15593 1.01539 0.929547 1.12121 1.04208 0.809699 0.932526 0.89797 1.03735 0.870775 0.923519 1.02245 1.04946 1.11315 
RBFGaussian_iters9_phase_shifts7_NaiveFTFracDir_full_pi_is_0
 1.40822 1.00521 1.02851 1.076 0.891283 0.949234 0.919936 0.879307 0.76389 0.689482 0.839604 0.875672 1.04169 1.14463 1.14902 1.12282 1.18414 1.17896 1.23933 1.30338 1.29613 1.30227 1.15593 1.01539 0.929547 1.12121 1.04208 0.809699 0.932526 0.89797 1.03735 0.870775 0.923519 1.02245 1.04946 1.11315 
RBFMultiquadricManual_iters1_phase_shifts9_Naive_full_pi_is_0
 1.03455 0.879302 0.882243 0.819753 1.00385 1.12746 1.09717 1.04163 1.04388 1.54383 1.19965 1.6618 1.37466 1.26189 1.38432 1.26039 1.09755 1.13309 0.915232 1.04892 0.853369 0.865522 0.827758 0.773543 0.733781 0.863953 0.77368 0.465234 1.0916 1.02035 0.983336 0.999667 0.99103 0.889908 0.896967 0.919633 
RBFMultiquadricManual_iters0_phase_shifts9_Naive_full_pi_is_0
 1.03455 0.879302 0.882243 0.819753 1.00385 1.12746 1.09717 1.04163 1.04388 1.54383 1.19965 1.6618 1.37466 1.26189 1.38432 1.26039 1.09755 1.13309 0.915232 1.04892 0.853369 0.865522 0.827758 0.773543 0.733781 0.863953 0.77368 0.465234 1.0916 1.02035 0.983336 0.999667 0.99103 0.889908 0.896967 0.919633 
RBFMultiquadricAuto_iters8_phase_shifts5_Naive_full_pi_is_1
 0.708033 1.58744 1.55438 1.50143 1.11083 1.00828 1.01289 1.01085 1.14628 0.593241 0.677585 0.924227 0.973116 0.777308 0.918528 0.884943 0.825675 0.947072 0.668344 0.561537 0.778831 0.820374 0.885674 1.32434 1.26631 1.55653 1.15604 0.841229 0.936749 1.0827 0.902165 1.08511 1.24967 1.17138 1.08304 0.961401 
Makima_iters7_phase_shifts3_Naive_full_pi_is_0
 1.06396 1.13178 0.705885 1.03278 1.26778 0.898443 0.78809 0.849483 0.626523 0.364652 0.529892 0.833376 0.880052 0.802479 0.855487 0.959087 0.863168 0.856437 0.993234 1.40128 1.19901 1.20367 1.12793 0.829935 0.953849 0.979083 0.964486 1.06965 0.659025 1.56214 1.60202 1.42524 1.34263 1.27073 1.25946 1.21083 
RBFTPS_iters7_phase_shifts2_Naive_full_pi_is_0
 1.52574 1.2313 1.22699 1.20147 1.09362 1.06713 1.06839 1.02819 0.911382 0.377012 0.522979 0.572832 0.834897 0.830087 0.853207 0.876039 0.836555 0.922469 1.06703 1.29298 1.18855 1.22547 1.13224 1.08472 0.969711 0.888749 0.88371 0.451182 0.634169 1.06235 1.09951 1.34014 1.32935 1.2365 1.30953 1.30804 
IDW_iters5_phase_shifts3_Naive_full_pi_is_0
 0.677086 1.47588 1.33631 0.995652 1.00899 1.09354 1.09206 1.02603 0.885347 0.448736 0.524656 0.585847 0.848862 0.811024 0.832378 0.90247 0.943768 0.982602 1.4967 1.4014 1.23638 1.26835 1.16781 1.00815 0.932501 0.930378 1.00327 1.09206 0.758693 1.02528 1.05419 1.21599 1.20351 1.13949 1.18108 1.13932 
RBFMultiquadricManual_iters3_phase_shifts9_NaiveFTFracDir_full_pi_is_1
 0.556789 0.62947 0.624358 0.786986 0.844308 0.866591 0.90702 1.01316 0.931018 1.94408 1.69701 1.62503 1.4174 1.44782 1.36969 1.38137 1.28571 1.21558 0.630534 0.668231 1.02744 0.840628 1.07289 0.972486 0.906207 0.98403 1.02994 0.699188 0.854589 0.753996 0.884908 0.736451 0.790793 0.808147 0.827674 0.830563 
RBFBell_iters5_phase_shifts7_NaiveFTFracDir_full_pi_is_1
 0.677418 0.853206 0.852369 0.915409 0.95615 0.940744 0.950471 0.92806 0.832254 0.823328 0.791343 0.786584 0.8345 0.874864 0.897655 0.930714 0.941105 0.914103 0.69168 0.862396 0.934926 1.21251 1.13237 1.32386 1.27918 1.12096 1.11145 2.90717 1.26923 0.697058 1.05254 0.667355 0.761163 0.860792 0.909555 0.890865 
RBFGaussian_iters5_phase_shifts7_NaiveFTFracDir_full_pi_is_1
 0.677418 0.853206 0.852369 0.915409 0.95615 0.940744 0.950471 0.92806 0.832254 0.823328 0.791343 0.786584 0.8345 0.874864 0.897655 0.930714 0.941105 0.914103 0.69168 0.862396 0.934926 1.21251 1.13237 1.32386 1.27918 1.12096 1.11145 2.90717 1.26923 0.697058 1.05254 0.667355 0.761163 0.860792 0.909555 0.890865 
RBFGaussian_iters8_phase_shifts9_NaiveFTFracDir_full_pi_is_0
 1.30074 1.06875 1.10764 1.12013 0.97941 0.9201 0.920115 0.825821 0.732811 0.677174 0.903194 0.90528 1.0019 1.14321 1.1026 1.10238 1.17899 1.21609 1.34795 1.3317 1.34197 1.34364 1.16782 0.978313 0.911588 1.10156 1.03886 0.754607 0.969662 0.912563 1.02385 0.835664 0.895066 0.990559 1.02606 1.06838 
RBFBell_iters8_phase_shifts9_NaiveFTFracDir_full_pi_is_0
 1.30074 1.06875 1.10764 1.12013 0.97941 0.9201 0.920115 0.825821 0.732811 0.677174 0.903194 0.90528 1.0019 1.14321 1.1026 1.10238 1.17899 1.21609 1.34795 1.3317 1.34197 1.34364 1.16782 0.978313 0.911588 1.10156 1.03886 0.754607 0.969662 0.912563 1.02385 0.835664 0.895066 0.990559 1.02606 1.06838 
IDW_iters8_phase_shifts2_Naive_full_pi_is_0
 1.45609 1.04303 0.958751 1.19095 0.823426 0.834533 0.848392 0.898271 0.827414 0.417286 0.685432 0.883918 0.993662 1.03143 0.961414 0.97947 1.12667 1.06334 1.32541 1.42626 1.19719 1.2341 1.13064 1.1683 1.0201 1.06974 1.03042 0.679757 0.836669 1.01447 0.896746 1.18189 1.19968 1.11999 1.26892 1.17916 
RBFBell_iters2_phase_shifts6_Naive_full_pi_is_0
 1.22158 0.940158 1.01945 1.17281 1.02227 1.048 1.04948 1.19285 1.10748 0.434653 0.510515 0.658603 0.747151 0.785053 0.730438 0.808031 0.82688 0.812331 1.1538 0.984122 0.901483 0.951535 0.89581 0.827041 0.836838 0.76015 0.864295 3.04744 1.07599 0.927232 0.916586 0.947645 1.04405 0.931016 0.964604 0.972532 
RBFGaussian_iters2_phase_shifts6_Naive_full_pi_is_0
 1.22158 0.940158 1.01945 1.17281 1.02227 1.048 1.04948 1.19285 1.10748 0.434653 0.510515 0.658603 0.747151 0.785053 0.730438 0.808031 0.82688 0.812331 1.1538 0.984122 0.901483 0.951535 0.89581 0.827041 0.836838 0.76015 0.864295 3.04744 1.07599 0.927232 0.916586 0.947645 1.04405 0.931016 0.964604 0.972532 
IDW_iters9_phase_shifts4_NaiveFTFracDir_full_pi_is_1
 0.903637 1.09086 1.05209 1.14958 1.1453 1.07111 1.11735 1.0202 0.852132 0.471106 0.648813 0.646197 0.76281 0.811924 0.86507 0.89505 0.905799 0.952148 1.57925 0.986615 1.01627 1.0509 1.16841 1.47469 1.50059 1.21404 1.37102 1.09565 0.930332 1.06967 1.12795 0.877714 0.894426 0.987032 1.11046 1.09816 
RBFGaussian_iters8_phase_shifts5_NaiveFTFracDir_full_pi_is_0
 1.64715 1.01912 1.01982 1.04016 0.878591 0.864514 0.860126 0.828139 0.730295 0.846658 1.05564 0.994797 1.07206 1.10258 1.06093 1.04031 1.08992 1.10234 1.21622 1.27048 1.22454 1.29277 1.12405 0.969901 0.91972 1.05675 1.03884 0.868925 1.00781 0.831238 1.07569 0.900829 0.928208 1.0972 1.11187 1.14954 
RBFBell_iters8_phase_shifts5_NaiveFTFracDir_full_pi_is_0
 1.64715 1.01912 1.01982 1.04016 0.878591 0.864514 0.860126 0.828139 0.730295 0.846658 1.05564 0.994797 1.07206 1.10258 1.06093 1.04031 1.08992 1.10234 1.21622 1.27048 1.22454 1.29277 1.12405 0.969901 0.91972 1.05675 1.03884 0.868925 1.00781 0.831238 1.07569 0.900829 0.928208 1.0972 1.11187 1.14954 
RBFMultiquadricAuto_iters8_phase_shifts2_NaiveFTFracDir_full_pi_is_0
 1.46756 0.823902 0.869363 0.696018 0.792488 0.799438 0.790939 0.749396 0.61852 1.30399 1.31001 1.4081 1.12488 1.05648 1.10319 1.04422 1.06028 1.08979 0.743654 1.22368 1.17574 1.22253 1.02807 1.09221 1.00164 1.26219 1.16419 1.10742 1.12312 0.782117 1.0701 0.938721 0.955883 0.995427 1.06716 1.05457 
RBFMultiquadricManual_iters1_phase_shifts3_Naive_full_pi_is_0
 0.846561 0.682921 0.70982 0.660739 0.899687 1.03105 1.02216 1.09051 1.01064 1.56681 1.2522 1.66185 1.38331 1.32775 1.39328 1.26932 1.09986 1.0953 0.891464 1.04935 0.892527 0.910388 0.85202 0.801707 0.769209 0.81388 0.786231 1.42796 1.18739 0.980252 0.967752 0.97091 0.941582 0.82499 0.846417 0.854172 
RBFMultiquadricManual_iters0_phase_shifts3_Naive_full_pi_is_0
 0.846561 0.682921 0.70982 0.660739 0.899687 1.03105 1.02216 1.09051 1.01064 1.56681 1.2522 1.66185 1.38331 1.32775 1.39328 1.26932 1.09986 1.0953 0.891464 1.04935 0.892527 0.910388 0.85202 0.801707 0.769209 0.81388 0.786231 1.42796 1.18739 0.980252 0.967752 0.97091 0.941582 0.82499 0.846417 0.854172 
RBFMultiquadricAuto_iters9_phase_shifts6_NaiveFTFracDir_full_pi_is_1
 1.11827 1.48382 1.53872 1.24077 1.14687 0.884053 0.896016 1.03263 0.867318 0.478396 0.515832 0.675922 0.816703 0.90092 0.86757 0.900797 0.889958 0.888611 0.743083 0.635798 0.714796 0.817353 0.880592 1.41246 1.55006 1.49779 1.41846 1.32145 1.25107 0.89038 0.941158 1.04544 1.0489 1.02192 1.05363 1.09792 
RBFGaussian_iters7_phase_shifts6_NaiveFTFracDir_full_pi_is_0
 1.46147 1.10335 1.0932 1.15796 0.946698 0.918905 0.911573 0.865258 0.681168 0.765755 0.963929 0.903725 1.07613 1.06001 1.04262 1.03411 1.1042 1.14906 1.38275 1.23753 1.16874 1.2651 1.1266 0.911942 0.969163 1.0599 1.03798 1.00177 0.919023 0.930358 1.17047 0.890004 1.00496 1.03039 1.05074 1.04841 
RBFBell_iters7_phase_shifts6_NaiveFTFracDir_full_pi_is_0
 1.46147 1.10335 1.0932 1.15796 0.946698 0.918905 0.911573 0.865258 0.681168 0.765755 0.963929 0.903725 1.07613 1.06001 1.04262 1.03411 1.1042 1.14906 1.38275 1.23753 1.16874 1.2651 1.1266 0.911942 0.969163 1.0599 1.03798 1.00177 0.919023 0.930358 1.17047 0.890004 1.00496 1.03039 1.05074 1.04841 
RBFGaussian_iters9_phase_shifts2_NaiveFTFracDir_full_pi_is_1
 0.853871 1.0136 1.04173 1.09041 1.03213 0.951691 1.02509 0.910547 0.858572 1.30517 1.2857 1.10095 1.16436 1.12362 1.07884 1.19848 1.25418 1.28189 0.663127 0.666981 0.874155 0.94589 1.14231 1.07161 1.25374 1.04131 1.27759 1.14026 1.15877 0.841501 1.1549 0.835653 0.84629 0.989142 0.947499 0.971424 
RBFBell_iters9_phase_shifts2_NaiveFTFracDir_full_pi_is_1
 0.853871 1.0136 1.04173 1.09041 1.03213 0.951691 1.02509 0.910547 0.858572 1.30517 1.2857 1.10095 1.16436 1.12362 1.07884 1.19848 1.25418 1.28189 0.663127 0.666981 0.874155 0.94589 1.14231 1.07161 1.25374 1.04131 1.27759 1.14026 1.15877 0.841501 1.1549 0.835653 0.84629 0.989142 0.947499 0.971424 
RBFMultiquadricManual_iters3_phase_shifts3_NaiveFTFracDir_full_pi_is_1
 0.528652 0.978697 0.844672 0.867912 0.948523 0.920409 0.934434 1.00403 1.107 1.42108 2.29285 1.35505 1.09926 1.28138 1.23387 1.20483 1.13903 1.09765 0.572753 0.732396 0.978071 0.875114 1.00523 1.0783 0.804635 0.849472 1.00955 0.668132 1.08767 0.878379 1.08234 0.93517 0.916689 0.882467 0.891955 0.907188 
RBFMultiquadricAuto_iters9_phase_shifts5_NaiveFTFracDir_full_pi_is_1
 1.0044 1.23198 1.25694 1.14274 0.985228 0.989447 0.992727 0.950923 0.845885 0.802957 0.779675 1.03692 1.05389 1.04998 1.08709 1.08021 1.05327 1.02043 0.797757 0.644157 0.713769 0.64566 1.05514 1.31734 1.75104 1.48468 1.31604 1.00535 0.886865 0.912208 0.978244 1.02149 1.05161 1.0256 1.04221 1.0672 
RBFGaussian_iters8_phase_shifts8_Naive_full_pi_is_1
 0.606996 1.0499 1.11009 1.24597 1.01123 1.04357 1.04857 0.959642 0.995391 0.755096 0.901195 0.72536 1.0071 1.14662 1.16635 1.14225 1.10825 1.14907 1.29646 0.527912 1.05339 0.800948 1.10862 1.23843 1.2897 1.26118 1.18088 1.02757 0.998506 1.25645 0.999004 0.874439 0.890289 1.16881 1.08478 1.08181 
RBFBell_iters8_phase_shifts8_Naive_full_pi_is_1
 0.606996 1.0499 1.11009 1.24597 1.01123 1.04357 1.04857 0.959642 0.995391 0.755096 0.901195 0.72536 1.0071 1.14662 1.16635 1.14225 1.10825 1.14907 1.29646 0.527912 1.05339 0.800948 1.10862 1.23843 1.2897 1.26118 1.18088 1.02757 0.998506 1.25645 0.999004 0.874439 0.890289 1.16881 1.08478 1.08181 
RBFBell_iters8_phase_shifts4_Naive_full_pi_is_1
 0.808454 1.13048 1.06568 1.19887 1.0674 1.002 1.01297 0.967249 1.03532 1.24905 1.18431 1.19709 1.11543 1.2799 1.20979 1.22173 1.22347 1.23009 0.943387 0.50374 0.85273 0.865375 1.18097 1.03473 1.0083 1.12323 1.08395 1.14634 0.820144 1.10939 0.7829 0.806945 0.833144 1.07253 1.03603 0.997526 
RBFGaussian_iters8_phase_shifts4_Naive_full_pi_is_1
 0.808454 1.13048 1.06568 1.19887 1.0674 1.002 1.01297 0.967249 1.03532 1.24905 1.18431 1.19709 1.11543 1.2799 1.20979 1.22173 1.22347 1.23009 0.943387 0.50374 0.85273 0.865375 1.18097 1.03473 1.0083 1.12323 1.08395 1.14634 0.820144 1.10939 0.7829 0.806945 0.833144 1.07253 1.03603 0.997526 
RBFGaussian_iters9_phase_shifts3_Naive_full_pi_is_1
 0.843859 1.20754 1.23447 1.05933 1.05539 0.980741 0.995653 0.988461 0.907314 0.999973 1.16162 1.0476 1.15217 1.1358 1.19371 1.17511 1.18776 1.20159 1.61135 0.615527 0.92654 0.980369 1.18054 0.91375 0.962233 1.11239 1.08107 0.934651 0.923503 1.00207 0.831433 0.833457 0.872093 1.0692 1.00622 1.03346 
RBFBell_iters9_phase_shifts3_Naive_full_pi_is_1
 0.843859 1.20754 1.23447 1.05933 1.05539 0.980741 0.995653 0.988461 0.907314 0.999973 1.16162 1.0476 1.15217 1.1358 1.19371 1.17511 1.18776 1.20159 1.61135 0.615527 0.92654 0.980369 1.18054 0.91375 0.962233 1.11239 1.08107 0.934651 0.923503 1.00207 0.831433 0.833457 0.872093 1.0692 1.00622 1.03346 
RBFMultiquadricAuto_iters3_phase_shifts8_Naive_full_pi_is_1
 0.588489 0.971109 1.0058 1.08761 1.07093 1.00238 0.981371 1.16643 1.20324 1.06323 0.988006 1.20172 1.30376 1.25377 1.15889 1.20398 1.13266 1.08197 0.79189 0.841303 0.936522 0.903276 0.955925 1.29484 1.31997 1.3691 1.18906 0.379902 0.897811 0.973023 1.082 0.863191 0.983376 0.983184 1.00829 1.00417 
RBFMultiquadricAuto_iters5_phase_shifts5_NaiveFTFracDir_full_pi_is_0
 1.44681 0.932099 0.918359 0.909108 0.909084 0.815191 0.818215 0.812913 0.786308 1.06104 0.988176 1.18102 1.02642 1.05022 1.07493 1.0466 1.06969 1.07905 1.12521 1.38969 1.30195 1.33633 1.11365 1.15555 1.17422 1.25132 1.0821 1.03672 0.743465 1.008 1.03785 0.861382 0.957867 0.953973 0.996097 0.999514 
IDW_iters3_phase_shifts8_Naive_full_pi_is_0
 2.09508 1.12868 1.15482 1.19772 1.2838 1.1261 1.26624 1.21341 1.34968 0.348979 0.478794 0.564956 0.695221 0.733791 0.777739 0.855785 0.865565 0.858924 1.02391 1.06372 0.975964 1.04129 1.09056 0.897544 0.884604 0.895811 0.890143 0.979997 0.784635 1.06035 1.17476 1.22719 1.20192 1.12636 1.07891 1.06084 
RBFGaussian_iters9_phase_shifts5_NaiveFTFracDir_full_pi_is_1
 0.990693 1.19515 1.29676 1.11637 1.13251 1.07614 1.06831 1.00682 0.887858 1.18862 1.03131 1.00179 1.20658 1.22923 1.14453 1.18404 1.16344 1.13143 0.60449 0.612109 0.68002 0.747978 1.05197 1.25995 1.28275 1.35657 1.23534 0.677191 1.07313 0.901076 0.992344 0.773332 0.891524 1.02985 1.06208 1.01076 
RBFBell_iters9_phase_shifts5_NaiveFTFracDir_full_pi_is_1
 0.990693 1.19515 1.29676 1.11637 1.13251 1.07614 1.06831 1.00682 0.887858 1.18862 1.03131 1.00179 1.20658 1.22923 1.14453 1.18404 1.16344 1.13143 0.60449 0.612109 0.68002 0.747978 1.05197 1.25995 1.28275 1.35657 1.23534 0.677191 1.07313 0.901076 0.992344 0.773332 0.891524 1.02985 1.06208 1.01076 
RBFBell_iters6_phase_shifts9_Naive_full_pi_is_1
 0.824702 1.23955 1.23479 1.35356 1.10368 1.04668 1.05228 1.05551 1.03658 1.16251 1.03347 1.08875 1.08251 1.21012 1.12526 1.18819 1.17468 1.15675 0.732808 0.648448 0.867426 0.875349 0.983072 1.10863 1.24283 1.21361 1.0741 1.05602 0.907105 1.02183 0.776438 0.809573 0.932859 1.10408 0.997156 1.01703 
RBFGaussian_iters6_phase_shifts9_Naive_full_pi_is_1
 0.824702 1.23955 1.23479 1.35356 1.10368 1.04668 1.05228 1.05551 1.03658 1.16251 1.03347 1.08875 1.08251 1.21012 1.12526 1.18819 1.17468 1.15675 0.732808 0.648448 0.867426 0.875349 0.983072 1.10863 1.24283 1.21361 1.0741 1.05602 0.907105 1.02183 0.776438 0.809573 0.932859 1.10408 0.997156 1.01703 
RBFGaussian_iters7_phase_shifts8_NaiveFTFracDir_full_pi_is_0
 1.80672 0.977495 0.940281 1.13065 0.998742 0.880666 0.916427 0.819057 0.72315 0.709391 0.8467 0.861931 0.986501 0.989591 0.98176 1.00095 1.06234 1.11225 1.34908 1.19118 1.1862 1.27236 1.128 0.906572 0.943398 0.98294 1.0254 1.32971 0.955648 0.95317 1.16132 0.942528 1.03687 1.0475 1.06172 1.09398 
RBFBell_iters7_phase_shifts8_NaiveFTFracDir_full_pi_is_0
 1.80672 0.977495 0.940281 1.13065 0.998742 0.880666 0.916427 0.819057 0.72315 0.709391 0.8467 0.861931 0.986501 0.989591 0.98176 1.00095 1.06234 1.11225 1.34908 1.19118 1.1862 1.27236 1.128 0.906572 0.943398 0.98294 1.0254 1.32971 0.955648 0.95317 1.16132 0.942528 1.03687 1.0475 1.06172 1.09398 
RBFMultiquadricAuto_iters9_phase_shifts2_NaiveFTFracDir_full_pi_is_0
 1.56454 0.8976 0.89192 0.68584 0.685686 0.704402 0.667639 0.680953 0.556174 1.21881 1.29527 1.29026 1.14924 1.05844 1.09901 0.981329 1.00701 1.08206 0.886725 1.32782 1.2179 1.26015 1.06479 1.11356 1.01927 1.31655 1.17757 1.16525 1.17195 0.813624 1.06307 0.937623 0.962331 1.0039 1.07425 1.06849 
RBFGaussian_iters8_phase_shifts2_NaiveFTFracDir_full_pi_is_1
 0.840008 0.98544 1.04514 0.871934 0.982733 1.03012 0.988364 0.958674 0.929596 1.12782 1.10464 1.079 1.17459 1.14272 1.09697 1.21732 1.27215 1.2682 0.772088 0.710183 1.0046 1.03923 1.23751 1.03098 1.29791 1.0355 1.20814 1.09887 1.18016 0.982378 1.21545 0.808792 0.858162 1.02289 1.01532 1.0213 
RBFBell_iters8_phase_shifts2_NaiveFTFracDir_full_pi_is_1
 0.840008 0.98544 1.04514 0.871934 0.982733 1.03012 0.988364 0.958674 0.929596 1.12782 1.10464 1.079 1.17459 1.14272 1.09697 1.21732 1.27215 1.2682 0.772088 0.710183 1.0046 1.03923 1.23751 1.03098 1.29791 1.0355 1.20814 1.09887 1.18016 0.982378 1.21545 0.808792 0.858162 1.02289 1.01532 1.0213 
RBFMultiquadricAuto_iters6_phase_shifts7_NaiveFTFracDir_full_pi_is_0
 1.62094 1.08779 1.08059 1.05386 0.900645 0.833364 0.818827 0.806682 0.786655 0.887503 0.891409 1.01625 0.943575 1.05594 1.07385 1.07388 1.10857 1.12144 1.07047 1.33202 1.25258 1.30329 1.10042 1.21152 1.18316 1.23159 1.13214 0.62169 0.865658 1.03863 1.05638 0.828627 0.987858 0.965983 1.01517 1.07892 
IDW_iters7_phase_shifts2_Naive_full_pi_is_0
 1.41484 1.19291 1.27596 1.22969 1.05751 0.660718 0.674712 0.971466 0.894409 0.410472 0.70389 0.771564 0.850608 0.934059 0.905572 0.9414 1.02596 1.01047 1.48093 1.54461 1.23121 1.24691 1.0885 1.14908 0.98111 1.01301 1.06184 1.07991 0.687102 1.03499 0.951533 1.07358 1.11988 1.04422 1.20034 1.19208 
RBFMultiquadricAuto_iters6_phase_shifts4_NaiveFTFracDir_full_pi_is_1
 0.736386 0.93719 0.955669 0.969777 0.888618 0.798477 0.794014 0.829764 0.824869 0.836616 0.959562 0.881106 1.06802 1.4106 1.39485 1.35269 1.27587 1.28088 0.840682 0.875477 0.940586 0.976705 1.14079 1.32627 1.23425 1.3648 1.26045 1.24486 1.0381 0.947395 1.10644 0.820456 1.01319 1.00195 1.02779 1.04014 
RBFBell_iters7_phase_shifts9_NaiveFTFracDir_full_pi_is_0
 1.573 1.08141 1.10761 1.09444 1.01042 0.898848 0.90256 0.832205 0.709021 0.709732 0.809428 0.846635 0.950931 1.06469 1.11102 1.05564 1.14891 1.1512 1.46573 1.26198 1.52606 1.29729 1.16984 0.915476 0.854732 1.09407 1.01356 0.830864 1.01226 1.00472 1.02757 0.813841 0.955891 0.996728 1.02712 1.03949 
RBFGaussian_iters7_phase_shifts9_NaiveFTFracDir_full_pi_is_0
 1.573 1.08141 1.10761 1.09444 1.01042 0.898848 0.90256 0.832205 0.709021 0.709732 0.809428 0.846635 0.950931 1.06469 1.11102 1.05564 1.14891 1.1512 1.46573 1.26198 1.52606 1.29729 1.16984 0.915476 0.854732 1.09407 1.01356 0.830864 1.01226 1.00472 1.02757 0.813841 0.955891 0.996728 1.02712 1.03949 
RBFGaussian_iters8_phase_shifts7_NaiveFTFracDir_full_pi_is_1
 0.971763 1.55032 1.38504 1.23809 1.14115 1.04999 1.14316 0.992283 0.882446 1.09629 1.09486 1.05933 1.19367 1.22605 1.19966 1.18387 1.15013 1.14815 0.635664 0.528329 0.608349 0.67522 0.927323 1.19597 1.33004 1.17634 1.13818 0.665302 1.39788 0.789247 0.931124 0.740944 0.768209 0.948109 0.980824 0.971558 
RBFBell_iters8_phase_shifts7_NaiveFTFracDir_full_pi_is_1
 0.971763 1.55032 1.38504 1.23809 1.14115 1.04999 1.14316 0.992283 0.882446 1.09629 1.09486 1.05933 1.19367 1.22605 1.19966 1.18387 1.15013 1.14815 0.635664 0.528329 0.608349 0.67522 0.927323 1.19597 1.33004 1.17634 1.13818 0.665302 1.39788 0.789247 0.931124 0.740944 0.768209 0.948109 0.980824 0.971558 
RBFBell_iters8_phase_shifts6_Naive_full_pi_is_1
 0.570602 1.05746 1.2449 1.10586 0.942354 1.02233 1.02323 0.943826 0.996463 0.567484 0.807812 0.714043 0.943786 1.09334 1.12012 1.1366 1.12703 1.1217 0.701528 0.555922 0.830616 0.819506 1.09178 1.21589 1.18596 1.30732 1.15778 2.27917 0.909839 1.16197 0.931482 0.779886 0.984257 1.1455 1.03116 1.04214 
RBFGaussian_iters8_phase_shifts6_Naive_full_pi_is_1
 0.570602 1.05746 1.2449 1.10586 0.942354 1.02233 1.02323 0.943826 0.996463 0.567484 0.807812 0.714043 0.943786 1.09334 1.12012 1.1366 1.12703 1.1217 0.701528 0.555922 0.830616 0.819506 1.09178 1.21589 1.18596 1.30732 1.15778 2.27917 0.909839 1.16197 0.931482 0.779886 0.984257 1.1455 1.03116 1.04214 
RBFBell_iters2_phase_shifts8_Naive_full_pi_is_0
 1.20278 1.49412 1.48702 1.13228 1.09222 1.11662 1.11948 1.25029 1.12594 0.418961 0.501815 0.619008 0.732267 0.754097 0.790765 0.823663 0.81102 0.806456 1.15459 0.993468 0.901259 0.950835 0.918776 0.838821 0.846129 0.770849 0.814267 2.41613 1.05976 1.04062 1.02956 1.08591 1.11027 0.993467 1.0098 1.01649 
RBFGaussian_iters2_phase_shifts8_Naive_full_pi_is_0
 1.20278 1.49412 1.48702 1.13228 1.09222 1.11662 1.11948 1.25029 1.12594 0.418961 0.501815 0.619008 0.732267 0.754097 0.790765 0.823663 0.81102 0.806456 1.15459 0.993468 0.901259 0.950835 0.918776 0.838821 0.846129 0.770849 0.814267 2.41613 1.05976 1.04062 1.02956 1.08591 1.11027 0.993467 1.0098 1.01649 
Makima_iters9_phase_shifts4_NaiveFTFracDir_full_pi_is_0
 1.41481 0.920487 0.967986 0.948905 0.952162 0.747029 0.915677 0.885377 0.797083 0.469193 0.596561 0.611943 0.635313 0.645671 0.753231 0.786146 0.840839 0.905735 0.997757 1.42573 1.25155 1.22767 1.04283 1.13557 1.06493 0.921356 1.02614 3.00257 1.41018 0.942292 0.767048 0.712562 0.786587 0.767433 0.940135 0.930699 
IDW_iters4_phase_shifts4_Naive_full_pi_is_0
 1.00352 1.04565 1.16989 1.15921 1.14174 1.04822 1.14657 1.05535 1.00984 0.381528 0.501627 0.540125 0.768703 0.71955 0.913288 0.8433 0.899603 0.918424 1.78335 1.32731 1.17691 1.20568 1.16263 1.00354 0.903891 0.889214 0.876328 1.38263 0.774239 1.05034 1.15559 1.33353 1.26206 1.14638 1.14969 1.10845 
Makima_iters5_phase_shifts7_Naive_full_pi_is_0
 1.04892 1.51079 1.44923 1.3983 1.69905 1.21035 1.19275 1.14307 1.41699 0.357431 0.479681 0.673598 0.803075 0.758988 0.859031 0.883032 0.861408 0.847882 1.14848 1.25438 1.08131 1.11486 1.05712 0.891258 0.911659 0.960363 0.941417 0.947873 0.710582 0.99357 1.18684 1.02841 1.02526 1.01438 1.02803 1.02499 
RBFMultiquadricManual_iters4_phase_shifts9_NaiveFTFracDir_full_pi_is_1
 0.804058 0.86194 0.873703 0.941616 0.902193 0.872798 0.902093 0.927638 1.11771 1.88097 1.73504 1.38624 1.38271 1.33344 1.17494 1.29356 1.21263 1.15765 0.742063 0.713009 1.06405 0.811872 1.04311 1.15102 1.00396 0.983536 1.01491 0.646916 0.990139 0.751259 0.983614 0.792877 0.855432 0.875993 0.879868 0.885725 
RBFMultiquadricAuto_iters7_phase_shifts6_Naive_full_pi_is_1
 0.673045 1.51324 1.50493 1.36059 1.14487 1.02198 1.02431 1.01243 1.17603 0.655241 0.728897 0.972857 1.0013 0.888174 0.936109 0.944267 0.990553 0.990351 0.677435 0.526192 0.912409 0.878214 0.940792 1.38105 1.29482 1.55692 1.17782 0.494483 0.927597 1.11985 0.948479 1.11922 1.26637 1.16685 1.07932 1.0518 
RBFMultiquadricAuto_iters4_phase_shifts6_Naive_full_pi_is_1
 0.625705 0.966043 1.02206 1.07812 0.96661 0.920012 0.931434 1.16586 1.1035 1.25346 1.19168 1.24852 1.36116 1.23769 1.13568 1.18136 1.18243 1.02426 0.802918 0.740021 0.879453 0.865018 0.941079 1.28218 1.20032 1.39257 1.11744 0.447645 0.966276 0.980357 1.12814 0.896904 1.0915 1.04198 1.07815 1.07839 
RBFMultiquadricManual_iters0_phase_shifts2_NaiveFTFracDir_full_pi_is_1
 1.10647 1.13105 0.914045 1.02976 1.0168 1.0621 1.10172 1.02679 0.995186 1.89235 1.5555 1.46357 1.33893 1.43945 1.4295 1.20211 1.18411 1.12036 1.34885 0.944117 0.788261 0.766948 0.740009 0.771706 0.771165 0.797218 0.82366 0.498412 0.970902 0.794676 0.823137 0.849148 0.803754 0.721207 0.768146 0.748461 
RBFMultiquadricManual_iters1_phase_shifts2_NaiveFTFracDir_full_pi_is_1
 1.10647 1.13105 0.914045 1.02976 1.0168 1.0621 1.10172 1.02679 0.995186 1.89235 1.5555 1.46357 1.33893 1.43945 1.4295 1.20211 1.18411 1.12036 1.34885 0.944117 0.788261 0.766948 0.740009 0.771706 0.771165 0.797218 0.82366 0.498412 0.970902 0.794676 0.823137 0.849148 0.803754 0.721207 0.768146 0.748461 
RBFGaussian_iters9_phase_shifts4_NaiveFTFracDir_full_pi_is_1
 0.805084 1.18945 1.24171 1.13402 1.11977 1.04843 1.07186 1.01517 0.853073 0.942365 1.01331 0.849157 1.01045 1.2034 1.14997 1.14379 1.17669 1.15482 0.975938 0.553726 0.667845 0.779117 0.973205 1.33648 1.42378 1.27739 1.18556 1.20701 0.882456 1.23193 1.03725 0.907922 0.907001 1.01139 1.06566 1.08552 
RBFBell_iters9_phase_shifts4_NaiveFTFracDir_full_pi_is_1
 0.805084 1.18945 1.24171 1.13402 1.11977 1.04843 1.07186 1.01517 0.853073 0.942365 1.01331 0.849157 1.01045 1.2034 1.14997 1.14379 1.17669 1.15482 0.975938 0.553726 0.667845 0.779117 0.973205 1.33648 1.42378 1.27739 1.18556 1.20701 0.882456 1.23193 1.03725 0.907922 0.907001 1.01139 1.06566 1.08552 
RBFMultiquadricAuto_iters3_phase_shifts9_Naive_full_pi_is_1
 0.574089 0.991608 1.01957 1.09824 1.07596 0.993604 0.997228 1.17156 1.23952 1.05618 0.987908 1.12841 1.30831 1.26121 1.16427 1.21173 1.13526 1.07355 0.792914 0.815185 0.934152 0.901612 0.956495 1.45919 1.33311 1.37343 1.19885 0.406515 0.939839 0.977906 1.09502 0.868851 0.994455 0.992492 1.02154 1.01501 
RBFGaussian_iters9_phase_shifts8_NaiveFTFracDir_full_pi_is_1
 0.878918 1.29543 1.29973 1.12165 1.16861 1.07962 1.09443 1.02105 1.01911 0.840663 1.06156 0.95382 1.19232 1.26527 1.25177 1.20252 1.18002 1.15522 0.587155 0.552843 0.616482 0.716028 0.913056 1.29562 1.40202 1.24957 1.15905 1.18783 1.07106 0.893295 0.977669 0.793515 0.90527 1.07369 1.03233 1.06072 
RBFBell_iters9_phase_shifts8_NaiveFTFracDir_full_pi_is_1
 0.878918 1.29543 1.29973 1.12165 1.16861 1.07962 1.09443 1.02105 1.01911 0.840663 1.06156 0.95382 1.19232 1.26527 1.25177 1.20252 1.18002 1.15522 0.587155 0.552843 0.616482 0.716028 0.913056 1.29562 1.40202 1.24957 1.15905 1.18783 1.07106 0.893295 0.977669 0.793515 0.90527 1.07369 1.03233 1.06072 
RBFGaussian_iters9_phase_shifts6_NaiveFTFracDir_full_pi_is_0
 1.60293 1.30833 1.25969 1.22876 0.871946 0.893024 0.889784 0.825221 0.702546 0.726458 0.79359 0.90005 1.0181 1.16988 1.12999 1.11511 1.15916 1.216 1.04086 1.23637 1.1738 1.28133 1.17405 0.972407 1.00952 1.16891 1.02876 1.08161 1.03368 0.942104 1.04678 0.826361 0.863685 0.971439 1.01668 1.04916 
RBFBell_iters9_phase_shifts6_NaiveFTFracDir_full_pi_is_0
 1.60293 1.30833 1.25969 1.22876 0.871946 0.893024 0.889784 0.825221 0.702546 0.726458 0.79359 0.90005 1.0181 1.16988 1.12999 1.11511 1.15916 1.216 1.04086 1.23637 1.1738 1.28133 1.17405 0.972407 1.00952 1.16891 1.02876 1.08161 1.03368 0.942104 1.04678 0.826361 0.863685 0.971439 1.01668 1.04916 
RBFMultiquadricAuto_iters5_phase_shifts4_NaiveFTFracDir_full_pi_is_1
 0.691333 0.904669 0.828109 0.93374 0.898534 0.814249 0.806566 0.854949 0.855305 1.11921 1.09857 1.01143 1.10576 1.54132 1.4826 1.43848 1.39825 1.37446 0.921827 0.858051 1.07088 1.04511 1.09668 1.27528 1.13738 1.32672 1.2912 0.973832 0.900866 0.890865 0.990783 0.832199 0.945358 0.928152 0.956798 0.963921 
IDW_iters4_phase_shifts7_Naive_full_pi_is_0
 0.995161 1.34856 1.15159 1.29176 1.12784 1.23384 1.2319 1.17584 1.04054 0.413554 0.529146 0.498122 0.776614 0.876131 0.865618 0.871483 0.884987 0.92627 1.39791 1.3957 1.13517 1.17158 1.22991 0.964852 0.86738 0.911774 0.884488 1.01341 0.687817 1.00597 1.10629 1.48014 1.25662 1.23988 1.17741 1.14952 
RBFMultiquadricAuto_iters6_phase_shifts8_NaiveFTFracDir_full_pi_is_0
 1.52686 0.973859 1.0609 1.12772 0.933134 0.807463 0.926576 0.807392 0.776047 0.755988 0.762281 0.811196 1.02216 0.955558 0.983521 0.996638 1.03014 1.06162 1.17786 1.42437 1.33686 1.36464 1.13753 1.28071 1.19275 1.23911 1.14838 1.06 0.78192 1.0675 1.1532 0.94672 1.03089 1.0108 1.0446 1.07974 
RBFGaussian_iters9_phase_shifts6_Naive_full_pi_is_1
 0.751403 1.31472 1.3159 1.31877 1.12873 1.11056 1.11837 1.01977 1.08229 0.614687 0.912632 0.736122 0.989105 1.05298 1.12415 1.11957 1.1045 1.15695 1.32013 0.475172 1.01488 0.783474 1.1052 1.14007 1.14176 1.36601 1.23971 1.26171 0.725784 1.24631 0.802426 0.862613 0.888766 1.20188 1.06728 1.06585 
RBFBell_iters9_phase_shifts6_Naive_full_pi_is_1
 0.751403 1.31472 1.3159 1.31877 1.12873 1.11056 1.11837 1.01977 1.08229 0.614687 0.912632 0.736122 0.989105 1.05298 1.12415 1.11957 1.1045 1.15695 1.32013 0.475172 1.01488 0.783474 1.1052 1.14007 1.14176 1.36601 1.23971 1.26171 0.725784 1.24631 0.802426 0.862613 0.888766 1.20188 1.06728 1.06585 
IDW_iters8_phase_shifts6_NaiveFTFracDir_full_pi_is_0
 1.43061 0.903089 0.922455 1.01179 0.913221 0.865139 1.0324 0.822935 0.660498 0.439922 0.608043 0.765336 0.811036 0.766355 0.865994 0.87543 0.930212 0.973215 1.11802 1.33902 1.36283 1.23778 1.10735 1.05908 1.08966 0.920008 1.16375 2.70185 0.995728 0.851401 0.858684 0.861349 0.98857 0.927846 1.09034 1.07294 
RBFMultiquadricAuto_iters4_phase_shifts7_Naive_full_pi_is_1
 0.61881 1.00445 1.05485 1.0981 0.975907 0.928204 0.941452 1.17091 1.11856 1.25403 1.19617 1.20326 1.39417 1.26752 1.16623 1.19676 1.13035 0.950842 0.807483 0.569832 0.901347 0.876027 0.942764 1.30443 1.27716 1.40667 1.21404 0.502453 1.02737 0.98628 1.13894 0.883272 1.10598 1.05495 1.092 0.969743 
RBFTPS_iters4_phase_shifts5_Naive_full_pi_is_0
 0.936278 1.23177 1.27043 1.14047 1.19027 1.15336 1.14404 1.1081 1.28647 0.366273 0.475218 0.584849 0.825994 0.840674 0.780996 0.863545 0.884133 0.881894 1.29105 1.18661 1.10188 1.14047 1.03146 0.896498 0.968228 0.893726 0.953701 1.39381 0.664002 1.15289 1.21557 1.39957 1.37221 1.24473 1.26247 1.26996 
IDW_iters9_phase_shifts8_NaiveFTFracDir_full_pi_is_0
 1.88182 1.18037 1.19139 1.19938 0.91902 0.933167 0.855412 0.767887 0.682649 0.49457 0.705239 0.822766 0.854702 0.859174 0.909854 0.92585 0.987857 1.01141 1.47738 1.56265 1.30127 1.3264 1.17871 1.25113 1.11523 1.00295 1.14067 0.563662 0.620086 0.993598 0.988349 1.01774 1.07114 1.03622 1.19724 1.18796 
RBFMultiquadricAuto_iters6_phase_shifts9_NaiveFTFracDir_full_pi_is_0
 1.60371 1.14021 1.09765 1.06751 1.02725 0.822177 0.820103 0.779536 0.675815 0.845779 0.865291 0.819092 0.945705 0.936439 0.971253 0.983771 1.00977 1.0546 1.30584 1.42033 1.32114 1.336 1.12053 1.2338 1.14538 1.18061 1.09092 0.500833 1.00256 1.09358 1.22814 0.995964 1.08078 1.05017 1.08557 1.12905 
RBFBell_iters9_phase_shifts6_NaiveFTFracDir_full_pi_is_1
 0.953723 1.44004 1.42115 1.2298 1.22172 1.1058 1.11026 1.21819 0.932388 0.929997 0.981108 0.897556 1.17424 1.26711 1.20541 1.16804 1.20068 1.14332 0.643356 0.570805 0.64263 0.757121 0.768626 1.24634 1.30551 1.35958 1.24444 0.747169 1.28718 0.873776 0.938149 0.764092 0.870825 1.06235 1.02687 0.986556 
RBFGaussian_iters9_phase_shifts6_NaiveFTFracDir_full_pi_is_1
 0.953723 1.44004 1.42115 1.2298 1.22172 1.1058 1.11026 1.21819 0.932388 0.929997 0.981108 0.897556 1.17424 1.26711 1.20541 1.16804 1.20068 1.14332 0.643356 0.570805 0.64263 0.757121 0.768626 1.24634 1.30551 1.35958 1.24444 0.747169 1.28718 0.873776 0.938149 0.764092 0.870825 1.06235 1.02687 0.986556 
RBFTPS_iters5_phase_shifts3_Naive_full_pi_is_0
 1.32806 1.26555 1.44213 1.56677 1.12142 1.10044 1.10534 1.30164 1.10424 0.394535 0.534354 0.697126 0.839816 0.889621 0.830679 0.874577 0.880303 0.924738 0.993302 1.0941 1.059 1.10221 1.0596 0.992577 0.973987 0.866655 0.942024 1.10427 0.637644 1.1052 1.12559 1.31568 1.30319 1.24487 1.27129 1.28202 
RBFMultiquadricAuto_iters7_phase_shifts7_Naive_full_pi_is_1
 0.66782 1.5506 1.53632 1.41465 1.15665 1.02913 1.03264 1.02416 1.19084 0.60101 0.706092 1.00268 1.01191 0.873332 0.915425 0.904817 0.853288 0.972912 0.651043 0.534032 0.847068 0.868744 0.941073 1.41368 1.36821 1.60606 1.2406 0.786469 0.914025 1.17242 0.970216 1.14219 1.29804 1.1919 1.10089 1.00865 
RBFMultiquadricAuto_iters9_phase_shifts3_NaiveFTFracDir_full_pi_is_1
 1.10646 1.02757 1.10933 1.1942 1.32146 1.18186 1.19333 1.00866 0.846303 0.646529 0.674568 0.696845 0.875578 0.846506 0.874208 0.943185 0.98557 0.91487 0.838401 0.810353 0.753512 0.982491 0.902571 1.30921 1.59279 1.5251 1.40278 1.05262 1.27998 1.0007 1.209 1.25794 1.18964 1.09859 1.09716 1.1246 
RBFMultiquadricAuto_iters4_phase_shifts8_Naive_full_pi_is_1
 0.613589 1.0417 1.086 1.12414 1.02556 0.95286 0.965898 1.11216 1.17505 1.02872 1.21635 1.19019 1.41246 1.26849 1.18843 1.21815 1.16462 0.957287 0.805034 0.577447 0.90388 0.875664 0.947357 1.30282 1.30163 1.39309 1.24201 0.680231 1.02156 1.02143 1.14603 0.91249 1.1302 1.08375 1.05454 0.99076 
IDW_iters4_phase_shifts5_Naive_full_pi_is_0
 1.06172 1.22758 1.16107 1.27982 1.10719 1.1471 1.1487 1.12845 1.09883 0.394185 0.502054 0.545676 0.786125 0.749558 0.863618 0.837314 0.892604 0.890535 1.83282 1.36109 1.14804 1.18892 1.19474 0.959777 0.902908 0.886141 0.88076 1.02914 0.709379 1.10715 1.20103 1.47043 1.22164 1.20395 1.21926 1.16213 
RBFTPS_iters3_phase_shifts9_Naive_full_pi_is_0
 0.800982 1.05947 1.08598 1.05487 1.16665 1.17925 1.1697 1.16662 1.22337 0.376201 0.47187 0.501058 0.69221 0.73044 0.69653 0.735283 0.759603 0.76231 1.14319 1.22412 1.13374 1.15995 1.07983 1.18923 0.922762 0.912766 0.992644 2.55794 0.961361 1.01854 1.06983 1.18231 1.18512 1.0925 1.11909 1.16606 
RBFMultiquadricAuto_iters6_phase_shifts4_Naive_full_pi_is_1
 0.655446 1.25406 1.23574 1.2004 1.08367 0.907687 0.912901 1.00291 1.0621 1.23056 1.2035 1.20083 1.29624 1.18906 1.16419 1.14586 1.20253 1.12084 0.690874 0.560728 0.878801 0.860088 0.930524 1.31882 1.23426 1.38091 1.15844 0.682646 0.951001 1.17608 1.03428 1.01344 1.14793 1.09116 1.06679 0.964783 
IDW_iters4_phase_shifts8_Naive_full_pi_is_0
 1.07925 1.32037 1.226 1.31573 1.1547 1.10071 1.17982 1.18614 1.05484 0.39216 0.511552 0.489753 0.790784 0.888843 0.880061 0.870632 0.89434 0.936244 1.47516 1.39307 1.20858 1.24205 1.14116 0.998022 0.896693 0.976858 0.911428 1.16604 0.717729 0.965847 1.07932 1.46172 1.31952 1.21808 1.1767 1.15445 
RBFBell_iters8_phase_shifts8_NaiveFTFracDir_full_pi_is_0
 1.34807 1.06971 1.02077 1.26096 0.963125 0.89685 0.934912 0.836881 0.724895 0.81204 1.08218 1.03468 1.06727 1.18415 1.11044 1.11295 1.18916 1.20255 1.23119 1.25833 1.39116 1.29153 1.17987 0.967143 0.998479 1.05006 1.0374 0.979404 0.983145 0.897037 1.13468 0.966593 0.955052 1.09142 1.09943 1.14536 
RBFGaussian_iters8_phase_shifts8_NaiveFTFracDir_full_pi_is_0
 1.34807 1.06971 1.02077 1.26096 0.963125 0.89685 0.934912 0.836881 0.724895 0.81204 1.08218 1.03468 1.06727 1.18415 1.11044 1.11295 1.18916 1.20255 1.23119 1.25833 1.39116 1.29153 1.17987 0.967143 0.998479 1.05006 1.0374 0.979404 0.983145 0.897037 1.13468 0.966593 0.955052 1.09142 1.09943 1.14536 
RBFTPS_iters4_phase_shifts6_Naive_full_pi_is_0
 0.942042 1.28011 1.30383 1.16766 1.22421 1.18634 1.10963 1.15074 1.34765 0.352801 0.4712 0.665193 0.78902 0.764941 0.73462 0.826269 0.869668 0.841703 1.35085 1.25506 1.15866 1.19168 1.06227 0.918268 0.974701 0.905385 0.946892 0.982371 0.864914 1.20015 1.24949 1.45102 1.41494 1.27625 1.29524 1.26888 
RBFMultiquadricManual_iters6_phase_shifts2_NaiveFTFracDir_full_pi_is_1
 0.74988 0.820445 1.00708 0.976092 1.04472 0.996519 0.940371 1.05926 0.906788 1.5732 1.5424 1.28635 1.10172 1.33401 1.36108 1.29291 1.17803 1.18982 0.705883 0.809341 0.93033 0.941791 1.05581 1.19083 1.12887 1.10201 1.13872 0.48784 1.33448 0.999264 1.22504 0.887181 0.947639 0.948363 0.983725 0.976323 
RBFMultiquadricAuto_iters7_phase_shifts9_NaiveFTFracDir_full_pi_is_0
 1.3639 1.2106 1.21487 1.1325 0.951466 0.83117 0.831524 0.806655 0.684407 0.828523 0.847802 0.939436 0.965827 0.979623 0.973122 0.99847 1.01838 1.08044 1.07647 1.4225 1.24783 1.30288 1.13511 1.35727 1.17789 1.23124 1.12626 1.09144 0.755203 1.15701 1.2543 1.01914 1.12363 1.09044 1.11394 1.1554 
RBFBell_iters9_phase_shifts7_Naive_full_pi_is_1
 0.776581 1.29655 1.33523 1.35692 1.13911 1.11162 1.13382 1.03974 1.09255 0.697232 0.997284 0.747559 0.977371 1.15216 1.1176 1.15258 1.12211 1.16786 0.687731 0.464287 0.849137 0.737281 1.05182 1.14676 1.24503 1.41264 1.19225 1.52124 0.927265 1.40782 0.881415 0.940574 0.917515 1.16966 1.12195 1.09196 
RBFGaussian_iters9_phase_shifts7_Naive_full_pi_is_1
 0.776581 1.29655 1.33523 1.35692 1.13911 1.11162 1.13382 1.03974 1.09255 0.697232 0.997284 0.747559 0.977371 1.15216 1.1176 1.15258 1.12211 1.16786 0.687731 0.464287 0.849137 0.737281 1.05182 1.14676 1.24503 1.41264 1.19225 1.52124 0.927265 1.40782 0.881415 0.940574 0.917515 1.16966 1.12195 1.09196 
RBFMultiquadricAuto_iters7_phase_shifts7_NaiveFTFracDir_full_pi_is_0
 1.34061 1.18371 1.18343 1.11592 0.937587 0.823759 0.841951 0.793192 0.746726 1.09788 1.0395 0.94027 1.05359 1.06939 1.03221 1.0518 1.05691 1.1125 1.19401 1.46061 1.27515 1.33325 1.11289 1.3179 1.16624 1.25205 1.13869 0.691514 0.772321 1.1141 1.17167 0.919245 1.04571 1.01345 1.06997 1.0964 
RBFMultiquadricAuto_iters8_phase_shifts9_NaiveFTFracDir_full_pi_is_1
 1.02195 1.41657 1.35409 1.18128 1.1037 0.876092 0.917571 0.999834 0.876236 0.963931 0.924796 0.852828 1.1291 0.974947 1.01238 1.04786 1.02416 0.972406 0.874874 0.884899 0.79492 0.927007 0.977872 1.47881 1.63962 1.53973 1.40805 1.12991 1.10411 0.884317 0.931155 1.00724 1.0264 1.05242 1.04434 1.07415 
RBFMultiquadricAuto_iters6_phase_shifts5_Naive_full_pi_is_1
 0.642538 1.2675 1.23045 1.24344 0.961128 0.943104 0.948795 1.04761 1.12503 1.40561 1.02845 1.27008 1.38597 1.25049 1.22891 1.19306 1.09443 1.11919 0.681137 0.578071 0.878109 0.869115 0.942333 1.31725 1.21936 1.45247 1.13277 0.434693 0.911748 1.13376 1.03774 1.03894 1.19418 1.11334 1.03774 0.947804 
Makima_iters9_phase_shifts3_Naive_full_pi_is_0
 1.18288 1.23959 1.11482 0.797743 0.904679 0.869207 0.955689 0.994551 0.771606 0.392343 0.552901 0.735571 0.862459 0.812366 0.891143 0.956923 0.880521 0.885975 1.10114 1.32348 1.1995 1.17284 0.987861 0.857005 0.925042 1.03838 1.08719 1.18827 0.669295 1.94391 1.1348 1.61287 1.50132 1.34858 1.40132 1.391 
RBFMultiquadricAuto_iters4_phase_shifts9_Naive_full_pi_is_1
 0.611948 1.07231 1.10922 1.14343 1.06053 1.00418 1.00792 1.17294 1.24425 1.02979 1.21428 1.18185 1.41104 1.25589 1.19344 1.21943 1.23068 0.96193 0.804199 0.579225 0.905817 0.881678 0.950893 1.41084 1.32038 1.40155 1.24644 0.468131 1.02313 1.03312 1.1578 0.918799 1.145 1.09609 1.00961 0.966639 
Makima_iters6_phase_shifts4_Naive_full_pi_is_0
 1.14716 1.42583 1.38754 1.11827 1.5314 1.14073 1.01536 1.53391 0.865445 0.398376 0.492451 0.721298 0.835556 0.843624 0.8705 0.941501 0.878778 0.874596 1.11548 1.28696 1.10658 1.10463 1.27489 0.881314 0.948621 1.00246 0.994424 1.00569 0.666972 1.56588 1.31391 1.23529 1.152 1.14171 1.11155 1.14664 
IDW_iters4_phase_shifts9_Naive_full_pi_is_0
 1.08641 1.34386 1.24371 1.30536 1.16801 1.11409 1.23486 1.20001 0.997227 0.357338 0.514538 0.492049 0.809757 0.805417 0.939944 0.872578 0.899823 0.934846 1.52854 1.46874 1.17868 1.21415 1.0682 0.985039 0.882401 0.963218 0.906715 1.14425 0.738894 1.03222 1.15731 1.45774 1.37281 1.25804 1.21318 1.18751 
RBFMultiquadricManual_iters2_phase_shifts7_NaiveFTFracDir_full_pi_is_0
 0.717875 0.503353 0.545794 0.68419 0.767579 0.88378 0.866014 0.995818 0.859338 1.92483 1.99235 1.77739 1.46968 1.52256 1.43517 1.338 1.28494 1.16108 0.899749 1.15248 1.03591 1.01206 1.03071 0.852975 0.825827 0.763989 0.883598 1.08163 1.0113 0.928731 0.936698 0.819069 0.838205 0.774406 0.805033 0.8102 
RBFMultiquadricAuto_iters2_phase_shifts3_Naive_full_pi_is_0
 0.805386 0.722232 0.688453 0.731445 0.865164 1.00376 1.00524 1.04244 1.13552 1.0809 1.00382 1.61208 1.48168 1.31104 1.2551 1.27926 1.16401 1.15223 0.842426 1.09701 1.00679 1.05693 0.989974 0.944665 0.899403 1.09189 1.17288 0.845794 1.15947 1.27672 1.3003 1.18931 1.12629 1.09015 1.08337 1.10464 
RBFGaussian_iters9_phase_shifts8_NaiveFTFracDir_full_pi_is_0
 1.26135 1.00712 0.969091 1.17343 1.08095 0.806181 0.889175 0.82361 0.708012 0.964572 1.15645 1.01659 1.04169 1.10124 1.0845 1.09968 1.18964 1.18747 1.16853 1.33812 1.29347 1.32672 1.25738 1.00271 0.99047 1.14636 1.04864 1.53091 1.05883 0.978105 1.05556 0.946707 0.9469 1.02574 1.05809 1.12067 
RBFBell_iters9_phase_shifts8_NaiveFTFracDir_full_pi_is_0
 1.26135 1.00712 0.969091 1.17343 1.08095 0.806181 0.889175 0.82361 0.708012 0.964572 1.15645 1.01659 1.04169 1.10124 1.0845 1.09968 1.18964 1.18747 1.16853 1.33812 1.29347 1.32672 1.25738 1.00271 0.99047 1.14636 1.04864 1.53091 1.05883 0.978105 1.05556 0.946707 0.9469 1.02574 1.05809 1.12067 
RBFGaussian_iters4_phase_shifts3_Naive_full_pi_is_0
 1.30861 1.28547 1.32053 1.23524 1.07563 1.09026 1.08649 0.995615 0.983715 0.596424 0.634816 0.835575 1.00944 1.05664 0.993601 0.99493 1.03581 1.08621 1.35426 1.33466 1.25545 1.28823 1.23076 0.809683 0.994339 0.911871 1.04711 0.588521 0.852403 1.19685 1.10172 1.19793 1.17505 1.26421 1.13642 1.25367 
RBFBell_iters4_phase_shifts3_Naive_full_pi_is_0
 1.30861 1.28547 1.32053 1.23524 1.07563 1.09026 1.08649 0.995615 0.983715 0.596424 0.634816 0.835575 1.00944 1.05664 0.993601 0.99493 1.03581 1.08621 1.35426 1.33466 1.25545 1.28823 1.23076 0.809683 0.994339 0.911871 1.04711 0.588521 0.852403 1.19685 1.10172 1.19793 1.17505 1.26421 1.13642 1.25367 
RBFMultiquadricAuto_iters3_phase_shifts2_Naive_full_pi_is_0
 0.765038 0.65142 0.702668 0.831372 0.725587 0.835783 0.840796 0.98556 1.11078 1.00265 0.895716 1.51404 1.32967 1.31744 1.23805 1.21216 1.18171 1.18463 0.936736 1.15913 1.16027 1.21138 1.08895 1.05662 1.08304 1.1746 1.27752 1.04789 1.01033 1.17736 1.26543 1.25384 1.15365 1.08835 1.11741 1.10894 
RBFMultiquadricAuto_iters7_phase_shifts8_Naive_full_pi_is_1
 0.665866 1.52603 1.50653 1.41582 1.20534 1.07572 1.07882 1.08544 1.27596 0.633538 0.706319 1.03099 1.01253 0.875877 0.920394 0.909073 0.903207 0.859853 0.649683 0.532419 0.85388 0.870133 0.945876 1.49446 1.35596 1.60424 1.26371 0.833986 0.915452 1.1832 0.96892 1.1673 1.32321 1.20903 1.11514 1.14627 
RBFMultiquadricManual_iters4_phase_shifts2_NaiveFTFracDir_full_pi_is_1
 0.650378 0.840173 0.851456 0.997154 1.00305 0.9608 0.962312 0.989401 0.897562 2.0194 1.42114 1.73195 1.541 1.51016 1.46163 1.34129 1.25607 1.09364 0.602324 0.704735 0.960273 0.926969 0.974396 0.94813 0.774443 0.918603 1.08274 0.737888 1.2568 0.935021 1.09053 0.80671 0.849877 0.879041 0.876468 0.892151 
RBFTPS_iters8_phase_shifts2_Naive_full_pi_is_0
 1.24283 1.44598 1.43606 1.29796 1.36751 0.964686 0.96281 1.23908 1.10958 0.40154 0.558331 0.631664 0.857776 0.859842 0.895898 0.905691 0.870324 0.947922 1.13284 1.29349 1.22033 1.26088 1.1716 0.91399 0.973647 0.901254 0.905493 0.492777 0.847499 1.15847 1.15287 1.41773 1.3707 1.30129 1.34314 1.32232 
RBFGaussian_iters8_phase_shifts9_NaiveFTFracDir_full_pi_is_1
 1.08595 1.26936 1.26022 1.17081 1.0876 1.077 1.08893 1.04928 0.883705 1.23153 1.19214 1.19007 1.20274 1.28482 1.23662 1.21727 1.21339 1.14992 0.684789 0.679544 0.725626 0.767437 0.924682 1.35588 1.50754 1.25204 1.34254 1.08738 1.0623 0.810978 0.933743 0.838209 0.895549 0.995982 0.993715 1.01598 
RBFBell_iters8_phase_shifts9_NaiveFTFracDir_full_pi_is_1
 1.08595 1.26936 1.26022 1.17081 1.0876 1.077 1.08893 1.04928 0.883705 1.23153 1.19214 1.19007 1.20274 1.28482 1.23662 1.21727 1.21339 1.14992 0.684789 0.679544 0.725626 0.767437 0.924682 1.35588 1.50754 1.25204 1.34254 1.08738 1.0623 0.810978 0.933743 0.838209 0.895549 0.995982 0.993715 1.01598 
RBFMultiquadricAuto_iters5_phase_shifts6_NaiveFTFracDir_full_pi_is_0
 1.38507 1.01433 1.02976 1.01524 0.935874 0.792488 0.777568 0.826767 0.714534 1.24292 1.16192 1.2805 1.131 1.10008 1.1693 1.13258 1.19915 1.179 1.17385 1.38333 1.31426 1.32364 1.10498 1.21366 1.17734 1.22221 1.17478 1.02849 1.04642 0.940542 1.02912 0.868221 0.936511 0.946432 0.980779 1.02121 
RBFMultiquadricManual_iters3_phase_shifts5_NaiveFTFracDir_full_pi_is_1
 0.585364 0.639693 0.640056 0.747445 0.865193 0.848619 0.9468 1.02088 0.92639 2.00562 1.75625 1.64585 1.5811 1.57991 1.50474 1.44697 1.35814 1.36136 0.612362 0.719738 1.20339 0.863471 1.09794 1.16275 0.932628 0.897344 1.00109 0.50379 0.960432 0.78389 0.949115 0.783213 0.797711 0.828175 0.844257 0.840864 
Makima_iters5_phase_shifts3_Naive_full_pi_is_0
 1.15758 1.65537 1.60034 1.17484 1.03829 1.45788 1.46029 0.842008 0.785478 0.342584 0.539138 0.641472 0.732268 0.761474 0.841076 0.884373 0.851417 0.834896 0.972094 1.32043 1.13582 1.16239 1.29531 0.941205 0.982216 0.974294 0.97075 1.90544 0.60929 1.22547 0.863752 1.20651 1.14417 1.13679 1.13473 1.16112 
RBFGaussian_iters6_phase_shifts2_Naive_full_pi_is_0
 1.46076 1.33672 1.2073 1.18649 0.94716 0.88546 0.891352 0.838069 0.866837 0.6429 0.888769 0.848667 0.978329 1.03697 1.01726 1.03423 1.11425 1.12176 1.42026 1.34398 1.21967 1.25134 1.40294 0.946911 0.997136 1.00284 1.00261 0.809268 0.871649 1.19181 1.24153 1.3273 1.1693 1.12021 1.16547 1.15577 
RBFBell_iters6_phase_shifts2_Naive_full_pi_is_0
 1.46076 1.33672 1.2073 1.18649 0.94716 0.88546 0.891352 0.838069 0.866837 0.6429 0.888769 0.848667 0.978329 1.03697 1.01726 1.03423 1.11425 1.12176 1.42026 1.34398 1.21967 1.25134 1.40294 0.946911 0.997136 1.00284 1.00261 0.809268 0.871649 1.19181 1.24153 1.3273 1.1693 1.12021 1.16547 1.15577 
RBFMultiquadricAuto_iters7_phase_shifts4_Naive_full_pi_is_1
 0.7141 1.38403 1.33905 1.23835 1.05806 0.937931 0.943119 0.972875 1.04827 1.49984 1.12868 1.48498 1.36 1.205 1.21689 1.16743 1.10676 1.17354 0.671498 0.588125 0.868472 0.860919 0.930842 1.30669 1.2439 1.41831 1.07181 0.48402 0.92415 1.14474 0.983398 0.993404 1.14866 1.09775 1.04381 0.91322 
RBFMultiquadricAuto_iters7_phase_shifts8_NaiveFTFracDir_full_pi_is_0
 1.75498 1.16779 0.965165 0.977652 0.935516 0.788209 0.80013 0.869311 0.758652 0.939403 0.993375 0.916641 1.01131 1.14394 1.08884 1.10081 1.0979 1.15323 1.22927 1.44512 1.25722 1.30428 1.11007 1.29446 1.19758 1.23538 1.11668 0.972342 0.774041 1.07977 1.20451 1.01044 1.08157 1.04047 1.08505 1.09411 
RBFGaussian_iters9_phase_shifts7_NaiveFTFracDir_full_pi_is_1
 1.00248 1.60597 1.43482 1.22306 1.20686 1.10409 1.18954 1.03217 0.904615 1.17312 1.12396 1.04513 1.21792 1.26055 1.26323 1.23376 1.20532 1.16151 0.730441 0.524322 0.61052 0.74294 1.11613 1.30047 1.37484 1.25084 1.18036 0.662759 1.41391 0.784908 0.910249 0.72791 0.867236 1.02347 1.0191 1.0405 
RBFBell_iters9_phase_shifts7_NaiveFTFracDir_full_pi_is_1
 1.00248 1.60597 1.43482 1.22306 1.20686 1.10409 1.18954 1.03217 0.904615 1.17312 1.12396 1.04513 1.21792 1.26055 1.26323 1.23376 1.20532 1.16151 0.730441 0.524322 0.61052 0.74294 1.11613 1.30047 1.37484 1.25084 1.18036 0.662759 1.41391 0.784908 0.910249 0.72791 0.867236 1.02347 1.0191 1.0405 
RBFMultiquadricAuto_iters9_phase_shifts5_NaiveFTFracDir_full_pi_is_0
 1.41281 0.974986 1.11207 0.954953 1.01002 0.758434 0.742471 0.860264 0.610822 0.897287 1.17502 1.24798 1.09339 1.0172 1.06453 0.998687 1.08466 1.06467 1.13733 1.46463 1.31621 1.35895 1.14276 1.30639 1.18126 1.30364 1.13163 1.01906 1.07369 0.96417 1.17549 0.975441 1.08402 1.08012 1.16841 1.17094 
RBFMultiquadricAuto_iters8_phase_shifts8_NaiveFTFracDir_full_pi_is_0
 1.45868 1.07542 1.0504 1.02253 0.93907 0.813206 0.800431 0.789592 0.790086 1.04576 1.0707 1.04594 1.07922 1.11314 1.07203 1.0856 1.08384 1.1465 1.14561 1.42752 1.29749 1.34546 1.15924 1.3596 1.2145 1.26093 1.13762 0.988108 0.782504 1.0806 1.17373 1.01468 1.09672 1.04217 1.10239 1.10688 
RBFMultiquadricAuto_iters7_phase_shifts7_NaiveFTFracDir_full_pi_is_1
 0.665521 1.11024 1.07037 0.990067 1.09587 0.909897 0.853988 0.958127 0.83851 0.886299 0.818846 0.721684 0.994423 0.926664 0.975996 0.992256 0.947469 0.936828 0.775 0.740966 0.771871 1.06755 1.07457 1.36189 1.38367 1.33197 1.21083 2.76381 1.22261 0.931645 1.21087 1.11174 1.07211 0.920215 1.0796 1.07667 
RBFBell_iters3_phase_shifts9_Naive_full_pi_is_0
 1.22363 1.27852 1.39564 1.17268 1.24344 1.1794 1.18264 1.27789 1.49167 0.43451 0.557164 0.685041 0.849292 0.898105 0.878623 0.894975 0.879619 0.887643 1.01854 1.12718 0.992313 1.10847 1.09756 0.818367 1.08009 0.974079 1.05998 1.34589 0.989443 1.28878 1.2757 1.31242 1.24768 1.26729 1.21484 1.2054 
RBFGaussian_iters3_phase_shifts9_Naive_full_pi_is_0
 1.22363 1.27852 1.39564 1.17268 1.24344 1.1794 1.18264 1.27789 1.49167 0.43451 0.557164 0.685041 0.849292 0.898105 0.878623 0.894975 0.879619 0.887643 1.01854 1.12718 0.992313 1.10847 1.09756 0.818367 1.08009 0.974079 1.05998 1.34589 0.989443 1.28878 1.2757 1.31242 1.24768 1.26729 1.21484 1.2054 
RBFGaussian_iters2_phase_shifts9_Naive_full_pi_is_0
 1.20633 1.51014 1.49401 1.18716 1.12086 1.12763 1.12969 1.25832 1.16083 0.481112 0.605539 0.601116 0.751181 0.774578 0.807758 0.844108 0.829592 0.807931 1.15359 0.99221 0.940883 0.989273 0.94531 0.877633 0.885252 0.793777 0.856087 2.85226 1.02864 1.08098 1.05286 1.04509 1.12139 1.00403 1.02045 1.02655 
RBFBell_iters2_phase_shifts9_Naive_full_pi_is_0
 1.20633 1.51014 1.49401 1.18716 1.12086 1.12763 1.12969 1.25832 1.16083 0.481112 0.605539 0.601116 0.751181 0.774578 0.807758 0.844108 0.829592 0.807931 1.15359 0.99221 0.940883 0.989273 0.94531 0.877633 0.885252 0.793777 0.856087 2.85226 1.02864 1.08098 1.05286 1.04509 1.12139 1.00403 1.02045 1.02655 
RBFGaussian_iters7_phase_shifts9_Naive_full_pi_is_1
 0.809252 1.41316 1.33586 1.387 1.10596 1.02883 1.04245 1.00641 1.0845 1.27957 1.33869 1.09858 1.13395 1.27029 1.22944 1.27478 1.24134 1.24271 0.745016 0.544044 0.998731 0.78229 1.12961 1.16643 1.19853 1.21972 1.16079 0.980769 0.952526 1.19446 0.768631 0.819581 0.961525 1.11212 1.04002 1.01515 
RBFBell_iters7_phase_shifts9_Naive_full_pi_is_1
 0.809252 1.41316 1.33586 1.387 1.10596 1.02883 1.04245 1.00641 1.0845 1.27957 1.33869 1.09858 1.13395 1.27029 1.22944 1.27478 1.24134 1.24271 0.745016 0.544044 0.998731 0.78229 1.12961 1.16643 1.19853 1.21972 1.16079 0.980769 0.952526 1.19446 0.768631 0.819581 0.961525 1.11212 1.04002 1.01515 
RBFMultiquadricAuto_iters2_phase_shifts5_Naive_full_pi_is_0
 0.946865 0.666343 0.715923 0.900523 0.930378 1.02625 1.02985 1.23455 1.26687 0.824082 0.757072 1.40555 1.39882 1.26313 1.25487 1.21891 1.14892 1.12075 0.858745 1.09109 0.998229 1.06267 0.990283 0.91098 0.89048 1.08689 1.18369 0.477139 1.22333 1.4682 1.34607 1.28692 1.29941 1.22436 1.19959 1.22748 
RBFBell_iters9_phase_shifts3_NaiveFTFracDir_full_pi_is_1
 1.10385 1.44349 1.38754 1.18537 1.12979 1.09047 1.05193 1.15808 0.867514 0.950709 0.90919 0.956944 1.11267 1.22104 1.20052 1.2172 1.21211 1.19313 0.723532 0.808155 0.813053 0.870596 0.867675 1.15798 1.18905 1.18565 1.26431 1.41599 1.43845 0.992247 1.15742 0.915676 0.938976 1.01559 1.06474 1.08192 
RBFGaussian_iters9_phase_shifts3_NaiveFTFracDir_full_pi_is_1
 1.10385 1.44349 1.38754 1.18537 1.12979 1.09047 1.05193 1.15808 0.867514 0.950709 0.90919 0.956944 1.11267 1.22104 1.20052 1.2172 1.21211 1.19313 0.723532 0.808155 0.813053 0.870596 0.867675 1.15798 1.18905 1.18565 1.26431 1.41599 1.43845 0.992247 1.15742 0.915676 0.938976 1.01559 1.06474 1.08192 
RBFMultiquadricAuto_iters8_phase_shifts8_NaiveFTFracDir_full_pi_is_1
 1.06939 1.30713 1.29552 1.12986 1.11488 0.950503 0.953275 1.02543 0.882117 0.748243 0.834317 0.799322 0.986965 1.0304 1.00474 1.04557 1.05358 1.01059 0.942882 0.943635 0.84423 0.898616 1.16256 1.49802 1.61855 1.56793 1.35779 1.25096 1.24968 0.932726 1.14155 1.09466 1.09455 1.17904 1.08872 1.11724 
RBFMultiquadricManual_iters3_phase_shifts4_NaiveFTFracDir_full_pi_is_1
 0.454904 0.754922 0.749645 0.741384 0.95236 0.89964 0.917102 1.14654 0.830668 2.29841 1.97419 1.70358 1.41783 1.5869 1.58975 1.45905 1.31499 1.24569 0.566275 0.682161 1.18796 0.949893 1.06624 0.811843 0.812076 0.907657 1.06227 0.474165 0.876038 0.782893 0.910306 0.689586 0.809189 0.83502 0.840154 0.852356 
RBFMultiquadricAuto_iters5_phase_shifts5_Naive_full_pi_is_1
 0.63497 1.15179 1.14109 1.1779 1.02977 0.968043 0.974311 1.08356 1.16319 1.29068 1.31728 1.36858 1.39971 1.31994 1.24236 1.26753 1.29708 1.22332 0.692784 0.558886 0.889255 0.870864 0.931217 1.28159 1.16936 1.38096 1.13971 0.685996 1.01124 1.12 1.1664 0.909018 1.1481 1.0992 1.08301 0.973686 
RBFGaussian_iters9_phase_shifts9_NaiveFTFracDir_full_pi_is_1
 0.899543 1.40302 1.41742 1.26389 1.15914 1.10747 1.1279 1.05334 1.04744 1.30284 1.2398 1.1666 1.32658 1.34817 1.29829 1.26877 1.25695 1.18627 0.623671 0.668287 0.601983 0.729386 0.792263 1.35026 1.44958 1.2413 1.15937 0.760948 1.212 0.781896 0.903499 0.820031 0.917371 1.02133 1.01392 1.04584 
RBFBell_iters9_phase_shifts9_NaiveFTFracDir_full_pi_is_1
 0.899543 1.40302 1.41742 1.26389 1.15914 1.10747 1.1279 1.05334 1.04744 1.30284 1.2398 1.1666 1.32658 1.34817 1.29829 1.26877 1.25695 1.18627 0.623671 0.668287 0.601983 0.729386 0.792263 1.35026 1.44958 1.2413 1.15937 0.760948 1.212 0.781896 0.903499 0.820031 0.917371 1.02133 1.01392 1.04584 
RBFMultiquadricAuto_iters9_phase_shifts4_NaiveFTFracDir_full_pi_is_0
 1.7084 1.34216 0.98617 1.02664 0.957049 0.831941 0.720281 0.71459 0.691487 1.28577 1.29163 1.32502 1.15101 1.07982 1.11427 1.05727 1.0591 1.09052 0.899904 1.32212 1.21346 1.27237 1.06992 1.25545 1.23049 1.37324 1.14127 0.998058 1.03544 0.928587 1.03272 0.893974 0.993645 0.988506 1.0652 1.09777 
RBFMultiquadricAuto_iters6_phase_shifts6_Naive_full_pi_is_1
 0.679843 1.33118 1.30342 1.42622 0.952375 0.97265 0.977905 1.01494 1.16703 1.27961 1.13369 1.29118 1.3771 1.22915 1.17589 1.17323 1.20153 1.13918 0.680046 0.581538 0.868786 0.852142 0.937549 1.35029 1.23851 1.47705 1.24043 0.666889 0.90651 1.11497 0.965696 1.05593 1.20924 1.12509 1.0422 1.02804 
RBFMultiquadricAuto_iters6_phase_shifts4_NaiveFTFracDir_full_pi_is_0
 1.4546 1.05657 1.06394 1.02299 0.886157 0.715358 0.722672 0.667934 0.705122 1.52798 1.41803 1.45781 1.23706 1.26586 1.25392 1.23094 1.24609 1.26888 0.944081 1.39842 1.16889 1.23897 1.05531 1.07933 1.13234 1.24706 1.14178 0.338774 1.10265 1.02892 1.08082 0.82443 0.937385 0.96147 0.989462 1.06482 
IDW_iters4_phase_shifts6_Naive_full_pi_is_0
 0.985383 1.45464 1.22593 1.30049 1.13737 1.23791 1.19154 1.16698 1.13893 0.369924 0.508455 0.496236 0.799769 0.889306 0.850301 0.850232 0.868934 0.90275 1.87453 1.37985 1.20766 1.24635 1.2908 1.01658 0.913129 0.931689 0.903022 0.994401 0.704541 1.09262 1.18029 1.49608 1.2831 1.26325 1.23157 1.17195 
IDW_iters5_phase_shifts4_Naive_full_pi_is_0
 1.0102 1.43391 1.28129 1.05288 1.07926 0.981052 0.910034 1.03819 1.00032 0.410826 0.539055 0.545502 0.867793 0.866537 0.934737 0.915437 0.977784 0.991636 1.69908 1.48529 1.29096 1.31368 1.18383 0.977548 0.881641 0.912857 0.947502 1.28784 0.777832 1.23104 1.25592 1.50423 1.35864 1.28081 1.30075 1.2669 
RBFMultiquadricAuto_iters9_phase_shifts8_NaiveFTFracDir_full_pi_is_1
 1.11307 1.38405 1.35928 1.13604 1.11446 0.951917 0.964598 1.03627 0.900186 0.705618 0.758643 0.780911 0.930235 0.940149 0.983208 1.03004 1.02734 0.994245 1.02656 0.988155 0.874005 0.885602 1.11004 1.50592 1.60346 1.57652 1.31554 1.59901 1.2807 0.9251 0.998225 1.07859 1.09486 1.04618 1.10902 1.09567 
RBFMultiquadricAuto_iters9_phase_shifts4_Naive_full_pi_is_1
 0.73904 1.54227 1.29379 1.4833 1.02589 0.978335 0.984492 0.956533 1.05308 1.3349 1.37344 1.4048 1.34857 1.08987 1.12662 1.11698 1.00842 1.12687 0.662057 0.582736 0.670607 0.803859 0.872845 1.32743 1.26074 1.47667 1.03398 0.861264 0.995483 1.11624 0.865083 1.20455 1.20044 1.14668 1.05408 1.0392 
RBFMultiquadricManual_iters5_phase_shifts2_NaiveFTFracDir_full_pi_is_1
 0.731736 0.912588 0.927517 0.938299 1.03032 0.917643 0.940766 1.00146 0.743595 1.67361 2.28956 1.40122 1.32967 1.42934 1.39776 1.32699 1.25524 1.28332 0.590167 0.738522 0.905133 0.935281 0.998699 1.12595 0.920247 1.01034 1.11554 0.496533 1.2372 0.969096 1.19503 0.883574 0.921989 0.939728 0.951589 0.948984 
RBFMultiquadricAuto_iters9_phase_shifts8_NaiveFTFracDir_full_pi_is_0
 1.31723 1.01336 1.04028 1.06769 0.939349 0.810185 0.85483 0.795383 0.718218 1.0374 1.10954 1.27357 1.08372 1.09269 1.10129 1.04459 1.07005 1.17221 1.04453 1.43761 1.29309 1.31899 1.13341 1.43967 1.2602 1.28554 1.14075 1.05086 0.792795 1.12417 1.15392 1.04354 1.133 1.10881 1.17746 1.17063 
RBFMultiquadricAuto_iters7_phase_shifts9_Naive_full_pi_is_1
 0.838154 1.72006 1.68628 1.57921 1.2022 1.07793 1.06638 1.07073 1.29103 0.630101 0.707396 1.04236 1.02251 0.805725 0.93284 0.905299 0.904825 0.878593 0.663847 0.53151 0.807565 0.841988 0.917196 1.5409 1.36269 1.60065 1.2857 0.461554 0.934029 1.20599 0.983096 1.19284 1.34433 1.25164 1.15321 1.12272 
RBFTPS_iters3_phase_shifts8_Naive_full_pi_is_0
 0.738498 1.09762 1.11802 1.01257 1.16557 1.18481 1.17509 1.16834 1.20758 0.369242 0.477236 0.511006 0.695682 0.799589 0.705631 0.74995 0.758656 0.766974 1.14017 1.22337 1.12117 1.14975 1.16788 1.18074 0.916515 0.905585 0.989679 2.95501 1.05276 1.08452 1.12038 1.20731 1.20601 1.10216 1.12655 1.17348 
RBFMultiquadricAuto_iters6_phase_shifts5_NaiveFTFracDir_full_pi_is_0
 1.66342 1.03813 1.02595 0.983882 0.94124 0.803107 0.835507 0.793266 0.725265 1.23767 1.17267 1.2443 1.10105 1.11695 1.15668 1.1453 1.16718 1.17348 1.07919 1.43908 1.33494 1.36597 1.13145 1.23279 1.22125 1.28949 1.19599 0.884226 0.876432 1.06355 1.08263 0.91244 1.01207 1.01654 1.06933 1.05385 
Makima_iters5_phase_shifts6_Naive_full_pi_is_0
 1.06466 1.83996 1.77013 1.61076 1.69226 1.23898 1.22713 1.67833 1.45205 0.340173 0.488376 0.658139 0.785398 0.75557 0.845525 0.903942 0.868648 0.832587 1.13101 1.26513 1.05985 1.09502 1.05046 0.882764 0.840947 0.950944 0.839482 0.932412 0.799883 0.972316 1.16763 1.08054 1.03232 1.0462 1.05088 1.07929 
RBFMultiquadricAuto_iters2_phase_shifts4_Naive_full_pi_is_0
 1.00846 0.687326 0.68846 0.887582 0.878121 0.984307 0.98718 1.19021 1.19148 1.02916 0.972402 1.5463 1.46874 1.32029 1.27907 1.27104 1.1916 1.17455 0.854797 1.10207 1.02017 1.06484 0.982964 0.912603 0.919356 1.09559 1.16231 0.908459 1.10038 1.40557 1.29785 1.26484 1.23707 1.1669 1.14881 1.1746 
RBFMultiquadricAuto_iters6_phase_shifts7_Naive_full_pi_is_1
 0.677975 1.40802 1.38302 1.34461 1.01367 1.01757 1.01953 1.01531 1.15435 1.27711 1.1349 1.30365 1.38518 1.23238 1.16165 1.18424 1.19178 1.09658 0.685172 0.515722 0.875112 0.852453 0.950791 1.38232 1.31255 1.50586 1.20418 0.432865 0.894742 1.09158 0.999527 1.08063 1.22305 1.14153 1.05271 1.04091 
RBFTPS_iters3_phase_shifts7_Naive_full_pi_is_0
 0.725273 1.14338 1.16404 1.03925 1.16928 1.19776 1.20156 1.16986 1.15842 0.388746 0.48153 0.513605 0.72003 0.704854 0.712818 0.750483 0.763704 0.773153 1.13102 1.22568 1.11897 1.1486 1.07395 1.16803 0.911173 0.899012 0.979057 2.92761 1.05317 1.13458 1.141 1.31286 1.19971 1.1126 1.11724 1.16879 
RBFMultiquadricManual_iters2_phase_shifts6_NaiveFTFracDir_full_pi_is_0
 0.632027 0.560277 0.57941 0.719325 0.864949 0.958128 0.970678 1.03671 0.97094 1.50906 2.41479 1.7724 1.45703 1.38554 1.40829 1.35249 1.30873 1.27891 1.016 1.21246 1.04827 1.0368 1.07086 0.90074 0.890439 0.781613 0.899733 0.992702 0.926054 0.953146 1.00663 0.876742 0.869362 0.802479 0.858185 0.853862 
RBFMultiquadricAuto_iters2_phase_shifts7_Naive_full_pi_is_0
 0.978418 0.690551 0.794327 0.926143 0.914042 1.10293 1.07035 1.28581 1.18197 0.80586 0.766932 1.3819 1.36019 1.21042 1.26949 1.19004 1.15305 1.0947 0.865177 1.10239 1.03897 1.04592 0.972905 0.946538 0.881073 1.08315 1.18824 0.596941 1.24791 1.55489 1.42687 1.346 1.29553 1.23424 1.20994 1.24525 
RBFMultiquadricAuto_iters8_phase_shifts4_NaiveFTFracDir_full_pi_is_1
 1.02535 1.21157 1.00369 1.24093 0.927222 0.8442 0.827218 0.877233 0.79745 1.16064 1.22619 1.08635 1.22873 1.53631 1.49147 1.44024 1.46338 1.37609 0.815573 0.703103 0.728509 0.801188 1.0484 1.21903 1.30183 1.34448 1.18295 1.29588 1.15299 0.890399 1.02063 0.778876 1.08195 1.0503 1.1172 1.10505 
RBFBell_iters9_phase_shifts4_Naive_full_pi_is_1
 0.586977 1.21347 1.23112 1.27606 1.12134 1.05749 1.05252 1.15011 1.00644 1.28619 1.32678 1.07166 1.17009 1.25848 1.28844 1.25314 1.23667 1.24856 1.59922 0.50699 1.12349 0.849734 1.14726 1.09023 1.20006 1.16197 1.23889 0.999071 0.958858 1.16885 0.797939 0.839115 0.912188 1.09827 1.05608 1.00617 
RBFGaussian_iters9_phase_shifts4_Naive_full_pi_is_1
 0.586977 1.21347 1.23112 1.27606 1.12134 1.05749 1.05252 1.15011 1.00644 1.28619 1.32678 1.07166 1.17009 1.25848 1.28844 1.25314 1.23667 1.24856 1.59922 0.50699 1.12349 0.849734 1.14726 1.09023 1.20006 1.16197 1.23889 0.999071 0.958858 1.16885 0.797939 0.839115 0.912188 1.09827 1.05608 1.00617 
RBFMultiquadricAuto_iters8_phase_shifts3_Naive_full_pi_is_1
 0.723383 1.2809 1.23777 1.27304 0.993266 0.92618 0.921618 0.993615 1.01334 1.49792 1.5957 1.65242 1.36663 1.21494 1.24188 1.21668 1.15687 1.1958 0.695213 0.600832 0.877743 0.880011 0.92569 1.27769 1.1934 1.35955 1.32142 0.442344 0.91657 1.0649 0.922414 1.06581 1.09381 1.03455 0.999915 1.06072 
RBFGaussian_iters9_phase_shifts5_Naive_full_pi_is_1
 0.795236 1.07174 1.35407 1.16975 1.11557 1.04446 1.05893 0.997658 1.01961 0.57899 0.887243 0.746667 1.01389 1.13837 1.15235 1.1455 1.10149 1.13382 1.69866 0.523356 1.09871 0.847669 1.12566 1.24871 1.16296 1.22589 1.18658 2.26481 0.914757 1.31167 0.978973 0.87286 0.865602 1.07532 1.03972 1.00437 
RBFBell_iters9_phase_shifts5_Naive_full_pi_is_1
 0.795236 1.07174 1.35407 1.16975 1.11557 1.04446 1.05893 0.997658 1.01961 0.57899 0.887243 0.746667 1.01389 1.13837 1.15235 1.1455 1.10149 1.13382 1.69866 0.523356 1.09871 0.847669 1.12566 1.24871 1.16296 1.22589 1.18658 2.26481 0.914757 1.31167 0.978973 0.87286 0.865602 1.07532 1.03972 1.00437 
RBFBell_iters8_phase_shifts9_Naive_full_pi_is_1
 0.560088 1.08649 1.12376 1.25389 1.00661 1.02661 1.05151 0.993178 1.04697 1.43244 1.43761 1.07952 1.11868 1.24262 1.22611 1.24652 1.22915 1.23409 1.30919 0.51941 1.03298 0.771656 1.09137 1.24315 1.2649 1.32231 1.24807 0.94348 0.990665 1.23663 0.996511 0.8826 1.04992 1.19409 1.11249 1.10165 
RBFGaussian_iters8_phase_shifts9_Naive_full_pi_is_1
 0.560088 1.08649 1.12376 1.25389 1.00661 1.02661 1.05151 0.993178 1.04697 1.43244 1.43761 1.07952 1.11868 1.24262 1.22611 1.24652 1.22915 1.23409 1.30919 0.51941 1.03298 0.771656 1.09137 1.24315 1.2649 1.32231 1.24807 0.94348 0.990665 1.23663 0.996511 0.8826 1.04992 1.19409 1.11249 1.10165 
RBFMultiquadricAuto_iters2_phase_shifts6_Naive_full_pi_is_0
 0.96781 0.688469 0.732284 0.918149 0.886755 1.07248 1.03364 1.25443 1.29138 0.821128 0.770034 1.39708 1.41571 1.23852 1.29419 1.21494 1.16647 1.11698 0.859331 1.10325 0.996219 1.06315 0.984658 0.914962 0.890226 1.09021 1.19496 0.646749 1.24 1.56653 1.41821 1.34986 1.2855 1.22838 1.19916 1.23288 
Makima_iters9_phase_shifts4_Naive_full_pi_is_0
 1.15211 1.29842 1.20067 0.822989 0.828099 1.08533 1.09358 1.12165 0.894538 0.500934 0.714018 0.864265 0.938125 0.946673 0.973707 1.03723 0.897456 0.907751 1.104 1.22798 1.08213 1.06392 0.974706 0.786435 0.860306 0.963126 0.992515 1.56298 0.893194 1.93755 1.1693 1.75223 1.51756 1.38162 1.36921 1.18897 
RBFMultiquadricAuto_iters7_phase_shifts5_NaiveFTFracDir_full_pi_is_0
 1.82484 0.894886 1.11848 1.08165 0.996271 0.847504 0.777757 0.829725 0.698324 1.41048 1.33255 1.07417 1.18103 1.12259 1.13246 1.12372 1.14784 1.16135 1.0644 1.42762 1.27233 1.3114 1.10961 1.20309 1.19237 1.27979 1.2043 0.841024 0.762039 0.975993 1.08948 0.908593 1.09159 1.01766 1.10356 1.0921 
RBFMultiquadricManual_iters7_phase_shifts7_NaiveFTFracDir_full_pi_is_1
 0.767163 1.17753 1.17782 1.12128 1.07392 1.006 1.01812 0.974202 1.08409 1.86969 1.41402 1.5822 1.25503 1.40141 1.25835 1.26911 1.23118 1.24224 0.775232 0.742655 0.757033 0.837179 1.04988 1.19733 1.27492 1.19255 1.14063 0.498262 1.13205 0.963706 1.10397 0.81946 1.02429 1.04544 0.994942 0.999729 
RBFMultiquadricAuto_iters7_phase_shifts4_NaiveFTFracDir_full_pi_is_0
 1.6993 1.16925 1.16419 1.09512 0.909183 0.701322 0.726867 0.732833 0.637202 1.5316 1.44169 1.46097 1.24337 1.16448 1.1671 1.16501 1.17866 1.21902 1.0118 1.3897 1.23126 1.2934 1.07382 1.22473 1.19357 1.31183 1.14612 0.323674 1.0135 0.908375 1.02447 0.855301 0.954007 0.955216 1.00907 1.05404 
RBFMultiquadricAuto_iters5_phase_shifts6_Naive_full_pi_is_1
 0.639646 1.23857 1.21759 1.23347 1.05487 0.987961 0.993457 1.06883 1.13996 1.50069 1.26679 1.38211 1.48539 1.35498 1.28327 1.28661 1.30721 1.20951 0.686222 0.546012 0.887347 0.871034 0.943218 1.32407 1.14058 1.4124 1.22677 0.473555 0.956072 1.11719 1.01522 0.95572 1.19334 1.11479 1.08934 0.968568 
RBFMultiquadricAuto_iters9_phase_shifts7_NaiveFTFracDir_full_pi_is_0
 1.31193 1.40962 1.35586 1.21553 1.01372 0.819232 0.81072 0.824413 0.691805 1.23214 1.19666 1.31288 1.16368 1.18762 1.13568 1.08134 1.1356 1.11262 1.23972 1.44545 1.29209 1.3449 1.09365 1.37682 1.13686 1.25449 1.11825 0.62759 0.748737 1.01553 1.02038 0.908435 1.0386 1.01328 1.0885 1.10424 
Makima_iters9_phase_shifts5_Naive_full_pi_is_0
 1.15837 1.19437 0.944248 0.822742 0.859278 1.17167 1.12579 1.13483 0.982075 0.513355 0.884086 0.832477 0.909626 0.819844 1.02319 1.03105 0.944503 0.877085 1.13434 1.22619 1.0739 1.0674 0.91026 0.825108 0.791463 0.954468 0.980445 1.41486 1.1843 1.89444 1.15783 1.75355 1.57669 1.40538 1.35261 1.38396 
RBFMultiquadricManual_iters4_phase_shifts6_NaiveFTFracDir_full_pi_is_1
 0.911136 0.873952 0.867638 0.907944 0.975175 0.935968 0.949577 1.00436 0.942437 1.95198 2.05374 1.52898 1.55468 1.46558 1.41074 1.37779 1.31809 1.3744 0.68938 0.617717 1.0358 0.832813 1.01235 1.11587 1.04148 0.958944 1.0818 0.693665 1.16691 0.872887 1.0196 0.807831 0.853872 0.8574 0.909385 0.89928 
RBFMultiquadricAuto_iters7_phase_shifts4_NaiveFTFracDir_full_pi_is_1
 0.787434 0.922398 0.828917 1.00922 0.917289 0.787335 0.783892 0.822341 0.750538 1.31608 1.38768 1.2945 1.38609 1.64983 1.60127 1.53487 1.49785 1.46031 0.807176 0.87442 0.789812 0.859262 0.996981 1.24677 1.2859 1.31345 1.24686 1.09674 1.20458 0.901531 1.09096 0.77514 1.038 1.02398 1.07479 1.07887 
RBFMultiquadricManual_iters9_phase_shifts2_NaiveFTFracDir_full_pi_is_1
 0.863948 0.973231 0.970156 1.00044 1.14844 0.972752 0.996169 0.992743 0.780399 1.61849 1.07954 1.19985 1.22798 1.3638 1.29824 1.33563 1.18551 1.28868 0.674086 0.766457 0.833039 1.08004 1.22352 1.42393 1.2689 1.21088 1.18523 1.15538 1.46799 1.04531 1.31186 0.92442 1.04365 1.01573 1.03322 1.02357 
RBFMultiquadricManual_iters4_phase_shifts5_NaiveFTFracDir_full_pi_is_1
 0.934112 0.820662 0.793964 0.913543 0.890342 0.900109 0.908912 0.984342 0.927469 2.11906 1.45554 1.94185 1.56766 1.57119 1.52595 1.51677 1.35376 1.37313 0.687031 0.668397 0.996272 0.855242 1.14946 1.15403 0.999559 0.959375 1.02734 0.625906 1.01136 0.755254 1.01729 0.779205 0.874547 0.871074 0.907018 0.903459 
RBFMultiquadricAuto_iters4_phase_shifts2_Naive_full_pi_is_0
 0.758049 0.819445 0.870388 1.02175 0.707087 0.890845 0.870263 0.7933 0.979826 1.04733 1.07775 1.34084 1.23635 1.16014 1.2543 1.19281 1.1856 1.1985 1.06082 1.31909 1.25017 1.28498 1.16219 1.199 1.16167 1.19756 1.23694 0.878812 1.04316 1.33993 1.34653 1.23142 1.31706 1.24752 1.23214 1.25689 
RBFMultiquadricAuto_iters9_phase_shifts6_NaiveFTFracDir_full_pi_is_0
 1.23219 1.1807 1.18651 1.13889 1.10044 0.936148 0.948417 0.911686 0.69833 1.32632 1.36512 1.39204 1.19372 1.16053 1.14411 1.07668 1.15911 1.19612 0.923195 1.34096 1.24679 1.29807 1.09995 1.34041 1.18489 1.2785 1.14105 0.74598 0.670612 1.02109 1.18467 0.998411 1.09087 1.06967 1.1365 1.13915 
IDW_iters9_phase_shifts6_NaiveFTFracDir_full_pi_is_0
 1.50286 1.09779 1.11323 1.2699 1.048 1.00211 1.11961 0.919413 0.872293 0.528047 0.659143 0.797334 0.812619 0.813234 0.85856 0.893925 0.95486 1.04227 1.37925 1.45894 1.29579 1.27084 1.14442 1.12282 1.0881 0.966341 1.04168 2.71763 0.985879 1.04569 1.01726 0.886479 1.03095 0.965432 1.14432 1.10804 
RBFMultiquadricAuto_iters9_phase_shifts7_NaiveFTFracDir_full_pi_is_1
 1.029 1.47495 1.4147 1.26714 1.19732 0.967709 0.940041 1.00581 0.881281 0.830529 1.01162 0.91804 1.10325 1.05832 1.04422 1.06781 1.08303 1.01804 1.0798 0.899892 0.849305 0.882458 1.00999 1.65849 1.71441 1.57468 1.34514 1.20134 1.126 0.920892 1.06558 1.09731 1.07644 1.16092 1.09628 1.06966 
RBFMultiquadricAuto_iters8_phase_shifts7_NaiveFTFracDir_full_pi_is_0
 1.58868 1.27613 1.27326 1.18337 1.03826 0.859467 0.849368 0.836991 0.75792 1.19443 1.13009 1.25709 1.12706 1.12953 1.09902 1.10931 1.09655 1.14589 1.23561 1.47972 1.32514 1.3737 1.14533 1.47513 1.13379 1.26309 1.13421 0.594361 0.804811 1.05523 1.08311 0.935078 1.04309 1.01001 1.08425 1.10723 
RBFMultiquadricAuto_iters5_phase_shifts7_Naive_full_pi_is_1
 0.629743 1.27641 1.27201 1.27698 1.08448 1.01503 1.02032 1.06594 1.22598 1.60042 1.24589 1.34093 1.47679 1.35149 1.27344 1.28126 1.31395 1.18508 0.696183 0.551723 0.87719 0.871059 0.944682 1.26102 1.24433 1.40847 1.24629 0.601643 0.91041 1.1109 1.02018 0.942737 1.19003 1.12006 1.06354 1.02219 
RBFTPS_iters6_phase_shifts3_Naive_full_pi_is_0
 1.51915 1.48218 1.54922 1.69734 0.940348 0.957719 0.963548 1.19541 1.07475 0.382614 0.573626 0.760351 0.905216 0.97292 0.926109 0.945946 0.938434 0.97215 1.20678 1.3442 1.19014 1.2429 1.11156 0.992385 0.953522 0.888259 0.924834 1.0413 0.679264 1.20459 1.17994 1.46036 1.42973 1.34155 1.33587 1.39137 
RBFMultiquadricAuto_iters5_phase_shifts8_Naive_full_pi_is_1
 0.61359 1.29704 1.29486 1.41982 1.09119 1.02303 1.02744 1.08475 1.21781 1.58338 1.24621 1.3158 1.49156 1.35075 1.28855 1.28914 1.29091 1.19009 0.711603 0.562931 0.884532 0.873988 0.943857 1.27922 1.26513 1.42781 1.23632 0.450578 0.886219 1.06753 0.978385 0.898572 1.16252 1.10954 1.03529 1.01817 
RBFGaussian_iters3_phase_shifts8_Naive_full_pi_is_0
 1.21492 1.54476 1.63144 1.34323 1.29583 1.24872 1.24834 1.3426 1.55527 0.391078 0.658833 0.679165 0.885032 0.917411 0.894159 0.901731 0.884304 0.894183 1.04329 1.14561 1.00969 1.12051 1.12641 0.793813 1.04874 0.928799 1.04463 1.32524 1.03434 1.29257 1.28504 1.30627 1.23744 1.2635 1.21685 1.20384 
RBFBell_iters3_phase_shifts8_Naive_full_pi_is_0
 1.21492 1.54476 1.63144 1.34323 1.29583 1.24872 1.24834 1.3426 1.55527 0.391078 0.658833 0.679165 0.885032 0.917411 0.894159 0.901731 0.884304 0.894183 1.04329 1.14561 1.00969 1.12051 1.12641 0.793813 1.04874 0.928799 1.04463 1.32524 1.03434 1.29257 1.28504 1.30627 1.23744 1.2635 1.21685 1.20384 
Makima_iters6_phase_shifts5_Naive_full_pi_is_0
 1.14468 1.98224 1.67996 1.29608 1.67623 1.28066 1.20526 1.18227 1.50764 0.352191 0.555347 0.72182 0.838398 0.837989 0.856018 0.91747 0.903744 0.872705 1.12556 1.28837 1.08917 1.0871 1.26443 0.947062 0.788596 0.979642 0.962885 1.32172 0.760016 1.059 1.24711 1.16256 1.1533 1.16191 1.1275 1.15116 
RBFMultiquadricAuto_iters6_phase_shifts6_NaiveFTFracDir_full_pi_is_0
 1.50615 1.13261 1.17962 1.10941 0.991513 0.852062 0.808596 0.832028 0.782537 1.45032 1.33885 1.30809 1.20845 1.20859 1.18616 1.1651 1.18474 1.21875 1.25198 1.3301 1.25766 1.27949 1.09515 1.26573 1.1922 1.24065 1.17774 0.916175 1.03464 0.98041 1.10915 0.897624 0.997002 0.988527 1.02428 1.06718 
RBFMultiquadricManual_iters4_phase_shifts7_NaiveFTFracDir_full_pi_is_1
 0.863899 0.897315 0.842248 0.900884 0.892255 0.851793 0.883862 0.942542 1.00525 2.09774 1.94625 1.9675 1.66055 1.54467 1.47604 1.48598 1.41256 1.40632 0.72269 0.660558 0.913728 0.826732 1.06515 1.12149 0.996255 0.953405 1.02071 0.476652 1.05182 0.708993 0.933229 0.778054 0.795148 0.845596 0.863307 0.862474 
RBFTPS_iters7_phase_shifts3_Naive_full_pi_is_0
 1.31048 1.38006 1.39067 1.3497 1.09437 0.957336 0.958407 0.953371 1.14388 0.389846 0.513918 0.605641 0.912412 0.978948 0.943368 0.943876 0.934974 0.954307 1.23539 1.37519 1.17594 1.22129 1.09433 0.962503 0.943729 0.897774 0.919362 1.17776 0.658231 1.3938 1.24514 1.70111 1.64136 1.45831 1.44003 1.40679 
RBFMultiquadricAuto_iters9_phase_shifts9_NaiveFTFracDir_full_pi_is_0
 1.28029 1.40515 1.22948 1.26907 1.00803 0.876016 0.860779 0.798812 0.775072 1.17346 1.14999 1.13247 1.15412 1.19232 1.16457 1.10263 1.11402 1.15508 1.11018 1.48717 1.339 1.3715 1.14343 1.49679 1.23335 1.28772 1.1553 0.49418 0.690453 1.09898 1.10708 1.00313 1.12836 1.10997 1.17064 1.17928 
RBFMultiquadricAuto_iters9_phase_shifts6_Naive_full_pi_is_1
 1.0343 2.00673 1.8209 1.78888 1.27271 1.17197 1.16647 1.14614 1.18198 0.643569 0.69618 1.05396 1.03432 0.756441 0.765402 0.844081 0.795772 0.931928 0.676506 0.56834 0.807081 0.878683 0.919247 1.51109 1.32546 1.64911 1.24528 0.790816 0.881837 1.11164 0.908473 1.16542 1.29847 1.21493 1.119 1.12934 
RBFMultiquadricManual_iters3_phase_shifts8_NaiveFTFracDir_full_pi_is_1
 0.477439 0.629147 0.636521 0.702532 0.869998 0.892699 0.896293 0.997775 0.943605 2.5843 1.69163 1.98531 1.71211 1.64901 1.61044 1.58135 1.38642 1.30162 0.849022 0.675339 1.07599 0.76743 1.07219 1.00238 0.876857 0.902423 0.990307 0.472156 1.01387 0.753966 0.882974 0.784398 0.768074 0.799828 0.812297 0.822255 
RBFMultiquadricAuto_iters6_phase_shifts9_Naive_full_pi_is_1
 0.648982 1.45756 1.4104 1.41933 1.02944 1.02374 1.0286 1.02911 1.25119 1.49004 1.14792 1.5015 1.40697 1.17084 1.14006 1.14646 1.21419 1.13572 0.616066 0.479412 0.869493 0.844484 0.912172 1.36089 1.25493 1.51963 1.28556 0.489897 0.908024 1.1394 1.011 1.11056 1.26797 1.17288 1.07367 1.06363 
RBFMultiquadricAuto_iters5_phase_shifts9_Naive_full_pi_is_1
 0.607357 1.33501 1.32905 1.32266 1.02457 1.05221 1.05763 1.09953 1.2775 1.57921 1.25109 1.32786 1.4965 1.32225 1.26086 1.27783 1.26996 1.20127 0.7155 0.503553 0.883315 0.869713 0.946249 1.35082 1.27039 1.43813 1.24164 0.434651 0.891222 1.10863 0.98225 0.951972 1.2048 1.14144 1.06312 1.04465 
RBFMultiquadricAuto_iters2_phase_shifts8_Naive_full_pi_is_0
 0.979024 0.81656 0.893857 0.994438 0.97104 1.12438 1.14177 1.33057 1.28775 0.827106 0.766637 1.35963 1.30834 1.21054 1.2722 1.19142 1.15394 1.08847 1.02271 1.25392 1.12642 1.12356 1.02885 0.986774 0.91508 1.11253 1.19133 0.611391 1.22852 1.54948 1.41687 1.36012 1.30699 1.24503 1.22053 1.25606 
RBFBell_iters7_phase_shifts2_Naive_full_pi_is_0
 1.30668 1.07509 1.42742 1.25622 0.98792 0.802307 0.807285 0.872076 0.893514 0.646354 0.890504 0.8655 1.01563 1.07282 1.12459 1.07872 1.15675 1.13778 1.76322 1.36326 1.24308 1.28853 1.29267 0.968754 1.15659 1.04047 1.0009 1.17195 0.847046 1.24661 1.32462 1.43456 1.22191 1.2469 1.25362 1.24837 
RBFGaussian_iters7_phase_shifts2_Naive_full_pi_is_0
 1.30668 1.07509 1.42742 1.25622 0.98792 0.802307 0.807285 0.872076 0.893514 0.646354 0.890504 0.8655 1.01563 1.07282 1.12459 1.07872 1.15675 1.13778 1.76322 1.36326 1.24308 1.28853 1.29267 0.968754 1.15659 1.04047 1.0009 1.17195 0.847046 1.24661 1.32462 1.43456 1.22191 1.2469 1.25362 1.24837 
RBFMultiquadricAuto_iters6_phase_shifts8_Naive_full_pi_is_1
 0.67398 1.43722 1.3937 1.38023 1.03196 1.02247 1.02713 1.01947 1.23473 1.4895 1.14091 1.48961 1.39331 1.18327 1.15864 1.18424 1.23082 1.20407 0.685377 0.56135 0.868735 0.838253 0.931714 1.39675 1.24838 1.51405 1.24634 0.671595 0.90454 1.14112 1.0241 1.11421 1.25229 1.16179 1.06568 1.05329 
RBFGaussian_iters9_phase_shifts8_Naive_full_pi_is_1
 0.898305 1.53027 1.66712 1.58093 1.18387 1.16083 1.16186 1.10072 1.16111 0.857877 1.01743 0.857588 1.02808 1.22164 1.19623 1.22026 1.17883 1.22239 0.69563 0.453628 0.796057 0.739945 1.07072 1.2955 1.30809 1.39216 1.27202 1.45911 0.861647 1.42884 0.890839 0.93492 0.941728 1.18302 1.13743 1.14943 
RBFBell_iters9_phase_shifts8_Naive_full_pi_is_1
 0.898305 1.53027 1.66712 1.58093 1.18387 1.16083 1.16186 1.10072 1.16111 0.857877 1.01743 0.857588 1.02808 1.22164 1.19623 1.22026 1.17883 1.22239 0.69563 0.453628 0.796057 0.739945 1.07072 1.2955 1.30809 1.39216 1.27202 1.45911 0.861647 1.42884 0.890839 0.93492 0.941728 1.18302 1.13743 1.14943 
RBFTPS_iters5_phase_shifts4_Naive_full_pi_is_0
 1.31967 1.38292 1.55303 1.34823 1.2409 1.22228 1.22161 1.41988 1.35374 0.376932 0.501052 0.700266 0.882232 0.919224 0.930326 0.894445 0.914126 0.947951 1.29621 1.31204 1.19592 1.2294 1.11031 0.917858 1.02942 0.93715 0.974416 0.950996 0.657607 1.20734 1.21431 1.50614 1.46143 1.33194 1.35866 1.32722 
Makima_iters4_phase_shifts9_Naive_full_pi_is_0
 1.29115 1.13907 1.32628 1.59255 0.922927 1.25945 1.27489 1.11146 1.07411 0.33195 0.476688 0.710494 0.841969 0.846811 0.937059 0.964001 0.909371 0.883565 1.25121 1.21966 1.06374 1.09016 0.942631 0.923104 0.986884 0.897949 0.805578 2.40559 0.932667 1.50847 1.68177 1.26858 1.19749 1.12756 1.134 1.13452 
RBFTPS_iters9_phase_shifts2_Naive_full_pi_is_0
 1.34865 1.44653 1.35826 1.41073 1.47713 1.05861 1.05963 1.29663 1.22665 0.367881 0.528168 0.585073 0.88106 0.870557 0.897256 0.9356 0.939224 0.963897 1.15531 1.30334 1.22892 1.23912 1.16009 0.893449 0.99579 0.930352 0.975475 0.47532 1.04546 1.33199 1.30797 1.59343 1.48239 1.4063 1.43486 1.36315 
RBFGaussian_iters3_phase_shifts7_Naive_full_pi_is_0
 1.21702 1.59209 1.58354 1.33342 1.27275 1.21529 1.23573 1.32087 1.52817 0.517335 0.652013 0.779222 0.936904 0.96388 0.893078 0.94256 0.933098 0.926023 0.996903 1.10934 1.06222 1.12645 1.09523 0.791163 1.03873 0.933039 1.04817 1.34177 1.21911 1.34707 1.2983 1.32472 1.21615 1.26822 1.21788 1.2142 
RBFBell_iters3_phase_shifts7_Naive_full_pi_is_0
 1.21702 1.59209 1.58354 1.33342 1.27275 1.21529 1.23573 1.32087 1.52817 0.517335 0.652013 0.779222 0.936904 0.96388 0.893078 0.94256 0.933098 0.926023 0.996903 1.10934 1.06222 1.12645 1.09523 0.791163 1.03873 0.933039 1.04817 1.34177 1.21911 1.34707 1.2983 1.32472 1.21615 1.26822 1.21788 1.2142 
RBFMultiquadricAuto_iters2_phase_shifts9_Naive_full_pi_is_0
 0.69328 0.702733 0.800417 0.906047 1.01871 1.16411 1.18221 1.35414 1.28988 0.813514 0.752591 1.24544 1.37751 1.23931 1.26577 1.20385 1.16899 1.11421 1.0298 1.25776 1.12996 1.12551 1.02939 1.01732 0.940118 1.13209 1.20337 0.61137 1.23139 1.58143 1.42543 1.38599 1.37645 1.29385 1.25443 1.29664 
RBFMultiquadricManual_iters6_phase_shifts9_NaiveFTFracDir_full_pi_is_1
 0.95617 1.18306 1.126 0.995105 0.953325 0.946679 0.956313 0.935681 1.06057 1.58433 2.69015 1.20126 1.34609 1.40595 1.23684 1.31108 1.22205 1.18097 0.73997 0.748138 0.957072 0.75683 0.953594 1.1482 1.36403 1.1275 1.12076 0.698368 1.04894 0.918009 0.975624 0.98035 0.966015 0.975034 1.01005 0.944289 
IDW_iters5_phase_shifts5_Naive_full_pi_is_0
 1.04783 1.37408 1.38366 1.28488 1.13956 1.00118 1.00016 0.938321 1.17726 0.392729 0.534845 0.524596 0.896519 0.914053 0.976794 0.944987 1.01217 1.03054 1.61635 1.47076 1.28842 1.31717 1.25807 1.0793 0.982498 1.00522 1.00999 1.14136 0.724148 1.45493 1.33677 1.55129 1.38281 1.35691 1.34203 1.35469 
RBFGaussian_iters6_phase_shifts2_NaiveFTFracDir_full_pi_is_1
 0.879572 1.02469 0.88942 1.00648 0.963602 0.99488 1.01107 0.973789 0.883218 0.992109 0.838517 0.921277 1.09961 0.997338 1.07263 1.06321 1.09343 1.08166 0.571614 0.638851 0.980386 1.33748 1.30146 1.08131 1.24382 1.03784 1.20821 3.57145 1.13145 0.824446 1.1472 0.735435 0.825611 0.928386 0.913853 0.899755 
RBFBell_iters6_phase_shifts2_NaiveFTFracDir_full_pi_is_1
 0.879572 1.02469 0.88942 1.00648 0.963602 0.99488 1.01107 0.973789 0.883218 0.992109 0.838517 0.921277 1.09961 0.997338 1.07263 1.06321 1.09343 1.08166 0.571614 0.638851 0.980386 1.33748 1.30146 1.08131 1.24382 1.03784 1.20821 3.57145 1.13145 0.824446 1.1472 0.735435 0.825611 0.928386 0.913853 0.899755 
RBFMultiquadricAuto_iters9_phase_shifts5_Naive_full_pi_is_1
 0.65501 1.66685 1.46808 1.54617 1.07432 1.02979 1.03363 1.01436 1.05133 1.19208 1.30365 1.56503 1.40387 1.10412 1.09568 1.10391 1.03036 1.17358 0.661266 0.537171 0.78249 0.828071 0.895134 1.49843 1.31239 1.6412 1.13531 0.970603 0.978226 1.08207 0.862079 1.09751 1.25101 1.17622 1.0905 1.12259 
RBFMultiquadricAuto_iters7_phase_shifts5_Naive_full_pi_is_1
 0.671799 1.42725 1.42368 1.31641 1.08767 0.971633 0.975156 1.00852 1.08198 1.56054 1.51261 1.62767 1.41049 1.21543 1.23025 1.22279 1.23411 1.25601 0.669044 0.599872 0.868722 0.849446 0.921611 1.32307 1.25131 1.50835 1.15385 0.72698 0.922356 1.11519 0.981309 1.07131 1.23988 1.14584 1.04546 0.963561 
Makima_iters7_phase_shifts4_Naive_full_pi_is_0
 1.20232 2.00338 1.95796 1.43888 1.62891 1.17429 1.14448 1.07638 0.895008 0.369863 0.651478 0.865226 0.873022 0.747132 0.897902 0.913504 0.876619 0.846871 1.09355 1.30479 1.11728 1.12016 1.0696 0.781788 0.904358 0.960764 0.946629 1.2496 0.663655 1.61321 1.36494 1.305 1.23508 1.21496 1.17861 1.16179 
RBFMultiquadricManual_iters6_phase_shifts7_NaiveFTFracDir_full_pi_is_1
 0.96686 1.09183 1.09962 0.990351 1.01628 0.953175 0.983908 0.957848 0.960122 2.85219 1.97495 1.14067 1.16489 1.2312 1.1726 1.20281 1.13691 1.1712 0.671104 0.663506 0.950807 1.00457 0.958344 1.08652 1.21137 1.11321 1.07003 0.47323 1.09553 0.90172 1.18874 1.00163 0.972635 1.00973 1.02182 0.985561 
Makima_iters5_phase_shifts8_Naive_full_pi_is_0
 1.05591 1.87753 1.83298 1.67843 1.49021 1.01307 1.01726 1.0242 1.37063 0.400847 0.485101 0.687692 0.798145 0.810347 0.902096 0.919301 0.904883 0.883513 1.14687 1.25852 1.08347 1.11627 0.955812 0.890265 0.914135 0.976181 0.953543 2.48251 1.00024 1.02961 1.21114 1.05514 1.03486 1.01235 1.02566 1.01839 
IDW_iters5_phase_shifts6_Naive_full_pi_is_0
 1.07809 1.38115 1.21063 1.26682 1.18457 1.0408 1.03969 0.980537 1.1384 0.38838 0.52544 0.530345 0.890205 0.835014 0.846444 0.877841 0.949855 1.00127 1.65064 1.47948 1.27312 1.29983 1.21087 1.08686 0.995078 1.00732 1.03269 0.976965 0.857095 1.52012 1.39966 1.67229 1.45497 1.45063 1.39859 1.39886 
RBFMultiquadricManual_iters5_phase_shifts7_NaiveFTFracDir_full_pi_is_1
 0.930377 1.02309 0.994748 1.02275 1.00227 0.94871 0.951236 0.989519 1.10887 2.29227 1.62113 1.6681 1.54479 1.46327 1.45031 1.39618 1.37988 1.39723 0.694841 0.650719 0.976884 0.835673 1.07829 1.0714 1.11614 1.0332 1.06213 0.659964 1.11983 0.881432 1.15292 0.817621 0.923836 0.948552 0.965608 0.95237 
RBFMultiquadricAuto_iters9_phase_shifts9_NaiveFTFracDir_full_pi_is_1
 1.13804 1.59361 1.52151 1.3104 1.13465 0.953208 0.977765 1.08226 0.940541 1.08412 0.997681 0.941359 1.15636 1.03288 1.05057 1.09086 1.04792 1.01883 0.885474 0.845135 0.802616 0.840496 0.921781 1.52008 1.9153 1.57659 1.42801 1.45795 1.17929 0.929137 1.00114 1.08385 1.08682 1.06329 1.08993 1.12942 
IDW_iters6_phase_shifts3_Naive_full_pi_is_0
 1.59838 1.17148 1.1959 1.27978 0.966218 0.917045 0.930955 1.07068 1.02217 0.456844 0.553037 0.652044 0.905507 0.879288 0.937884 0.947112 0.98553 1.04522 1.79872 1.58943 1.36279 1.38593 1.28611 1.15789 1.03292 1.07964 1.1096 1.43201 0.718737 1.20603 1.18213 1.33263 1.44903 1.26513 1.35847 1.25632 
RBFMultiquadricAuto_iters8_phase_shifts7_NaiveFTFracDir_full_pi_is_1
 0.975959 1.40869 1.26952 1.16445 1.19415 0.974487 1.01345 0.986935 0.876988 0.673976 0.920678 0.81746 1.04275 1.08543 1.11103 1.09267 1.1087 1.05986 0.77571 0.667455 0.699999 0.809007 1.03366 1.54347 1.61689 1.48424 1.3555 2.76988 1.05219 0.903613 1.07832 1.073 1.04667 0.927043 1.10243 1.07105 
RBFMultiquadricAuto_iters7_phase_shifts6_NaiveFTFracDir_full_pi_is_0
 1.33056 1.06394 1.30133 1.0792 1.00113 0.813385 0.817988 0.825901 0.712731 1.62593 1.50982 1.44332 1.26231 1.27782 1.25044 1.22341 1.24369 1.29312 1.14712 1.37943 1.25424 1.27841 1.13798 1.24253 1.18795 1.26477 1.19755 0.513012 0.796489 1.02452 1.18889 0.99387 1.07076 1.06252 1.09379 1.14042 
RBFMultiquadricAuto_iters8_phase_shifts5_NaiveFTFracDir_full_pi_is_0
 2.01778 0.966605 1.15021 1.11387 1.00563 0.822228 0.758759 0.799817 0.656361 1.38946 1.42474 1.42969 1.18703 1.15521 1.14315 1.14428 1.15393 1.13808 1.11609 1.45737 1.31098 1.34899 1.13912 1.23105 1.17509 1.29056 1.15071 0.982973 0.847996 0.938249 1.13066 0.959282 1.07529 1.06839 1.15461 1.14459 
RBFBell_iters4_phase_shifts4_Naive_full_pi_is_0
 1.32068 1.45545 1.45882 1.31565 1.14091 1.09586 1.13701 1.23228 1.07828 0.569259 0.618808 0.734209 0.988413 1.01601 1.00382 0.949144 0.998958 1.05074 1.89752 1.40262 1.23082 1.34858 1.26141 0.756609 0.996205 0.919168 1.02863 0.98845 0.827222 1.20855 1.19118 1.42325 1.30424 1.3753 1.21069 1.29241 
RBFGaussian_iters4_phase_shifts4_Naive_full_pi_is_0
 1.32068 1.45545 1.45882 1.31565 1.14091 1.09586 1.13701 1.23228 1.07828 0.569259 0.618808 0.734209 0.988413 1.01601 1.00382 0.949144 0.998958 1.05074 1.89752 1.40262 1.23082 1.34858 1.26141 0.756609 0.996205 0.919168 1.02863 0.98845 0.827222 1.20855 1.19118 1.42325 1.30424 1.3753 1.21069 1.29241 
RBFMultiquadricManual_iters5_phase_shifts8_NaiveFTFracDir_full_pi_is_1
 0.915069 0.974915 0.945387 1.02795 0.967706 0.940164 0.950615 0.947522 0.943724 1.85933 1.71379 1.69673 1.66245 1.65056 1.57111 1.55648 1.45183 1.41586 0.749709 0.73718 0.999133 0.832671 1.10239 1.05024 1.14298 1.07074 1.05835 0.819315 0.957957 0.877009 1.06033 0.942922 0.93198 0.933373 0.989445 0.96322 
RBFMultiquadricManual_iters2_phase_shifts2_NaiveFTFracDir_full_pi_is_1
 0.640651 0.70018 0.670459 0.755515 0.941597 0.957116 1.06778 1.05497 1.03166 2.78786 2.07109 2.02055 1.58244 1.62178 1.58339 1.40119 1.29594 1.20428 0.668311 0.789179 1.24003 0.829694 0.859263 0.833972 0.742631 0.798907 0.923907 0.383774 1.22452 0.86547 0.90097 0.786687 0.784614 0.780924 0.799508 0.79462 
RBFTPS_iters4_phase_shifts7_Naive_full_pi_is_0
 0.941441 1.23933 1.25349 1.13163 1.21475 1.17384 1.11161 1.19159 1.28849 0.358785 0.480491 0.656797 0.797772 0.765383 0.810593 0.808413 0.855637 0.848681 1.5979 1.40285 1.24247 1.26472 1.114 0.954837 1.00166 0.935183 0.967587 2.37197 1.08916 1.22782 1.25762 1.4924 1.46859 1.31393 1.34116 1.32459 
RBFMultiquadricAuto_iters8_phase_shifts9_NaiveFTFracDir_full_pi_is_0
 1.42586 1.28466 1.28674 1.19612 1.00252 0.864079 0.87711 0.786781 0.784177 1.36791 1.27144 1.1311 1.22251 1.19509 1.16152 1.16688 1.1684 1.21814 1.13684 1.44631 1.31483 1.35767 1.1251 1.48782 1.21543 1.2807 1.17358 0.956573 0.692558 1.21453 1.21965 1.06577 1.1586 1.10189 1.15428 1.17396 
RBFMultiquadricAuto_iters9_phase_shifts7_Naive_full_pi_is_1
 1.01309 2.0505 1.91762 1.83994 1.32025 1.15805 1.16302 1.16257 1.22392 0.663039 0.667249 0.869203 1.05737 0.739203 0.707078 0.751199 0.78141 0.933007 0.736074 0.608294 1.15605 0.962852 0.986027 1.58206 1.38946 1.69048 1.33388 0.877514 0.899518 1.13891 0.853293 1.20127 1.30656 1.2375 1.13768 1.13587 
IDW_iters5_phase_shifts7_Naive_full_pi_is_0
 1.04091 1.14328 1.41902 1.27023 1.21048 1.06385 1.07014 1.11985 1.26046 0.349282 0.547058 0.527785 0.874046 0.827154 0.828031 0.865306 0.928635 0.982655 2.00911 1.48185 1.1914 1.2241 1.17184 1.04492 0.961078 1.0836 1.02526 1.13375 0.814594 1.35568 1.35597 1.76207 1.44203 1.43797 1.39417 1.40348 
RBFMultiquadricManual_iters3_phase_shifts5_NaiveFTFracDir_full_pi_is_0
 0.979056 0.698049 0.730738 0.772275 0.923566 0.892421 0.914131 1.31918 1.10317 1.35089 3.70488 1.62899 1.07892 1.19091 1.15947 1.1111 1.02397 1.14322 0.853644 0.980688 1.05357 1.07475 0.973852 0.879754 0.953337 0.789855 0.985845 1.01461 1.05211 0.957955 1.00047 0.829396 0.859537 0.844272 0.872071 0.893796 
RBFMultiquadricManual_iters2_phase_shifts2_Naive_full_pi_is_1
 0.531118 0.704478 0.689366 0.712847 0.89761 0.983565 0.94397 1.06855 1.04263 2.70151 1.90944 2.06602 1.73144 1.5784 1.50241 1.47297 1.38031 1.38232 0.707683 0.851596 0.814707 0.829977 0.855799 1.21628 0.875844 0.861455 1.02007 0.963925 0.948556 0.862103 0.924599 0.880009 0.754642 0.822518 0.826413 0.816819 
RBFTPS_iters4_phase_shifts8_Naive_full_pi_is_0
 0.931137 1.25334 1.28255 1.16152 1.26105 1.13847 1.14103 1.2006 1.30497 0.383992 0.493473 0.67536 0.813473 0.79481 0.826181 0.819508 0.864425 0.855486 1.61738 1.40425 1.24664 1.26624 1.14511 0.960528 1.00601 0.942115 0.964448 2.34496 1.08115 1.22945 1.27004 1.4989 1.4724 1.31623 1.32116 1.27678 
RBFMultiquadricManual_iters4_phase_shifts8_NaiveFTFracDir_full_pi_is_1
 0.744744 0.805713 0.790526 0.849032 0.883195 0.883042 0.891612 0.886438 0.941264 2.62807 1.67328 1.97895 1.76941 1.71638 1.62761 1.59545 1.47547 1.40285 0.720546 0.658038 1.02557 0.815038 1.13237 1.07993 1.0239 0.996149 1.00785 0.422954 0.97679 0.765604 0.944003 0.755164 0.835709 0.847293 0.864331 0.873491 
IDW_iters9_phase_shifts2_Naive_full_pi_is_0
 2.15397 1.10863 0.990319 1.24696 0.80448 0.871029 0.887213 0.894238 0.677964 0.494619 0.788413 0.916806 1.07618 1.00175 1.00234 1.05595 1.16619 1.17192 1.51877 1.62924 1.29858 1.35004 1.15358 1.27622 1.18271 1.14708 1.05932 0.983101 0.729138 1.1198 1.19195 1.49907 1.3921 1.32801 1.4458 1.39713 
RBFMultiquadricAuto_iters9_phase_shifts8_Naive_full_pi_is_1
 1.01114 2.10954 1.90008 1.85788 1.16231 1.13636 1.13411 1.14695 1.27454 0.663476 0.685704 0.881128 1.06486 0.741112 0.749234 0.75014 0.801877 0.943281 0.702611 0.555549 1.16053 0.789717 0.983951 1.59145 1.41293 1.70349 1.32648 0.878732 0.88418 1.17237 0.880647 1.25085 1.34283 1.29422 1.22887 1.22334 
RBFGaussian_iters5_phase_shifts3_Naive_full_pi_is_0
 1.52925 1.52002 1.44168 1.24038 1.10493 0.991364 0.996612 0.973484 0.984497 0.765589 0.768289 0.880343 1.08175 1.17054 1.11856 1.08889 1.15582 1.1653 1.61106 1.49375 1.29194 1.36485 1.29706 0.885004 1.02163 0.964614 1.0204 0.789442 0.874627 1.23025 1.21664 1.45332 1.32511 1.39913 1.24161 1.33552 
RBFBell_iters5_phase_shifts3_Naive_full_pi_is_0
 1.52925 1.52002 1.44168 1.24038 1.10493 0.991364 0.996612 0.973484 0.984497 0.765589 0.768289 0.880343 1.08175 1.17054 1.11856 1.08889 1.15582 1.1653 1.61106 1.49375 1.29194 1.36485 1.29706 0.885004 1.02163 0.964614 1.0204 0.789442 0.874627 1.23025 1.21664 1.45332 1.32511 1.39913 1.24161 1.33552 
RBFMultiquadricAuto_iters8_phase_shifts6_NaiveFTFracDir_full_pi_is_0
 1.35301 1.13528 1.18109 1.12752 1.05487 0.855126 0.885565 0.841061 0.735467 1.68132 1.55346 1.53945 1.30882 1.2553 1.2429 1.21582 1.22598 1.27909 1.12086 1.46202 1.30936 1.34842 1.14123 1.25277 1.19713 1.28846 1.18676 0.508335 0.749424 1.04605 1.24136 1.02132 1.10046 1.07046 1.12608 1.15054 
RBFMultiquadricAuto_iters8_phase_shifts7_Naive_full_pi_is_1
 0.836309 1.89328 1.8299 1.73085 1.28997 1.14548 1.14845 1.12108 1.28631 0.826159 0.922113 1.33371 1.26579 0.934516 0.961956 0.978393 0.905127 1.05698 0.677364 0.548438 0.770074 0.834834 0.894966 1.50761 1.36816 1.6323 1.30561 0.815191 0.918736 1.2511 0.98048 1.22475 1.36366 1.25632 1.15978 1.16562 
RBFBell_iters3_phase_shifts6_Naive_full_pi_is_0
 1.21149 1.33715 1.36152 1.14686 1.17753 1.15142 1.14925 1.25299 1.12102 0.501511 0.662788 0.701118 0.888695 0.930426 0.839064 0.889256 0.89627 0.925194 0.972464 1.12989 1.06728 1.12923 1.108 0.789867 1.03995 0.922256 1.05258 3.10612 1.22094 1.31194 1.2662 1.30749 1.19708 1.24865 1.19993 1.19289 
RBFGaussian_iters3_phase_shifts6_Naive_full_pi_is_0
 1.21149 1.33715 1.36152 1.14686 1.17753 1.15142 1.14925 1.25299 1.12102 0.501511 0.662788 0.701118 0.888695 0.930426 0.839064 0.889256 0.89627 0.925194 0.972464 1.12989 1.06728 1.12923 1.108 0.789867 1.03995 0.922256 1.05258 3.10612 1.22094 1.31194 1.2662 1.30749 1.19708 1.24865 1.19993 1.19289 
RBFMultiquadricAuto_iters8_phase_shifts8_Naive_full_pi_is_1
 0.863905 1.88073 1.83918 1.51437 1.29122 1.1524 1.14716 1.14167 1.3166 0.676205 0.873022 1.28434 1.25258 0.91166 0.933642 0.965474 0.896627 1.04044 0.758311 0.595597 0.852318 0.90814 0.946074 1.54784 1.38169 1.65595 1.28896 0.975398 1.04984 1.29548 1.01486 1.26603 1.36003 1.28257 1.17719 1.18463 
RBFMultiquadricManual_iters3_phase_shifts2_NaiveFTFracDir_full_pi_is_1
 0.496812 0.68061 0.673974 0.793106 0.954761 0.903337 0.946021 0.98849 0.84074 2.84988 1.99142 2.0731 1.8273 1.7206 1.64026 1.49855 1.53075 1.29255 0.739068 0.61572 0.93477 0.859683 0.920745 0.780802 0.701462 0.834768 0.999612 0.800851 1.22466 0.874976 0.995247 0.744166 0.783284 0.8351 0.83823 0.857197 
RBFMultiquadricManual_iters2_phase_shifts3_Naive_full_pi_is_1
 0.55024 0.75979 0.727941 0.796503 0.903404 0.91633 0.919071 1.062 0.868857 2.77682 1.60545 2.07299 1.80624 1.61188 1.56763 1.55399 1.43262 1.43645 0.765782 0.811639 0.817372 0.804629 0.828268 0.954914 1.01174 0.943424 1.08284 1.29925 0.979422 0.910228 0.960682 0.954448 0.770044 0.834632 0.845637 0.853415 
RBFMultiquadricAuto_iters5_phase_shifts2_Naive_full_pi_is_0
 0.899789 1.18387 0.8572 1.30034 0.88597 0.839914 0.848252 0.905685 1.01792 0.908688 1.13231 1.3248 1.2953 1.23893 1.29035 1.21024 1.23752 1.21625 1.25517 1.32961 1.2394 1.2776 1.15194 1.10129 1.14382 1.22812 1.23719 1.27614 1.01111 1.35684 1.23103 1.32422 1.43975 1.39406 1.40106 1.45498 
RBFMultiquadricManual_iters5_phase_shifts9_NaiveFTFracDir_full_pi_is_1
 0.888279 1.10082 1.05501 1.02042 0.978365 0.960068 0.965329 0.970608 1.06636 1.78419 3.03788 1.65056 1.49613 1.3965 1.24122 1.31624 1.27613 1.18739 0.74351 0.748331 1.00198 0.942299 0.953504 1.15469 1.09244 1.04322 1.05789 0.590332 1.06755 0.975044 1.038 0.956394 0.94137 0.943508 0.952946 0.949137 
RBFBell_iters9_phase_shifts9_Naive_full_pi_is_1
 0.894085 1.54376 1.52793 1.4848 1.16642 1.12496 1.12407 1.04713 1.1149 1.51932 1.5173 1.24628 1.1383 1.3769 1.36122 1.3769 1.37779 1.37914 0.713422 0.501272 0.784402 0.674439 1.04295 1.23501 1.26142 1.36217 1.40833 1.03025 1.06519 1.40923 0.875446 0.945071 0.883104 1.22692 1.11546 1.12327 
RBFGaussian_iters9_phase_shifts9_Naive_full_pi_is_1
 0.894085 1.54376 1.52793 1.4848 1.16642 1.12496 1.12407 1.04713 1.1149 1.51932 1.5173 1.24628 1.1383 1.3769 1.36122 1.3769 1.37779 1.37914 0.713422 0.501272 0.784402 0.674439 1.04295 1.23501 1.26142 1.36217 1.40833 1.03025 1.06519 1.40923 0.875446 0.945071 0.883104 1.22692 1.11546 1.12327 
RBFMultiquadricAuto_iters3_phase_shifts3_Naive_full_pi_is_0
 0.768519 0.772473 0.828731 0.945048 0.914124 0.915159 0.917947 0.854584 1.36928 1.14688 1.0044 1.48828 1.48911 1.43028 1.41951 1.32125 1.34444 1.28544 1.12841 1.25651 1.17562 1.20964 1.10564 1.1007 1.05316 1.1382 1.29765 0.844467 1.0456 1.48701 1.38889 1.49885 1.42124 1.29022 1.29043 1.34014 
RBFMultiquadricAuto_iters8_phase_shifts4_NaiveFTFracDir_full_pi_is_0
 1.85038 1.34279 1.22908 1.14125 0.951625 0.807889 0.766775 0.854951 0.704887 1.8414 1.71423 1.64778 1.33708 1.24185 1.24695 1.2349 1.22693 1.25198 0.822948 1.26836 1.19941 1.25781 1.07771 1.23444 1.21335 1.33915 1.12875 0.945722 1.04752 0.933972 1.08123 0.886767 0.993644 0.987146 1.05135 1.08644 
RBFBell_iters4_phase_shifts8_Naive_full_pi_is_0
 1.31333 1.48265 1.49789 1.2116 1.1908 1.17292 1.16211 1.33205 1.1527 0.428625 0.613077 0.770674 1.00269 0.98175 1.0186 1.00079 0.971172 1.04628 1.74505 1.56137 1.19733 1.3214 1.23707 0.952427 1.15971 1.03125 1.12958 1.23399 0.941996 1.29721 1.1846 1.54409 1.39847 1.41523 1.2127 1.24941 
RBFGaussian_iters4_phase_shifts8_Naive_full_pi_is_0
 1.31333 1.48265 1.49789 1.2116 1.1908 1.17292 1.16211 1.33205 1.1527 0.428625 0.613077 0.770674 1.00269 0.98175 1.0186 1.00079 0.971172 1.04628 1.74505 1.56137 1.19733 1.3214 1.23707 0.952427 1.15971 1.03125 1.12958 1.23399 0.941996 1.29721 1.1846 1.54409 1.39847 1.41523 1.2127 1.24941 
Makima_iters7_phase_shifts5_Naive_full_pi_is_0
 1.22667 1.72016 1.99136 1.66179 1.75965 1.34082 1.36445 1.24827 1.03167 0.372946 0.657734 0.865717 0.87998 0.881237 0.912551 0.956305 0.892153 0.87378 1.14946 1.2771 1.0936 1.09409 1.04507 0.853231 0.735056 0.944649 0.954473 1.36431 0.883627 1.75776 1.43712 1.38821 1.26521 1.23687 1.18633 1.15546 
RBFMultiquadricManual_iters5_phase_shifts6_NaiveFTFracDir_full_pi_is_1
 0.94208 1.03314 1.01733 0.914958 0.976851 0.961752 0.96768 0.956271 0.995461 1.75422 2.65156 1.53723 1.64856 1.63764 1.53456 1.53511 1.44711 1.48925 0.707235 0.710847 0.954631 0.838893 1.04158 1.10664 1.09509 1.03208 1.09144 0.542326 1.10501 0.984621 1.15116 0.974983 0.951078 0.945839 0.947182 0.979779 
RBFMultiquadricManual_iters4_phase_shifts8_NaiveFTFracDir_full_pi_is_0
 1.08224 0.671843 0.693041 0.861917 0.863894 0.768138 0.790869 0.981951 0.920334 2.19486 3.61464 1.23963 1.11315 1.25932 1.24783 1.22801 1.06278 1.23393 0.97686 1.09362 1.10807 1.13103 1.01862 0.812695 1.01963 0.860606 0.951108 0.748345 1.0965 1.05717 1.1141 0.95688 0.95049 0.935414 0.943527 0.983259 
RBFMultiquadricAuto_iters9_phase_shifts4_NaiveFTFracDir_full_pi_is_1
 1.12911 1.12574 1.08545 1.15738 0.985632 0.893592 0.882833 0.925192 0.814237 1.3443 1.24125 1.13254 1.28369 1.79913 1.73514 1.65931 1.61246 1.52585 0.806141 0.646896 0.729394 1.00505 1.01989 1.32505 1.50773 1.47343 1.30836 1.84173 1.07283 0.843477 0.927427 0.753743 1.06656 1.07747 1.12055 1.11057 
RBFTPS_iters7_phase_shifts4_Naive_full_pi_is_0
 1.29879 1.46615 1.51282 1.54519 1.00544 1.08019 1.09633 1.07068 1.41232 0.475407 0.568209 0.653003 1.00377 1.04666 1.01812 1.00907 1.00542 1.02615 1.36794 1.41276 1.25822 1.29511 1.11196 0.997557 0.95428 0.943137 0.95312 0.978559 0.753679 1.49288 1.27198 1.75146 1.6619 1.55811 1.5145 1.46897 
RBFMultiquadricManual_iters3_phase_shifts9_NaiveFTFracDir_full_pi_is_0
 0.931301 0.727582 0.683679 0.870928 0.838109 0.787291 0.813864 0.920719 0.945492 1.916 2.80095 2.13198 1.78084 1.57975 1.54768 1.55602 1.39049 1.4293 1.06082 1.03108 1.02166 1.02485 0.941864 0.945213 0.939988 0.798274 0.921643 0.567985 0.966871 0.939023 1.03881 0.878318 0.871887 0.860681 0.882103 0.910866 
IDW_iters5_phase_shifts9_Naive_full_pi_is_0
 1.07476 1.32273 1.3781 1.38351 1.26635 1.0926 1.08533 1.16825 1.20965 0.422484 0.579476 0.538537 0.922579 0.906431 0.85512 0.891726 0.950644 1.00405 2.04472 1.53177 1.23071 1.29296 1.22491 1.04944 0.965875 1.00868 1.02886 1.10485 0.783332 1.39032 1.26132 1.76185 1.70815 1.43564 1.48043 1.42518 
RBFBell_iters3_phase_shifts5_Naive_full_pi_is_0
 1.13216 1.36528 1.38583 1.14204 1.19858 1.14642 1.14632 1.25424 1.08005 0.480621 0.680759 0.775121 0.938914 0.954684 0.879296 0.919269 0.911421 0.970405 1.05883 1.11649 1.05931 1.12719 1.12355 0.741568 1.01418 0.897415 1.03033 3.38544 1.16323 1.26271 1.22178 1.26014 1.20027 1.24783 1.19802 1.1798 
RBFGaussian_iters3_phase_shifts5_Naive_full_pi_is_0
 1.13216 1.36528 1.38583 1.14204 1.19858 1.14642 1.14632 1.25424 1.08005 0.480621 0.680759 0.775121 0.938914 0.954684 0.879296 0.919269 0.911421 0.970405 1.05883 1.11649 1.05931 1.12719 1.12355 0.741568 1.01418 0.897415 1.03033 3.38544 1.16323 1.26271 1.22178 1.26014 1.20027 1.24783 1.19802 1.1798 
RBFTPS_iters6_phase_shifts4_Naive_full_pi_is_0
 1.5156 1.63222 1.66344 1.41196 1.03155 1.06721 1.03868 1.01984 1.28896 0.49693 0.577997 0.809421 0.963529 1.01134 0.965128 0.954093 0.966329 1.05292 1.3244 1.39759 1.24258 1.28177 1.12134 1.04634 1.05542 0.994596 1.00949 1.07886 0.790403 1.44303 1.36694 1.65405 1.58315 1.45727 1.48302 1.44091 
RBFTPS_iters4_phase_shifts9_Naive_full_pi_is_0
 1.09021 1.37436 1.40189 1.24973 1.31021 1.28692 1.27486 1.31631 1.4846 0.395959 0.507181 0.672679 0.810564 0.772577 0.805632 0.799088 0.866321 0.843337 1.62179 1.40608 1.24901 1.26773 1.14808 0.965324 1.01533 0.949135 0.967098 2.36815 1.09082 1.23849 1.28189 1.50722 1.43515 1.292 1.32299 1.25845 
RBFMultiquadricManual_iters8_phase_shifts7_NaiveFTFracDir_full_pi_is_1
 0.735125 1.19846 1.20892 1.0942 1.09111 0.972721 0.987443 1.08525 1.08448 1.92329 1.5053 1.91729 1.62936 1.71349 1.4947 1.48173 1.42657 1.4518 0.729041 0.674532 0.782975 0.712122 1.00572 1.23675 1.40725 1.27885 1.22372 0.520176 1.09247 0.980145 1.08681 0.826706 1.0697 1.10365 1.09443 1.0671 
IDW_iters5_phase_shifts8_Naive_full_pi_is_0
 1.05766 1.23262 1.45894 1.31372 1.24604 1.07061 1.09887 1.20704 1.19935 0.423074 0.604316 0.535835 0.917765 0.915 0.885606 0.891161 0.951068 0.999663 2.0865 1.54805 1.30584 1.32363 1.25712 1.0898 0.999999 1.03179 1.0538 1.60257 0.725869 1.30144 1.17352 1.69267 1.64564 1.38729 1.38507 1.37482 
RBFMultiquadricManual_iters4_phase_shifts4_NaiveFTFracDir_full_pi_is_1
 0.774132 0.840239 0.887592 0.918872 0.856257 0.859799 0.872546 0.851872 0.795911 2.64716 2.14763 1.78301 1.68169 1.87328 1.82279 1.69906 1.54344 1.49333 0.747073 0.684406 0.913618 0.870114 1.01312 0.923444 0.935734 0.983336 1.05877 0.621077 1.02832 0.832442 0.994049 0.905573 0.873356 0.883493 0.913649 0.929932 
RBFMultiquadricManual_iters4_phase_shifts3_NaiveFTFracDir_full_pi_is_1
 0.781234 0.994774 1.04222 0.991528 0.928814 0.87988 0.881449 1.08709 1.06227 2.10271 3.73743 1.21624 1.03505 1.03081 1.12603 1.14796 1.10467 1.07928 0.722429 0.750027 1.04422 0.922879 1.01375 0.931732 1.12653 0.913738 1.06351 0.725515 1.24634 0.969713 1.26147 1.04787 1.02193 0.992128 0.996876 0.998755 
RBFMultiquadricManual_iters2_phase_shifts4_Naive_full_pi_is_1
 0.541818 0.781706 0.770753 0.826489 0.925693 0.907496 0.911191 1.06179 0.875352 2.75463 1.61776 2.1772 1.87756 1.63097 1.61889 1.60198 1.47053 1.47378 0.777611 0.8188 0.835998 0.806097 0.82992 0.985865 0.966444 0.897638 1.0451 1.51555 0.980813 0.899506 0.978297 1.01014 0.814969 0.854364 0.863152 0.869562 
RBFMultiquadricManual_iters2_phase_shifts7_NaiveFTFracDir_full_pi_is_1
 0.58922 0.594926 0.538879 0.650635 0.860245 0.908026 0.981459 1.02328 0.91426 2.37631 1.82611 1.92363 1.68111 1.6881 1.67521 1.51705 1.50253 1.44457 0.630179 0.752604 1.19745 0.779971 1.04796 1.05601 0.770188 0.897721 0.784136 2.75533 1.00168 0.64999 0.79892 0.769761 0.751846 0.721994 0.741475 0.742916 
RBFGaussian_iters4_phase_shifts9_Naive_full_pi_is_0
 1.31257 1.52454 1.53628 1.25426 1.14052 1.21917 1.2207 1.38668 1.21763 0.610708 0.701993 0.715516 1.03217 1.04127 1.03226 1.01296 0.980404 1.05457 1.75761 1.56404 1.2005 1.32245 1.23424 1.0277 1.16257 1.05354 1.13199 1.23529 0.941332 1.30182 1.18521 1.51421 1.35143 1.40778 1.2121 1.36221 
RBFBell_iters4_phase_shifts9_Naive_full_pi_is_0
 1.31257 1.52454 1.53628 1.25426 1.14052 1.21917 1.2207 1.38668 1.21763 0.610708 0.701993 0.715516 1.03217 1.04127 1.03226 1.01296 0.980404 1.05457 1.75761 1.56404 1.2005 1.32245 1.23424 1.0277 1.16257 1.05354 1.13199 1.23529 0.941332 1.30182 1.18521 1.51421 1.35143 1.40778 1.2121 1.36221 
RBFMultiquadricAuto_iters8_phase_shifts6_Naive_full_pi_is_1
 0.845363 1.84649 1.79008 1.56789 1.27024 1.14278 1.14405 1.1135 1.25315 1.32579 1.38625 1.5845 1.42269 1.10413 1.13039 1.13401 1.05612 1.16706 0.670397 0.530705 0.825638 0.844305 0.907837 1.49462 1.3134 1.62512 1.25153 0.747873 0.920632 1.18671 0.977479 1.19197 1.33077 1.23342 1.14157 1.16957 
RBFTPS_iters5_phase_shifts5_Naive_full_pi_is_0
 1.31264 1.6743 1.41631 1.39053 1.31241 1.31751 1.30042 1.48691 1.39629 0.466237 0.506641 0.773672 0.920756 0.929282 0.974662 0.912374 0.963151 0.989639 1.36032 1.33659 1.23058 1.27171 1.10409 0.92466 1.03966 0.956878 0.95898 1.79829 0.684826 1.36819 1.23141 1.58603 1.52646 1.37187 1.38435 1.39525 
Makima_iters7_phase_shifts9_Naive_full_pi_is_0
 1.23059 2.30849 2.14898 1.94102 1.62345 1.63892 1.51427 1.54216 1.22782 0.421273 0.604296 0.799181 0.862244 0.893935 0.974476 0.901549 0.86819 0.933418 1.15565 1.24139 1.09756 1.07416 1.15099 0.882824 0.782631 0.936107 1.00992 1.31418 0.927365 1.28944 0.646625 1.27067 1.13783 1.12986 1.03971 1.05326 
Makima_iters8_phase_shifts9_Naive_full_pi_is_0
 1.14913 2.12641 2.0275 1.71018 1.48357 1.65459 1.61821 1.57511 1.3563 0.468637 0.694409 0.63689 1.06413 1.08653 0.980702 1.07872 0.971352 0.976118 1.18359 1.25741 1.00954 1.05854 1.07265 0.808911 0.751336 0.946356 0.988679 1.6066 1.00044 1.33741 0.622724 1.13751 1.1507 1.15736 1.08117 1.14081 
Makima_iters8_phase_shifts6_Naive_full_pi_is_0
 1.18756 2.2052 2.21335 1.39663 1.48276 1.5948 1.58227 1.28236 1.35202 0.394869 0.701493 0.780215 0.877562 0.892191 1.0355 1.03128 0.955067 1.01208 1.15822 1.25485 1.09821 1.09357 0.951802 0.805197 0.757495 0.944189 0.989284 1.06612 1.04037 1.75293 0.778016 1.40566 1.24351 1.22143 1.16751 1.19867 
RBFTPS_iters5_phase_shifts6_Naive_full_pi_is_0
 1.30179 1.30118 1.3398 1.34112 1.30123 1.3548 1.34796 1.30215 1.59562 0.492611 0.510718 0.795908 0.932361 0.963556 1.0016 0.938257 0.985031 1.0201 1.42567 1.38758 1.27241 1.30704 1.14752 0.943562 1.05657 0.990292 1.00381 1.8109 0.663934 1.35382 1.26247 1.60722 1.54557 1.38611 1.39602 1.40491 
RBFMultiquadricManual_iters2_phase_shifts5_Naive_full_pi_is_1
 0.532632 0.822979 0.822841 0.848788 0.94803 0.924856 0.920855 1.08449 0.890681 2.80138 1.64485 2.22282 1.93346 1.65779 1.65368 1.62236 1.50325 1.50917 0.780085 0.794188 0.845143 0.802659 0.837454 0.994341 0.976288 0.855874 1.05703 1.07999 1.06442 0.928061 0.9983 0.987882 0.829255 0.862637 0.876909 0.886736 
RBFMultiquadricAuto_iters8_phase_shifts9_Naive_full_pi_is_1
 0.995184 2.01015 1.95774 1.69665 1.29091 1.13417 1.1407 1.1353 1.35405 0.665037 0.858897 1.32503 1.25173 0.878693 0.935079 0.882257 0.958135 1.02394 0.759887 0.601356 0.958208 0.97873 1.00677 1.61827 1.43162 1.70734 1.35571 0.958098 1.04599 1.2897 1.0553 1.31276 1.39794 1.33291 1.21086 1.21811 
RBFMultiquadricAuto_iters9_phase_shifts9_Naive_full_pi_is_1
 1.06102 2.41075 2.10495 1.98554 1.15569 1.16624 1.16916 1.17838 1.31536 0.725115 0.91729 0.926221 1.09305 0.780254 0.755883 0.811235 0.807936 0.979226 0.702547 0.555484 1.25088 0.869233 1.03818 1.64102 1.45809 1.74803 1.36187 0.876564 0.866157 1.1821 0.885837 1.27705 1.08379 1.31967 1.25081 1.24225 
RBFMultiquadricManual_iters2_phase_shifts7_Naive_full_pi_is_1
 0.530977 0.848887 0.832264 0.890082 0.961171 0.924239 0.929859 1.09482 0.905579 2.7593 1.61808 2.21761 1.92789 1.67332 1.65502 1.62173 1.51021 1.51222 0.788375 0.806173 0.843863 0.837814 0.841079 1.10138 1.04981 1.03111 1.11249 1.01797 0.994219 0.94108 1.00505 1.00037 0.847999 0.876959 0.890871 0.897423 
RBFMultiquadricManual_iters2_phase_shifts8_Naive_full_pi_is_1
 0.52405 0.850171 0.840737 0.893771 0.971102 0.929234 0.948989 1.03927 0.907775 2.75206 1.63194 2.21974 1.93053 1.67674 1.6542 1.62329 1.51418 1.51652 0.791504 0.803448 0.845473 0.787358 0.838472 1.10926 1.0564 1.0376 1.1228 1.0174 0.997227 0.934877 1.01587 1.01744 0.857958 0.88557 0.899432 0.907335 
RBFMultiquadricManual_iters2_phase_shifts6_Naive_full_pi_is_1
 0.531025 0.837802 0.820929 0.877681 0.955257 0.925274 0.923421 1.0913 0.897306 2.82322 1.66078 2.25601 1.95767 1.70566 1.67617 1.64417 1.51754 1.53419 0.785591 0.790769 0.844604 0.794931 0.842207 1.01526 0.968947 0.925748 1.07081 1.0136 0.9825 0.939236 1.00467 0.996332 0.841555 0.873117 0.886885 0.896983 
RBFGaussian_iters4_phase_shifts7_Naive_full_pi_is_0
 1.3166 1.65273 1.64042 1.62429 1.19312 1.22715 1.22 1.18415 1.18102 0.678567 0.695501 0.877867 1.05712 1.07631 1.00262 1.04361 1.04272 1.07989 1.65048 1.52664 1.17598 1.29698 1.24376 0.936954 1.13826 1.02953 1.13182 1.1801 0.974943 1.35073 1.24005 1.5095 1.40924 1.43759 1.25934 1.38322 
RBFBell_iters4_phase_shifts7_Naive_full_pi_is_0
 1.3166 1.65273 1.64042 1.62429 1.19312 1.22715 1.22 1.18415 1.18102 0.678567 0.695501 0.877867 1.05712 1.07631 1.00262 1.04361 1.04272 1.07989 1.65048 1.52664 1.17598 1.29698 1.24376 0.936954 1.13826 1.02953 1.13182 1.1801 0.974943 1.35073 1.24005 1.5095 1.40924 1.43759 1.25934 1.38322 
RBFMultiquadricManual_iters6_phase_shifts8_NaiveFTFracDir_full_pi_is_1
 1.02078 1.15497 1.18957 0.998244 1.01687 0.983855 0.992997 0.929366 0.931252 2.01946 2.4827 1.90796 1.59534 1.61097 1.46924 1.51853 1.40863 1.35187 0.694668 0.66208 0.938615 0.944552 1.08065 1.07714 1.18461 1.1135 1.10572 0.829208 1.00006 0.98433 1.2347 1.03771 1.01707 1.02651 1.06014 1.00116 
Makima_iters6_phase_shifts6_Naive_full_pi_is_0
 1.15074 2.09401 1.90826 1.40655 1.74364 1.38728 1.26751 1.25589 1.75845 0.347102 0.532603 0.737613 0.827441 0.844175 0.861801 0.892738 0.892159 0.866926 1.13244 1.28709 1.08422 1.08908 1.2667 0.939869 0.790943 0.976622 0.980709 1.3643 0.910479 1.69269 1.66634 1.43396 1.34543 1.29742 1.23925 1.26299 
IDW_iters6_phase_shifts4_Naive_full_pi_is_0
 1.79768 1.44443 1.61587 1.43568 1.33615 1.06194 1.08324 1.08139 1.21812 0.434394 0.547357 0.57849 1.01385 0.901304 0.983807 0.984817 1.0619 1.08169 1.90068 1.6908 1.38921 1.40276 1.21039 0.980517 0.916803 1.01009 1.05537 1.05312 0.773325 1.47874 1.29829 1.58682 1.58716 1.36719 1.36416 1.33024 
RBFMultiquadricManual_iters2_phase_shifts9_Naive_full_pi_is_1
 0.522384 0.856332 0.840692 0.898457 0.973416 0.94773 0.949218 1.0353 0.905338 2.8183 1.64098 2.24386 1.95591 1.67613 1.67666 1.64156 1.5293 1.52716 0.770776 0.798701 0.861254 0.785036 0.83579 1.11106 1.0766 1.05537 1.13789 1.01892 0.997654 0.938333 1.01628 1.02993 0.869662 0.89297 0.905618 0.915278 
RBFMultiquadricManual_iters7_phase_shifts9_NaiveFTFracDir_full_pi_is_1
 0.807349 0.992004 0.993209 0.883441 0.931731 0.90357 0.957931 0.921975 0.992929 2.38748 3.96903 1.11518 0.977243 1.17286 1.0245 1.1802 1.06909 1.04144 0.872015 0.796127 0.808969 0.983147 1.00712 1.24628 1.2975 1.2339 1.18088 0.567735 1.07699 0.913933 1.02652 0.850665 1.0324 1.06181 1.09235 1.02061 
RBFMultiquadricManual_iters3_phase_shifts7_NaiveFTFracDir_full_pi_is_1
 0.558292 0.630418 0.656368 0.754061 0.861113 0.888377 0.894054 1.07121 0.936863 2.63635 1.97768 2.19142 1.7709 1.72934 1.65128 1.69502 1.53419 1.48954 0.577446 0.670755 0.97632 0.847887 1.06454 1.09044 0.842765 0.880983 1.02289 2.42304 1.09352 0.676723 0.826127 0.717562 0.722434 0.769983 0.790575 0.791 
RBFMultiquadricManual_iters2_phase_shifts4_NaiveFTFracDir_full_pi_is_0
 0.655259 0.639033 0.611143 0.561549 0.729665 0.847317 0.785355 0.912881 0.903569 2.95541 1.72835 2.42776 1.9972 1.8841 1.77188 1.68448 1.61931 1.47899 0.928279 1.2119 1.04794 1.06688 1.07917 0.885871 0.920974 0.775615 0.937636 0.913771 0.982414 0.870639 0.927076 0.79262 0.821238 0.774965 0.803564 0.811593 
RBFBell_iters5_phase_shifts4_Naive_full_pi_is_0
 1.16058 1.55249 1.57235 1.45033 1.24461 1.07347 1.12627 1.11123 1.08657 0.541202 0.653751 0.67547 1.0005 1.07346 1.03055 1.01255 1.04161 1.11905 1.79126 1.54721 1.29049 1.37202 1.32835 0.920678 1.00068 0.989313 0.990525 2.01534 0.828444 1.39724 1.33265 1.62973 1.46052 1.49134 1.32995 1.45455 
RBFGaussian_iters5_phase_shifts4_Naive_full_pi_is_0
 1.16058 1.55249 1.57235 1.45033 1.24461 1.07347 1.12627 1.11123 1.08657 0.541202 0.653751 0.67547 1.0005 1.07346 1.03055 1.01255 1.04161 1.11905 1.79126 1.54721 1.29049 1.37202 1.32835 0.920678 1.00068 0.989313 0.990525 2.01534 0.828444 1.39724 1.33265 1.62973 1.46052 1.49134 1.32995 1.45455 
RBFTPS_iters9_phase_shifts3_Naive_full_pi_is_0
 1.40995 1.49683 1.2928 1.34953 1.45495 1.23788 1.2161 1.12219 1.55601 0.466444 0.617802 0.577116 1.0342 1.00811 1.09101 1.06874 1.02157 1.09378 1.3155 1.48297 1.15003 1.28863 1.16736 1.00853 0.983783 0.973625 1.01721 1.67489 0.77524 1.48534 1.27715 1.79258 1.68086 1.59672 1.5566 1.42368 
RBFMultiquadricManual_iters8_phase_shifts2_NaiveFTFracDir_full_pi_is_1
 0.861832 0.966702 1.03319 0.988038 1.1304 1.00294 1.0069 0.945823 0.990704 2.60628 1.69654 1.67747 1.5498 1.65322 1.6341 1.53376 1.43358 1.47344 0.744555 0.775587 0.84656 1.21087 1.23426 1.34117 1.26008 1.20737 1.16841 0.468742 1.42614 0.984749 1.29269 0.965024 1.02843 1.00372 1.03328 1.02266 
RBFBell_iters4_phase_shifts5_Naive_full_pi_is_0
 1.31541 1.35023 1.45711 1.41402 1.18639 1.1636 1.14355 1.13686 1.0809 0.657859 0.635463 0.753555 1.04592 1.03934 1.03601 0.992154 1.05117 1.05413 1.38386 1.39052 1.11269 1.23903 1.15104 0.792534 0.954607 0.838392 1.01618 3.05891 1.17777 1.33846 1.29129 1.59076 1.34606 1.4244 1.24599 1.36315 
RBFGaussian_iters4_phase_shifts5_Naive_full_pi_is_0
 1.31541 1.35023 1.45711 1.41402 1.18639 1.1636 1.14355 1.13686 1.0809 0.657859 0.635463 0.753555 1.04592 1.03934 1.03601 0.992154 1.05117 1.05413 1.38386 1.39052 1.11269 1.23903 1.15104 0.792534 0.954607 0.838392 1.01618 3.05891 1.17777 1.33846 1.29129 1.59076 1.34606 1.4244 1.24599 1.36315 
Makima_iters6_phase_shifts7_Naive_full_pi_is_0
 1.13286 1.90898 1.79161 1.55328 1.81358 1.37951 1.31504 1.28416 1.73116 0.358652 0.491473 0.749637 0.84622 0.849741 0.86643 0.920737 0.912869 0.870288 1.17034 1.27878 1.09791 1.10131 1.04013 0.947354 0.863959 1.00948 0.985731 2.64637 1.06236 1.68722 1.35549 1.26152 1.20567 1.17625 1.13121 1.15605 
RBFMultiquadricManual_iters5_phase_shifts4_NaiveFTFracDir_full_pi_is_1
 1.05727 0.98517 1.03639 1.22917 0.95393 0.927792 0.969233 0.907738 0.959776 2.22066 3.27181 1.69603 1.35007 1.54752 1.57884 1.55619 1.41078 1.35656 0.756351 0.749775 1.01668 0.905765 1.03948 1.14851 1.11617 1.08943 1.07508 0.577731 0.989925 0.95099 1.14614 0.919921 0.986804 0.979638 1.00246 1.02446 
RBFMultiquadricAuto_iters3_phase_shifts4_Naive_full_pi_is_0
 0.778478 0.894674 0.895875 1.10933 0.98474 1.03127 1.03587 1.09274 1.51734 1.1598 1.12158 1.5078 1.57507 1.43063 1.42093 1.40422 1.38203 1.27877 1.13992 1.27505 1.21598 1.25245 1.15812 1.13345 1.06227 1.16751 1.31381 0.773938 1.25787 1.64675 1.46349 1.61301 1.53996 1.42253 1.41518 1.46119 
RBFTPS_iters6_phase_shifts6_Naive_full_pi_is_0
 1.51972 1.69248 1.69124 1.49415 1.29833 1.35564 1.37089 1.34189 1.58434 0.483737 0.519745 0.579666 0.975665 0.969616 1.0494 0.969345 0.994543 1.05205 1.42077 1.40464 1.1552 1.30056 1.15004 1.07442 1.07283 1.01396 1.0243 0.909353 0.85375 1.52058 1.37524 1.7843 1.69871 1.51007 1.51387 1.47852 
RBFMultiquadricAuto_iters4_phase_shifts3_Naive_full_pi_is_0
 1.11973 1.0057 1.11371 1.2795 0.933189 1.10395 1.06583 1.10207 1.48488 1.05566 1.14453 1.2131 1.54869 1.3484 1.31142 1.28935 1.28232 1.19076 1.41641 1.32873 1.29276 1.32094 1.15774 1.13381 1.1058 1.21351 1.23415 0.941827 1.00875 1.54029 1.48443 1.39516 1.57633 1.51559 1.49645 1.56163 
RBFMultiquadricAuto_iters6_phase_shifts2_Naive_full_pi_is_0
 1.33714 1.16898 1.24111 1.62377 1.08036 0.956466 0.955377 1.12198 1.27773 0.866179 1.1437 1.04855 1.28514 1.32824 1.36201 1.34898 1.32766 1.32343 1.13937 1.41999 1.2679 1.30076 1.19713 1.21365 1.12315 1.25497 1.15322 1.00283 0.963008 1.33111 1.43334 1.50564 1.58338 1.50963 1.52253 1.57168 
RBFMultiquadricManual_iters6_phase_shifts4_NaiveFTFracDir_full_pi_is_1
 0.688475 1.1302 1.16105 1.00099 0.975659 0.971046 0.952517 0.947199 1.01388 2.01327 3.48068 1.73848 1.32257 1.60284 1.53382 1.52107 1.41012 1.33165 0.754836 0.711004 0.944882 0.833417 1.0714 1.19057 1.10613 1.12879 1.01923 0.507174 0.989847 1.0507 1.14243 0.87818 1.04896 1.05638 1.01787 1.10434 
RBFTPS_iters6_phase_shifts5_Naive_full_pi_is_0
 1.51073 1.75215 1.7526 1.53417 1.39581 1.40504 1.39554 1.33743 1.57552 0.557673 0.551791 0.594143 0.992025 1.02958 0.968613 0.972672 0.994906 0.995882 1.35249 1.41053 1.28156 1.31524 1.14328 1.08287 1.07194 1.01221 1.01942 1.09818 0.766026 1.42569 1.3402 1.74638 1.66055 1.47601 1.50471 1.44827 
RBFMultiquadricManual_iters3_phase_shifts6_NaiveFTFracDir_full_pi_is_0
 0.93643 0.70966 0.74824 0.843765 0.919169 0.898746 0.868379 1.07558 0.943214 1.46791 4.71794 1.36212 1.21655 1.23878 1.21395 1.23284 1.13047 1.18699 0.997044 1.05979 1.07247 1.0709 1.05102 0.814557 0.950943 0.774696 0.950573 1.03115 1.0026 0.973703 1.0392 0.887496 0.868178 0.86539 0.904908 0.906682 
RBFBell_iters6_phase_shifts3_Naive_full_pi_is_0
 1.40433 1.45143 1.47595 1.49306 1.25112 1.11477 1.11291 1.09071 1.11264 0.89005 0.990913 0.956689 1.16829 1.22081 1.20748 1.1624 1.21019 1.2516 1.74464 1.46244 1.26902 1.37852 1.34061 1.06089 1.09678 1.05037 1.03719 1.02527 0.887244 1.58675 1.41874 1.71237 1.39891 1.52755 1.3992 1.4923 
RBFGaussian_iters6_phase_shifts3_Naive_full_pi_is_0
 1.40433 1.45143 1.47595 1.49306 1.25112 1.11477 1.11291 1.09071 1.11264 0.89005 0.990913 0.956689 1.16829 1.22081 1.20748 1.1624 1.21019 1.2516 1.74464 1.46244 1.26902 1.37852 1.34061 1.06089 1.09678 1.05037 1.03719 1.02527 0.887244 1.58675 1.41874 1.71237 1.39891 1.52755 1.3992 1.4923 
RBFMultiquadricManual_iters3_phase_shifts2_Naive_full_pi_is_1
 0.542479 0.771715 0.758662 0.797532 0.899268 0.898913 0.90571 1.11568 0.939964 3.47484 1.64973 2.42747 2.10307 1.82654 1.68464 1.71191 1.54015 1.55321 0.75004 0.795843 0.808126 0.810807 0.847735 0.816729 0.837284 0.80401 1.06369 0.616653 1.15441 0.962903 1.01857 0.761152 0.841406 0.876383 0.878212 0.877191 
RBFTPS_iters7_phase_shifts6_Naive_full_pi_is_0
 1.37537 1.51538 1.63493 1.65061 1.09145 1.18373 1.18106 1.19685 1.71719 0.486842 0.573221 0.560657 1.04112 1.06037 1.03476 1.03139 1.06604 1.07381 1.47696 1.43798 1.16392 1.31245 1.14024 0.850315 0.977346 0.983909 0.981165 1.6624 0.87991 1.50248 1.399 1.88304 1.73387 1.63414 1.55664 1.53731 
RBFTPS_iters5_phase_shifts9_Naive_full_pi_is_0
 1.28884 1.38588 1.42816 1.41984 1.3828 1.36515 1.42187 1.34707 1.69586 0.510504 0.531777 0.788891 0.937655 0.956037 1.00183 0.921285 0.985523 0.976767 1.4642 1.4069 1.28205 1.30565 1.17775 0.963704 1.04588 1.01001 1.02072 2.41579 0.901529 1.43836 1.2771 1.70058 1.59715 1.41446 1.42541 1.38693 
RBFMultiquadricManual_iters6_phase_shifts4_NaiveFTFracDir_full_pi_is_0
 1.07746 0.88524 0.83153 0.923791 0.881901 0.779959 0.837649 0.78262 0.840735 1.93812 4.2376 1.42734 1.10073 1.3769 1.29783 1.22108 1.16331 1.35205 0.75302 1.08937 1.10139 1.15091 0.997931 1.03317 1.11801 1.02278 1.02941 0.959747 1.28177 1.05727 1.19353 0.906905 0.954366 0.994658 0.995771 1.04702 
RBFMultiquadricManual_iters8_phase_shifts9_NaiveFTFracDir_full_pi_is_1
 0.806422 1.20007 1.28942 1.13308 1.0627 0.96774 1.01136 1.01543 1.07004 2.19808 3.96277 1.21954 1.03848 1.16692 1.06835 1.14454 1.09333 1.0575 0.958044 0.849429 0.79781 0.945834 0.871556 1.41138 1.39987 1.34536 1.1919 0.869709 1.06564 0.933807 0.996477 0.853188 1.06149 1.05589 1.09219 1.13297 
RBFTPS_iters5_phase_shifts8_Naive_full_pi_is_0
 1.30244 1.3967 1.43566 1.42242 1.38344 1.41109 1.41228 1.38914 1.69222 0.508497 0.518294 0.790341 0.935835 0.962456 1.00671 0.923734 1.00015 0.985789 1.45836 1.40868 1.28167 1.30575 1.14701 0.943169 1.02652 0.989793 1.00404 2.45203 0.882951 1.42011 1.26098 1.6967 1.63096 1.44025 1.44954 1.41023 
Makima_iters8_phase_shifts3_Naive_full_pi_is_0
 1.10885 1.11998 1.09275 0.673722 1.27311 0.869272 0.87722 0.93192 1.14114 0.386616 0.553527 0.922726 0.926503 0.833009 0.915921 0.97165 0.927192 0.893763 1.14041 1.32595 1.14929 1.13444 0.994444 0.808525 0.878631 0.973389 0.959364 4.43011 0.682939 1.69691 1.77918 1.37288 1.40772 1.28762 1.25441 1.25808 
RBFMultiquadricAuto_iters3_phase_shifts5_Naive_full_pi_is_0
 1.03358 1.05944 0.993798 1.25038 1.01559 1.1462 1.15127 1.23109 1.57485 0.964648 0.973224 1.41977 1.6022 1.42692 1.36649 1.39557 1.27808 1.24246 1.17475 1.29286 1.23676 1.27237 1.16788 1.13979 1.06476 1.17755 1.26552 0.995703 1.18447 1.75435 1.46411 1.60539 1.61717 1.51602 1.495 1.53362 
RBFBell_iters4_phase_shifts6_Naive_full_pi_is_0
 1.31539 1.48932 1.49758 1.4165 1.15405 1.11569 1.117 1.15684 1.12559 0.549515 0.693229 0.820842 1.02699 1.03511 1.02108 0.994589 1.0267 1.03632 1.46652 1.39608 1.10543 1.23921 1.20991 0.916906 1.05665 0.939874 1.08746 3.28019 1.12598 1.42752 1.32433 1.64683 1.42123 1.41959 1.2528 1.37009 
RBFGaussian_iters4_phase_shifts6_Naive_full_pi_is_0
 1.31539 1.48932 1.49758 1.4165 1.15405 1.11569 1.117 1.15684 1.12559 0.549515 0.693229 0.820842 1.02699 1.03511 1.02108 0.994589 1.0267 1.03632 1.46652 1.39608 1.10543 1.23921 1.20991 0.916906 1.05665 0.939874 1.08746 3.28019 1.12598 1.42752 1.32433 1.64683 1.42123 1.41959 1.2528 1.37009 
Makima_iters5_phase_shifts9_Naive_full_pi_is_0
 0.84055 2.03848 1.94708 1.63871 1.36465 1.01014 0.966772 1.03259 1.29987 0.370174 0.500212 0.703353 0.805398 0.799699 0.872494 0.905668 0.881056 0.871367 1.14869 1.25688 1.09304 1.12217 0.9589 0.898172 0.914709 0.983513 0.856757 4.1888 1.08897 1.21288 1.34902 1.15412 1.11809 1.05897 1.06502 1.05597 
RBFBell_iters9_phase_shifts2_Naive_full_pi_is_0
 1.41163 1.31859 1.74535 1.79359 1.05169 0.958805 0.963713 1.10085 1.0493 0.698218 1.18052 1.00962 1.02358 1.13461 1.24932 1.19952 1.22904 1.24617 1.59808 1.5244 1.32934 1.38011 1.35476 1.1005 1.19091 1.1931 0.969117 1.29628 0.881427 1.57183 1.57072 1.74633 1.50562 1.31941 1.5754 1.4197 
RBFGaussian_iters9_phase_shifts2_Naive_full_pi_is_0
 1.41163 1.31859 1.74535 1.79359 1.05169 0.958805 0.963713 1.10085 1.0493 0.698218 1.18052 1.00962 1.02358 1.13461 1.24932 1.19952 1.22904 1.24617 1.59808 1.5244 1.32934 1.38011 1.35476 1.1005 1.19091 1.1931 0.969117 1.29628 0.881427 1.57183 1.57072 1.74633 1.50562 1.31941 1.5754 1.4197 
RBFTPS_iters7_phase_shifts5_Naive_full_pi_is_0
 1.29483 1.68172 1.79461 1.95884 1.11655 1.19635 1.18299 1.15426 1.59893 0.46596 0.569754 0.660495 1.0195 1.06679 1.03757 1.01936 1.05754 1.05089 1.41156 1.43026 1.185 1.33063 1.15226 0.865747 0.989534 0.988705 0.987606 1.75209 0.70881 1.57419 1.37328 1.87401 1.72608 1.59931 1.53881 1.56928 
RBFTPS_iters9_phase_shifts4_Naive_full_pi_is_0
 1.42511 1.4289 1.37727 1.46697 1.44471 1.18187 1.31763 1.47003 1.84703 0.412638 0.570919 0.601383 1.06675 1.10851 1.06264 1.10325 1.04124 1.1349 1.36754 1.50628 1.19778 1.33856 1.19376 0.993069 0.990946 1.0168 0.969969 1.04854 1.09131 1.52193 1.40568 1.85716 1.81363 1.73722 1.66168 1.55188 
RBFMultiquadricManual_iters6_phase_shifts6_NaiveFTFracDir_full_pi_is_0
 0.943314 0.87493 0.919348 1.10201 0.910112 0.864712 0.781266 0.755508 0.833009 2.10135 3.91832 1.71859 1.14837 1.35685 1.32008 1.30597 1.2026 1.38742 0.854655 1.15357 1.14451 1.18863 1.02816 1.13535 1.15964 1.07903 1.0432 1.06329 1.09241 1.18402 1.23646 1.00444 1.08603 1.06886 1.06281 1.09255 
RBFTPS_iters8_phase_shifts3_Naive_full_pi_is_0
 1.4402 1.8156 1.91172 1.70773 1.59929 1.67952 1.42801 1.3327 1.66008 0.419511 0.560258 0.575891 0.987419 1.05774 1.01169 0.993647 0.941157 1.05934 1.31929 1.44464 1.24116 1.27742 1.11933 1.00966 0.964682 0.944538 0.931824 1.07545 0.777587 1.46068 1.44706 1.76186 1.69127 1.53873 1.51793 1.48175 
RBFMultiquadricManual_iters6_phase_shifts7_NaiveFTFracDir_full_pi_is_0
 0.917128 0.717992 0.799664 0.955687 0.863212 0.806296 0.793222 0.75491 0.882881 2.21094 4.49486 1.34701 1.00789 1.13255 1.2139 1.20704 1.13169 1.27602 0.819817 1.13546 1.11592 1.1736 1.01912 1.02324 1.16103 1.03345 0.990782 0.975152 0.941551 1.23828 1.22972 0.989158 1.03331 1.02188 1.06754 1.12847 
RBFTPS_iters5_phase_shifts7_Naive_full_pi_is_0
 1.30316 1.36986 1.39355 1.37294 1.34089 1.38862 1.38818 1.36794 1.63198 0.549665 0.529512 0.788281 0.936278 0.965853 1.01213 0.940505 0.989312 0.991626 1.44975 1.39831 1.27287 1.30601 1.14598 0.938992 1.04969 0.977382 1.00051 2.92391 0.89155 1.38472 1.35769 1.67291 1.61206 1.42899 1.43814 1.4412 
RBFMultiquadricAuto_iters3_phase_shifts6_Naive_full_pi_is_0
 1.04649 1.00332 1.0792 1.2739 1.07074 1.135 1.12943 1.03645 1.66726 0.974295 0.93361 1.21974 1.55275 1.37675 1.32911 1.36 1.17633 1.18103 1.17204 1.26837 1.18944 1.2256 1.13646 1.12091 1.04892 1.1682 1.24197 0.835859 1.18355 1.98789 1.71982 1.75594 1.73267 1.59852 1.65819 1.60476 
RBFMultiquadricManual_iters7_phase_shifts2_NaiveFTFracDir_full_pi_is_1
 0.791975 0.85444 0.835434 0.962384 1.07184 1.02468 0.95348 1.02019 0.742075 2.96993 1.66937 2.16116 1.78022 1.86772 1.83177 1.6978 1.58086 1.60496 0.668256 0.771038 0.861309 0.941627 1.33792 1.28943 1.19074 1.16444 1.15448 0.583185 1.44059 0.992226 1.2547 0.926765 0.982649 0.984743 0.996694 1.01912 
IDW_iters6_phase_shifts5_Naive_full_pi_is_0
 2.01862 1.54669 1.50296 1.66317 1.44731 1.1786 1.17996 1.13693 1.1835 0.432199 0.592994 0.575849 1.01266 0.943406 1.05851 1.04434 1.07776 1.11076 1.98244 1.72571 1.418 1.44925 1.27997 1.02234 0.9634 1.07307 1.0763 1.09106 0.723697 1.62025 1.28039 1.88878 1.6273 1.47258 1.48682 1.41343 
RBFMultiquadricManual_iters5_phase_shifts5_NaiveFTFracDir_full_pi_is_1
 0.765271 0.858126 0.834584 0.781224 0.883699 0.866579 0.865851 0.884277 1.0453 3.19615 1.95422 2.45843 1.94293 1.83952 1.77076 1.7231 1.55895 1.61696 0.726291 0.746773 1.01531 0.822436 1.12024 1.10919 1.14891 1.03799 1.04245 0.414034 1.04052 0.857769 1.12669 1.10716 0.952132 0.926555 0.971757 0.973243 
RBFMultiquadricManual_iters6_phase_shifts6_NaiveFTFracDir_full_pi_is_1
 0.986655 1.10692 1.15055 0.963864 1.01846 0.964357 0.97571 1.0625 0.937999 1.90441 3.24158 1.99632 1.83164 1.80814 1.58498 1.58476 1.5122 1.54945 0.762234 0.778495 1.01002 0.833304 0.95672 1.08185 1.36748 1.12025 1.15886 0.519065 1.13558 1.05668 1.09439 1.05237 1.00092 1.02521 1.00805 0.994648 
RBFMultiquadricManual_iters7_phase_shifts4_NaiveFTFracDir_full_pi_is_1
 0.769988 1.20055 1.23325 1.05415 1.01834 0.934692 0.950536 1.06261 0.951992 2.06707 3.87431 2.03592 1.34171 1.43222 1.49103 1.45042 1.39755 1.26537 0.7779 0.730907 0.974135 0.83636 0.993709 1.25713 1.22872 1.19869 1.10564 0.727181 0.976804 0.920775 1.01304 0.858884 0.99749 0.996282 1.01863 1.07071 
RBFMultiquadricManual_iters8_phase_shifts4_NaiveFTFracDir_full_pi_is_1
 0.804323 1.25553 1.28907 1.08515 0.955329 0.915962 0.927049 1.07026 0.922126 2.03381 3.49543 1.84256 1.29045 1.40306 1.45125 1.44864 1.44302 1.36573 0.854436 0.770571 0.762798 0.995381 1.06804 1.42708 1.48155 1.3406 1.24487 0.893808 1.01479 1.17315 1.16689 0.849101 1.12059 1.1099 1.13115 1.1452 
RBFMultiquadricAuto_iters3_phase_shifts7_Naive_full_pi_is_0
 1.04831 0.988218 1.04334 1.24334 1.05949 1.10489 1.09465 1.01118 1.67601 1.01926 0.971149 1.29791 1.56346 1.44632 1.39478 1.45799 1.32099 1.19777 1.216 1.30388 1.24178 1.27284 1.17082 1.12564 1.05986 1.2065 1.26064 0.726158 1.2112 1.98073 1.73227 1.70264 1.75181 1.61283 1.64884 1.61849 
RBFMultiquadricAuto_iters7_phase_shifts2_Naive_full_pi_is_0
 1.50916 1.43419 1.53238 1.89698 0.910706 0.912254 0.903442 1.11664 1.29606 0.96485 1.07522 1.01037 1.25806 1.23284 1.26221 1.29334 1.22259 1.25561 1.23984 1.49308 1.28811 1.31916 1.23657 1.22987 1.2017 1.30123 1.14365 1.08806 0.999509 1.39139 1.45142 1.83878 1.71606 1.64415 1.61736 1.68151 
RBFMultiquadricAuto_iters3_phase_shifts8_Naive_full_pi_is_0
 1.06143 1.03228 1.14704 1.27804 1.08688 1.13056 1.07497 1.04569 1.68354 1.01038 0.990827 1.27706 1.58985 1.43725 1.38562 1.44764 1.32479 1.20701 1.18771 1.27845 1.22665 1.25913 1.12719 1.12761 1.06268 1.20496 1.26077 0.740897 1.19668 1.97814 1.73909 1.74813 1.75547 1.62302 1.66121 1.62367 
RBFMultiquadricManual_iters7_phase_shifts8_NaiveFTFracDir_full_pi_is_1
 0.803484 1.17681 1.18511 1.0378 1.09918 0.990986 0.993652 0.966557 0.932187 2.83018 3.19056 2.00576 1.62739 1.69482 1.53103 1.51127 1.41209 1.37696 0.79475 0.768656 0.790424 0.828638 1.01253 1.28695 1.3093 1.21685 1.14067 0.649213 1.00333 0.933473 0.984119 1.03534 0.999419 1.12209 1.02337 1.00186 
RBFTPS_iters8_phase_shifts4_Naive_full_pi_is_0
 1.27108 1.93694 1.93608 1.87039 1.53879 1.54819 1.32266 1.43563 1.88619 0.372956 0.53249 0.567785 1.00968 1.06096 1.04605 1.06651 1.008 1.10429 1.32788 1.45425 1.15656 1.30257 1.16006 1.01809 0.95803 0.980606 0.970169 1.41076 0.716228 1.47252 1.47634 1.83595 1.71895 1.60326 1.49251 1.4897 
RBFMultiquadricManual_iters7_phase_shifts6_NaiveFTFracDir_full_pi_is_1
 0.988086 1.24737 1.24563 1.02388 1.02637 1.00206 1.01206 1.08976 1.01886 1.89067 3.40214 2.09533 1.81465 1.75352 1.67983 1.58839 1.52028 1.56975 0.702219 0.730906 0.799099 0.871234 1.0133 1.30144 1.27469 1.19201 1.19537 0.475091 1.18967 0.919439 0.94626 1.02517 0.988035 0.975595 1.01095 0.995101 
RBFMultiquadricAuto_iters3_phase_shifts9_Naive_full_pi_is_0
 1.06429 1.07076 1.12455 1.27368 1.09063 1.07027 1.0914 1.09158 1.68912 1.02811 1.01174 1.26238 1.60749 1.45101 1.39788 1.45914 1.31758 1.19887 1.17994 1.27504 1.22702 1.25666 1.13007 1.10796 1.0638 1.20822 1.26438 0.843465 1.14868 1.99911 1.7461 1.76233 1.77244 1.63718 1.65705 1.63667 
RBFMultiquadricManual_iters3_phase_shifts3_NaiveFTFracDir_full_pi_is_0
 0.906401 0.607192 0.589993 0.681825 0.828102 0.857146 0.85361 0.929415 0.899135 2.724 3.27904 2.55793 1.98218 1.8872 1.7568 1.67427 1.51561 1.5227 0.787602 0.984604 1.03521 1.06454 0.943483 0.835446 0.910293 0.796013 0.92167 1.2245 1.16896 0.90501 0.984832 0.871101 0.834032 0.859601 0.864868 0.870488 
RBFMultiquadricManual_iters5_phase_shifts8_NaiveFTFracDir_full_pi_is_0
 1.37869 0.804447 0.833268 0.972375 0.886359 0.761286 0.823501 0.792071 0.90003 2.16748 4.68602 1.34458 1.09376 1.37285 1.33607 1.3041 1.16811 1.37279 0.87064 1.07163 1.0798 1.11389 0.966095 0.938076 1.14232 0.94609 0.975695 0.601983 1.10692 1.15606 1.21596 0.989832 1.01862 1.01349 1.01591 1.07544 
RBFMultiquadricManual_iters9_phase_shifts9_NaiveFTFracDir_full_pi_is_1
 1.01999 1.51854 1.35081 1.15744 0.825288 0.778107 0.825109 0.851505 0.962248 2.10998 3.94454 1.60494 1.48079 1.51759 1.36846 1.46042 1.36446 1.33024 0.907343 0.80141 0.934501 0.856003 0.887067 1.33539 1.53569 1.37725 1.21803 0.687999 1.01422 0.980279 1.01052 0.849576 0.989782 1.09708 1.11616 1.09311 
IDW_iters7_phase_shifts3_Naive_full_pi_is_0
 2.37079 1.79396 1.78403 1.79253 1.07492 1.16326 1.22366 1.24403 1.18936 0.448251 0.620644 0.703099 1.03187 1.10832 1.06501 1.07934 1.12409 1.19812 1.88501 1.88641 1.50273 1.52523 1.27246 1.19993 1.10778 1.15644 1.15875 1.28642 0.784281 1.30624 1.21127 1.50007 1.50243 1.39905 1.56072 1.39355 
RBFGaussian_iters5_phase_shifts7_Naive_full_pi_is_0
 1.27608 1.67149 1.82039 1.50216 1.40801 1.13629 1.21679 1.22252 1.23656 0.928382 0.870272 0.862577 1.19228 1.21811 1.19398 1.17216 1.18977 1.15995 2.26346 1.68049 1.20119 1.29902 1.27732 1.00305 1.13412 1.03826 1.04043 1.16187 0.941324 1.72973 1.46602 1.82614 1.63478 1.59561 1.39257 1.44572 
RBFBell_iters5_phase_shifts7_Naive_full_pi_is_0
 1.27608 1.67149 1.82039 1.50216 1.40801 1.13629 1.21679 1.22252 1.23656 0.928382 0.870272 0.862577 1.19228 1.21811 1.19398 1.17216 1.18977 1.15995 2.26346 1.68049 1.20119 1.29902 1.27732 1.00305 1.13412 1.03826 1.04043 1.16187 0.941324 1.72973 1.46602 1.82614 1.63478 1.59561 1.39257 1.44572 
RBFTPS_iters7_phase_shifts8_Naive_full_pi_is_0
 1.34462 1.50838 1.58304 1.62445 1.33925 1.48799 1.462 1.46687 1.94853 0.480492 0.496223 0.545346 1.0426 1.00524 1.03486 1.01475 1.03935 1.03321 1.47013 1.47573 1.21313 1.28311 1.16523 0.885681 1.00787 1.00371 0.988655 2.26612 1.05685 1.49678 1.33483 1.89666 1.7804 1.66177 1.55479 1.56963 
RBFGaussian_iters5_phase_shifts8_Naive_full_pi_is_0
 1.29195 1.76973 1.73898 1.6352 1.37386 1.18552 1.25947 1.25837 1.26224 0.533183 0.678133 0.73447 1.02221 1.0501 1.06685 1.03258 1.08264 1.06266 2.31184 1.62047 1.20648 1.30454 1.24433 1.01836 1.15774 1.05542 1.03853 1.82641 1.11215 1.72213 1.4636 1.81311 1.62795 1.59628 1.38144 1.4066 
RBFBell_iters5_phase_shifts8_Naive_full_pi_is_0
 1.29195 1.76973 1.73898 1.6352 1.37386 1.18552 1.25947 1.25837 1.26224 0.533183 0.678133 0.73447 1.02221 1.0501 1.06685 1.03258 1.08264 1.06266 2.31184 1.62047 1.20648 1.30454 1.24433 1.01836 1.15774 1.05542 1.03853 1.82641 1.11215 1.72213 1.4636 1.81311 1.62795 1.59628 1.38144 1.4066 
RBFMultiquadricManual_iters9_phase_shifts5_NaiveFTFracDir_full_pi_is_1
 1.01933 1.23326 1.25737 1.17532 1.02513 0.99517 1.04221 1.01067 0.929245 1.69394 3.89479 1.75219 1.56784 1.72691 1.56288 1.5516 1.47616 1.51779 0.771336 0.76026 0.811047 0.676587 1.04471 1.26695 1.39181 1.29424 1.17033 0.595898 1.06124 1.18302 1.07062 1.08397 1.05023 1.05407 1.09472 1.09117 
RBFBell_iters8_phase_shifts2_Naive_full_pi_is_0
 2.20096 2.04835 1.80129 1.81334 1.072 1.07586 1.07726 1.06491 1.06682 0.662683 1.01346 0.962715 1.0295 1.14915 1.19944 1.17594 1.23944 1.18945 1.78563 1.46889 1.29136 1.30962 1.30871 1.07936 1.27355 1.12843 0.980723 2.43359 0.748798 1.29032 1.37637 1.47409 1.27763 1.20493 1.45653 1.34116 
RBFGaussian_iters8_phase_shifts2_Naive_full_pi_is_0
 2.20096 2.04835 1.80129 1.81334 1.072 1.07586 1.07726 1.06491 1.06682 0.662683 1.01346 0.962715 1.0295 1.14915 1.19944 1.17594 1.23944 1.18945 1.78563 1.46889 1.29136 1.30962 1.30871 1.07936 1.27355 1.12843 0.980723 2.43359 0.748798 1.29032 1.37637 1.47409 1.27763 1.20493 1.45653 1.34116 
RBFMultiquadricManual_iters2_phase_shifts9_Naive_full_pi_is_0
 0.991858 0.769063 0.835917 0.794788 0.993812 1.03027 1.03649 1.25954 1.24807 2.37765 1.80508 2.14407 1.86396 1.74849 1.73124 1.63518 1.47012 1.59031 0.888912 1.06316 0.998867 1.02165 0.960141 0.870751 0.80177 0.882459 1.01834 0.719195 2.19723 1.84761 1.44066 1.4234 1.32001 1.20634 1.18067 1.23157 
RBFMultiquadricManual_iters2_phase_shifts8_Naive_full_pi_is_0
 0.990219 0.7618 0.769999 0.807217 0.979726 1.01672 1.03328 1.25006 1.23245 2.42998 1.83633 2.19188 1.87118 1.76785 1.73821 1.6428 1.46227 1.59104 0.887588 1.06093 0.997626 1.02186 1.03985 0.865825 0.797289 0.878067 1.01385 0.711453 2.20557 1.79597 1.4399 1.42028 1.31393 1.20169 1.17589 1.22678 
RBFMultiquadricManual_iters8_phase_shifts5_NaiveFTFracDir_full_pi_is_1
 0.668827 1.01652 1.03219 1.02112 0.836479 0.814354 0.797327 0.96797 0.950842 1.69615 4.39882 1.65766 1.67473 1.76191 1.53905 1.53908 1.46253 1.54344 0.708423 0.671981 0.684678 0.740751 0.969684 1.38976 1.43853 1.28725 1.16085 0.632499 1.12421 1.1536 1.07424 1.06791 1.03481 1.02769 1.04453 1.03035 
Makima_iters6_phase_shifts9_Naive_full_pi_is_0
 1.15838 1.97542 1.89733 1.60249 1.76107 1.46669 1.39256 1.3364 1.64159 0.375836 0.489407 0.769315 0.842462 0.87837 0.935171 0.853452 0.849394 0.860437 1.18811 1.26853 1.10081 1.11831 0.953459 0.952995 0.869151 0.944497 1.01755 4.33992 1.13641 1.24314 1.09293 1.0452 1.0781 1.07967 1.03135 1.07102 
RBFTPS_iters9_phase_shifts5_Naive_full_pi_is_0
 1.39449 1.63116 1.57687 1.76407 1.47849 1.68781 1.67739 1.47076 1.9512 0.470113 0.574544 0.61077 1.17389 1.18054 1.14697 1.13371 1.1682 1.20145 1.44276 1.53701 1.22832 1.37057 1.21457 0.931905 1.01046 1.04464 0.986244 1.08083 0.943354 1.58168 1.32554 1.74574 1.83046 1.75335 1.66407 1.49265 
RBFGaussian_iters7_phase_shifts3_Naive_full_pi_is_0
 1.73318 1.53703 1.51815 1.54278 1.01284 1.13123 1.12984 1.13661 1.15597 0.809663 1.00208 1.01722 1.23459 1.2199 1.29369 1.21642 1.28671 1.26827 1.98497 1.55637 1.28583 1.38687 1.53112 1.00083 1.24875 1.10904 1.00187 0.594069 0.916752 1.88489 1.74012 1.9869 1.63315 1.64016 1.56414 1.49201 
RBFBell_iters7_phase_shifts3_Naive_full_pi_is_0
 1.73318 1.53703 1.51815 1.54278 1.01284 1.13123 1.12984 1.13661 1.15597 0.809663 1.00208 1.01722 1.23459 1.2199 1.29369 1.21642 1.28671 1.26827 1.98497 1.55637 1.28583 1.38687 1.53112 1.00083 1.24875 1.10904 1.00187 0.594069 0.916752 1.88489 1.74012 1.9869 1.63315 1.64016 1.56414 1.49201 
RBFTPS_iters7_phase_shifts7_Naive_full_pi_is_0
 1.31691 1.63181 1.75596 1.70081 1.33618 1.45492 1.45593 1.46721 1.96785 0.492627 0.556189 0.574023 1.04796 1.02002 1.0419 1.04298 1.06066 1.06308 1.45703 1.46213 1.18133 1.33399 1.15248 0.871745 0.995439 0.988404 0.978879 2.32826 1.05887 1.50475 1.36755 1.89257 1.73148 1.64352 1.57146 1.58621 
RBFMultiquadricManual_iters5_phase_shifts4_NaiveFTFracDir_full_pi_is_0
 0.922064 0.715612 0.717739 0.911765 0.799282 0.823556 0.787219 0.717241 0.845988 1.77331 5.44242 1.50735 1.27175 1.35722 1.21428 1.25581 1.16306 1.32346 0.761802 0.965834 1.01211 1.07008 0.938809 0.961035 1.06057 0.938319 0.988066 0.916703 1.15432 0.992429 1.07745 0.870438 0.90938 0.934383 0.945556 0.995776 
RBFBell_iters6_phase_shifts4_Naive_full_pi_is_0
 1.72259 1.76917 1.83667 1.57058 1.40016 1.22167 1.22614 1.11197 1.23002 0.53724 0.812208 0.824305 1.11475 1.16972 1.15072 1.12267 1.14534 1.1108 1.83477 1.67328 1.36504 1.48038 1.36683 0.984319 1.12535 1.07308 1.06344 1.38901 0.950559 1.86074 1.45928 1.91756 1.59076 1.67865 1.50895 1.52648 
RBFGaussian_iters6_phase_shifts4_Naive_full_pi_is_0
 1.72259 1.76917 1.83667 1.57058 1.40016 1.22167 1.22614 1.11197 1.23002 0.53724 0.812208 0.824305 1.11475 1.16972 1.15072 1.12267 1.14534 1.1108 1.83477 1.67328 1.36504 1.48038 1.36683 0.984319 1.12535 1.07308 1.06344 1.38901 0.950559 1.86074 1.45928 1.91756 1.59076 1.67865 1.50895 1.52648 
RBFTPS_iters6_phase_shifts7_Naive_full_pi_is_0
 1.47103 1.58892 1.5127 1.42148 1.38185 1.44643 1.44288 1.4146 1.67251 0.484857 0.542448 0.79169 0.979366 0.970333 1.05524 0.969188 1.01006 1.02078 1.46387 1.42624 1.16877 1.31351 1.15272 0.998648 0.984244 0.964706 0.990844 3.17807 0.946924 1.53033 1.37026 1.79083 1.7132 1.524 1.52234 1.48112 
RBFMultiquadricManual_iters8_phase_shifts6_NaiveFTFracDir_full_pi_is_1
 0.828459 1.10921 1.17722 1.0568 1.07584 0.976294 1.00216 1.01054 0.925856 1.75547 3.87707 1.80244 1.86113 1.82849 1.71984 1.64371 1.56701 1.62121 0.663115 0.650186 0.662841 1.03946 0.852776 1.31675 1.37884 1.27557 1.23967 0.580381 1.1902 1.10284 1.04729 0.840307 1.08623 1.07778 1.1153 1.08267 
RBFMultiquadricManual_iters2_phase_shifts7_Naive_full_pi_is_0
 0.98309 0.751238 0.75415 0.795201 0.968624 0.999652 1.02338 1.23611 1.25329 2.43277 1.84758 2.18045 1.92154 1.78741 1.75469 1.69973 1.45761 1.63448 0.885697 1.06038 0.999872 1.02333 1.00757 0.860874 0.792115 0.872937 1.0119 0.700639 2.26777 1.80329 1.47168 1.41654 1.31318 1.19736 1.17149 1.23196 
RBFTPS_iters6_phase_shifts8_Naive_full_pi_is_0
 1.47032 1.73287 1.72203 1.53943 1.45822 1.50054 1.4861 1.47349 1.7237 0.458745 0.505161 0.813851 1.00479 1.00915 1.09803 0.994022 1.03533 1.05054 1.47492 1.47598 1.22175 1.36554 1.18313 1.09875 1.09013 1.04887 1.04215 2.4159 0.957191 1.55104 1.36917 1.81637 1.73749 1.54557 1.53791 1.50835 
IDW_iters6_phase_shifts6_Naive_full_pi_is_0
 2.04849 1.53025 1.68358 1.69717 1.1922 1.44826 1.24145 1.18006 1.26802 0.5179 0.653133 0.602414 1.0995 1.07931 1.09431 1.12686 1.14405 1.17897 2.03492 1.7964 1.38862 1.41956 1.31404 1.02108 0.970208 1.10718 1.09191 1.17042 0.996801 1.80137 1.44112 1.90158 1.74998 1.60182 1.56575 1.46811 
Makima_iters8_phase_shifts5_Naive_full_pi_is_0
 1.13737 2.12804 2.223 1.76726 1.60703 1.42923 1.44552 1.43145 1.2331 0.404664 0.729674 0.941997 0.892254 0.79956 0.965483 0.995238 0.876906 0.964629 1.1676 1.24141 1.09839 1.09493 1.01086 0.827094 0.773894 0.991199 0.993646 3.57852 1.04787 1.80285 1.43523 1.414 1.30953 1.26411 1.2136 1.22993 
RBFTPS_iters8_phase_shifts6_Naive_full_pi_is_0
 1.27684 1.7903 1.81852 1.72152 1.49276 1.63043 1.62462 1.60112 2.09232 0.459945 0.526879 0.544562 1.00822 1.05199 1.02785 1.0336 1.04968 1.10872 1.4459 1.48167 1.17778 1.32634 1.15633 0.903056 0.974634 1.02163 0.988575 1.34354 0.826026 1.59287 1.4225 1.91223 1.8182 1.72576 1.69965 1.60649 
RBFMultiquadricManual_iters3_phase_shifts4_NaiveFTFracDir_full_pi_is_0
 0.859997 0.677425 0.681081 0.740961 0.831388 0.785556 0.752995 0.890122 0.849138 3.1567 2.78427 2.77868 2.21723 2.06422 1.95637 1.79726 1.65784 1.58327 1.00631 1.03958 1.00775 1.05515 1.00246 0.744553 0.896289 0.772299 0.939627 0.95598 0.986062 0.950316 0.989554 0.813809 0.842034 0.860107 0.876771 0.88707 
RBFMultiquadricManual_iters9_phase_shifts6_NaiveFTFracDir_full_pi_is_1
 0.763644 1.15299 1.22711 1.09059 1.04479 0.967418 0.974815 1.03309 0.947785 1.69536 3.87907 1.79864 1.88151 1.86764 1.74744 1.65932 1.58667 1.65625 0.652452 0.520479 0.79142 0.799612 0.815751 1.39596 1.47441 1.28523 1.25189 0.611743 1.17299 1.07429 1.03548 0.836468 1.00969 1.11339 1.15621 1.10782 
RBFTPS_iters7_phase_shifts9_Naive_full_pi_is_0
 1.36486 1.5494 1.54986 1.6442 1.41388 1.57172 1.49789 1.51873 2.00497 0.454764 0.477979 0.535336 1.02474 1.12189 1.05323 1.03607 1.06571 1.05621 1.49798 1.49989 1.22401 1.28982 1.15969 0.895004 1.00275 1.01421 1.00058 2.23459 1.05538 1.50344 1.40422 1.97249 1.85043 1.72035 1.59389 1.58999 
RBFMultiquadricManual_iters2_phase_shifts2_NaiveFTFracDir_full_pi_is_0
 0.802934 0.520064 0.547918 0.57289 0.8443 0.850728 0.853213 0.97039 0.925335 3.74609 2.03534 2.67288 2.23121 2.11483 2.056 1.94544 1.77971 1.65399 0.831424 0.999808 0.958643 0.968381 1.03471 0.81248 0.773694 0.765908 0.981338 0.956956 1.16856 0.806604 0.876764 0.919882 0.722925 0.756595 0.777718 0.776369 
RBFGaussian_iters5_phase_shifts5_Naive_full_pi_is_0
 1.28148 1.68675 1.79648 1.54177 1.2914 1.14573 1.14493 1.04102 1.16091 0.672533 0.82055 0.784759 1.17919 1.21361 1.18119 1.12833 1.14943 1.18626 2.46759 1.68731 1.34718 1.4242 1.34071 0.990793 1.07489 0.991094 0.999111 2.68062 1.03391 1.53288 1.32536 1.63692 1.47063 1.48512 1.3066 1.35873 
RBFBell_iters5_phase_shifts5_Naive_full_pi_is_0
 1.28148 1.68675 1.79648 1.54177 1.2914 1.14573 1.14493 1.04102 1.16091 0.672533 0.82055 0.784759 1.17919 1.21361 1.18119 1.12833 1.14943 1.18626 2.46759 1.68731 1.34718 1.4242 1.34071 0.990793 1.07489 0.991094 0.999111 2.68062 1.03391 1.53288 1.32536 1.63692 1.47063 1.48512 1.3066 1.35873 
RBFTPS_iters8_phase_shifts5_Naive_full_pi_is_0
 1.27133 1.90059 1.91552 1.98075 1.50551 1.61509 1.60411 1.52602 1.95895 0.457752 0.533259 0.54507 1.01677 1.07604 1.03671 1.0404 1.05799 1.11826 1.36499 1.49503 1.2109 1.3561 1.18905 0.9131 0.991002 1.03267 0.995877 1.34913 0.984885 1.66765 1.40239 1.97705 1.75962 1.66475 1.53079 1.54771 
RBFBell_iters5_phase_shifts9_Naive_full_pi_is_0
 1.28908 1.78623 1.66718 1.58634 1.35968 1.1856 1.23367 1.27828 1.25281 0.615563 0.77853 0.732627 1.18017 1.18164 1.18329 1.13838 1.16233 1.14667 2.51292 1.61073 1.22747 1.31516 1.27707 1.09761 1.20354 1.10435 1.07934 1.64482 1.11406 1.7357 1.51732 1.80895 1.6417 1.6419 1.4093 1.47531 
RBFGaussian_iters5_phase_shifts9_Naive_full_pi_is_0
 1.28908 1.78623 1.66718 1.58634 1.35968 1.1856 1.23367 1.27828 1.25281 0.615563 0.77853 0.732627 1.18017 1.18164 1.18329 1.13838 1.16233 1.14667 2.51292 1.61073 1.22747 1.31516 1.27707 1.09761 1.20354 1.10435 1.07934 1.64482 1.11406 1.7357 1.51732 1.80895 1.6417 1.6419 1.4093 1.47531 
RBFTPS_iters9_phase_shifts6_Naive_full_pi_is_0
 1.431 1.48554 1.50783 1.74096 1.61773 1.69177 1.68285 1.65953 2.18017 0.514595 0.583065 0.544088 1.12918 1.15189 1.14189 1.1315 1.17586 1.19715 1.43161 1.52389 1.18562 1.33373 1.15479 0.911838 0.995639 1.02782 0.973384 1.35423 0.986275 1.6355 1.37316 1.82263 1.80147 1.72753 1.57848 1.54107 
RBFMultiquadricManual_iters4_phase_shifts4_NaiveFTFracDir_full_pi_is_0
 1.08416 0.797191 0.821581 0.834325 0.809837 0.837914 0.864187 0.914377 0.779499 2.04902 4.73199 2.20792 1.61311 1.7066 1.42408 1.52522 1.36903 1.49273 0.735308 0.960465 1.08526 1.14106 0.992213 0.971575 0.989144 0.842 0.985486 1.0165 1.14552 0.973616 1.0669 0.850484 0.875273 0.898695 0.912409 0.947574 
RBFMultiquadricManual_iters2_phase_shifts6_Naive_full_pi_is_0
 0.972572 0.66591 0.731864 0.815256 0.961894 0.97231 0.994063 1.21363 1.22544 2.55181 1.87137 2.26143 1.96647 1.83695 1.82175 1.71373 1.49755 1.6102 0.884046 1.06358 0.999074 1.02478 0.975707 0.854651 0.786425 0.859054 0.979955 0.688853 2.29128 1.82467 1.47543 1.46562 1.30357 1.19332 1.1745 1.2207 
RBFMultiquadricManual_iters5_phase_shifts3_NaiveFTFracDir_full_pi_is_1
 0.91578 1.15089 1.16759 1.11046 1.03451 0.987559 0.980235 1.23228 1.19845 2.85219 4.80238 1.31717 1.04207 1.11843 1.01687 1.1317 1.1151 1.08216 0.736139 0.799476 0.932343 0.88923 0.953542 0.968481 1.06132 0.981114 1.11219 0.754961 1.2053 1.06043 1.35234 1.05263 1.07942 1.03959 1.05251 1.06562 
RBFMultiquadricAuto_iters8_phase_shifts2_Naive_full_pi_is_0
 2.17967 1.31809 1.39636 1.94908 0.919956 0.928131 0.932717 1.19789 1.38027 0.955629 1.1643 1.02226 1.31528 1.26348 1.29555 1.29294 1.22432 1.2931 1.38301 1.56904 1.35419 1.37773 1.24297 1.23402 1.28095 1.33378 1.14514 1.10478 1.06771 1.43213 1.29075 1.81139 1.89136 1.78316 1.72367 1.77326 
RBFMultiquadricManual_iters7_phase_shifts4_NaiveFTFracDir_full_pi_is_0
 1.47533 0.953122 0.975536 0.962427 0.837715 0.816662 0.822688 0.778375 0.829849 1.8733 4.99106 1.45246 1.03052 1.23486 1.19626 1.10067 1.13708 1.27904 0.808958 1.12783 1.13555 1.17524 1.03672 1.10773 1.22622 1.0779 1.0414 0.943042 1.4327 1.19328 1.35813 1.00511 1.0496 1.05471 1.06557 1.14703 
RBFMultiquadricManual_iters8_phase_shifts8_NaiveFTFracDir_full_pi_is_1
 0.89251 1.28513 1.30116 1.10869 1.0504 0.956246 0.966884 0.974639 0.99934 2.68588 4.11786 1.65929 1.42484 1.58663 1.42118 1.42786 1.37333 1.3633 0.809211 0.781939 0.860165 0.87914 1.0566 1.2809 1.3832 1.26328 1.04906 0.803852 1.0168 1.10275 1.12639 0.897146 1.12306 1.09531 1.14106 1.10576 
RBFMultiquadricManual_iters6_phase_shifts9_NaiveFTFracDir_full_pi_is_0
 0.902514 0.806667 0.82121 1.00308 0.868163 0.807272 0.814507 0.787617 0.903374 1.62962 5.11187 1.40829 1.22491 1.44774 1.40729 1.3708 1.27722 1.45815 0.744054 1.07375 1.11265 1.15087 0.98328 1.05774 1.10507 1.04321 1.01779 0.613967 1.17626 1.30556 1.30611 1.06561 1.12245 1.11265 1.12389 1.18093 
RBFMultiquadricManual_iters4_phase_shifts5_NaiveFTFracDir_full_pi_is_0
 1.12369 0.667385 0.818551 0.737911 0.912016 0.8727 0.892264 0.823196 0.898235 1.54011 5.67517 1.53952 1.12166 1.23828 1.16247 1.15213 1.0531 1.22758 0.869894 1.1314 1.11305 1.15149 1.01422 1.00706 1.05494 0.906234 0.966231 1.13101 1.07756 1.04208 1.04528 0.883667 0.896099 0.891877 0.926089 0.946884 
RBFMultiquadricManual_iters5_phase_shifts9_NaiveFTFracDir_full_pi_is_0
 1.32546 0.76378 0.913701 0.93111 0.869591 0.758219 0.766357 0.758962 0.899125 1.62281 4.961 1.6278 1.50802 1.56846 1.53932 1.52269 1.38137 1.58247 0.876679 1.07511 1.08423 1.12644 0.972095 0.943871 1.13485 0.929716 0.946037 0.519449 1.02696 1.21947 1.25192 1.01461 1.03872 1.03479 1.04524 1.09725 
IDW_iters6_phase_shifts7_Naive_full_pi_is_0
 2.08611 1.86169 2.01613 1.8786 1.56161 1.30078 1.30239 1.20431 1.32873 0.537889 0.627006 0.625736 1.10299 1.0852 1.08133 1.111 1.11716 1.15621 2.0242 1.81891 1.40672 1.43541 1.31327 0.998331 0.944764 1.04063 1.09007 1.0778 0.739539 1.70055 1.36762 1.85034 1.69817 1.61854 1.56913 1.46991 
Makima_iters7_phase_shifts8_Naive_full_pi_is_0
 1.22589 2.73615 2.18809 1.92122 1.6017 1.59485 1.49837 1.50637 1.28934 0.392375 0.613357 0.79552 0.883218 0.839399 0.991527 0.958952 0.950629 0.934437 1.15584 1.24218 1.09365 1.08504 1.04476 0.899177 0.772248 0.932805 1.00522 3.08374 1.46161 2.02922 0.953075 1.58919 1.362 1.30315 1.18363 1.19699 
RBFMultiquadricManual_iters3_phase_shifts2_NaiveFTFracDir_full_pi_is_0
 0.907958 0.593763 0.658093 0.655194 0.772135 0.823677 0.82275 0.89217 0.779705 3.82501 2.76492 2.26397 2.23258 2.09234 1.9202 1.85183 1.74104 1.63101 0.72663 0.842373 0.977787 1.01002 0.987557 0.778889 0.922622 0.919654 1.08924 0.971112 1.34819 0.882975 0.948857 0.78705 0.76692 0.82077 0.858768 0.84947 
Makima_iters8_phase_shifts4_Naive_full_pi_is_0
 1.13006 1.11844 1.01435 1.1719 0.937332 0.997535 0.984794 0.991451 0.84259 0.391932 0.608472 0.784203 0.910775 0.9121 0.94977 1.00666 0.902877 0.933982 1.16347 1.27103 1.09907 1.07987 1.09045 0.790903 0.82807 0.991895 1.00261 5.31589 1.04961 1.72467 1.65381 1.60633 1.43426 1.33536 1.27372 1.29037 
RBFMultiquadricManual_iters4_phase_shifts2_NaiveFTFracDir_full_pi_is_0
 1.0021 0.651811 0.713972 0.710676 0.710753 0.755834 0.754691 0.755263 0.76711 2.42882 4.6417 1.9727 1.77714 1.68235 1.65817 1.64206 1.40102 1.43109 0.734324 0.954374 1.03981 1.07061 0.968595 1.01736 1.02878 0.995648 1.10386 1.24287 1.4764 0.957759 1.07331 0.835755 0.828955 0.88409 0.924068 0.917194 
RBFTPS_iters6_phase_shifts9_Naive_full_pi_is_0
 1.46853 1.77366 1.79202 1.72955 1.47932 1.55279 1.51535 1.5031 1.745 0.471863 0.504027 0.80296 1.00653 1.0082 1.09578 0.993808 1.06681 1.07734 1.46786 1.47339 1.22116 1.28463 1.17224 1.09769 1.07779 1.04913 1.03693 2.7198 0.966794 1.58441 1.27761 1.84414 1.75087 1.55207 1.53118 1.51173 
RBFMultiquadricManual_iters8_phase_shifts4_NaiveFTFracDir_full_pi_is_0
 1.09225 1.14721 0.994844 0.993447 0.836973 0.81022 0.84579 0.761778 0.777135 2.34444 4.89729 1.55842 0.992107 1.20288 1.16872 1.08864 1.10414 1.20162 0.979059 1.14835 1.15404 1.18757 1.03923 1.09552 1.20669 1.07968 1.04709 0.906325 1.55724 1.22576 1.34439 1.00904 1.07224 1.08738 1.10534 1.17536 
Makima_iters9_phase_shifts6_Naive_full_pi_is_0
 1.16318 2.78867 2.21354 2.07476 1.3647 1.72667 1.64977 1.37853 1.36501 0.552029 0.823817 0.59206 0.934947 0.94722 0.949161 1.07403 0.968428 0.957727 1.13236 1.23999 1.00503 1.08184 0.888511 0.851519 0.786306 0.972025 0.987922 2.54422 1.36102 1.93842 1.20836 1.8223 1.63236 1.42572 1.35801 1.38849 
RBFMultiquadricManual_iters9_phase_shifts4_NaiveFTFracDir_full_pi_is_1
 0.772613 1.20086 1.3025 1.11531 0.941818 0.864752 0.843537 1.05833 0.808752 2.25278 4.14505 1.86012 1.3094 1.34856 1.48518 1.47343 1.49769 1.41831 1.03923 0.95728 0.842605 0.968088 1.06636 1.37786 1.47609 1.35543 1.22743 1.13243 1.03465 1.25742 1.221 1.13367 1.04875 1.22373 1.14455 1.14331 
IDW_iters6_phase_shifts8_Naive_full_pi_is_0
 2.11121 1.91752 1.557 1.85871 1.62167 1.31202 1.29425 1.23474 1.34301 0.460625 0.582096 0.571766 1.0666 1.08806 1.06182 1.09822 1.09508 1.13709 2.05429 1.83569 1.45781 1.48021 1.37576 1.02177 0.959787 1.10895 1.11448 1.07559 0.861041 1.78753 1.38163 1.91352 1.76701 1.67804 1.60839 1.51713 
Makima_iters6_phase_shifts8_Naive_full_pi_is_0
 1.1034 1.94777 1.8257 1.5628 1.74866 1.45207 1.35811 1.3548 1.6241 0.421707 0.464766 0.796028 0.879322 0.897263 0.94128 0.933587 0.926628 0.883774 1.17299 1.2652 1.09763 1.09779 0.951172 0.96311 0.884235 0.9506 1.02215 4.81693 1.09824 1.2775 1.10607 1.06687 1.08749 1.0839 1.04787 1.07508 
Makima_iters8_phase_shifts7_Naive_full_pi_is_0
 1.20555 2.26292 1.81708 1.72601 1.5311 1.64119 1.5985 1.30091 1.31595 0.433529 0.71696 0.762983 1.01497 1.08962 1.10799 1.07902 1.0098 1.04485 1.18022 1.25587 1.12015 1.1034 1.04973 0.808358 0.74468 0.9566 0.998887 3.4696 1.80364 2.0742 0.938583 1.5669 1.36821 1.32307 1.2497 1.2717 
RBFMultiquadricManual_iters4_phase_shifts9_NaiveFTFracDir_full_pi_is_0
 1.05247 0.772822 0.731883 0.91689 0.87249 0.808894 0.818738 0.961082 0.949224 1.98775 4.24711 2.3637 1.94673 1.9386 1.88624 1.77801 1.61595 1.70688 0.911635 0.993773 1.06696 1.0963 0.988018 0.890093 0.998489 0.85073 0.955067 0.616694 0.992511 1.06985 1.13007 0.947517 0.959301 0.947117 0.963988 0.999009 
RBFMultiquadricManual_iters2_phase_shifts5_Naive_full_pi_is_0
 0.963346 0.712786 0.745669 0.772744 0.960683 0.922867 0.939332 1.15599 1.17237 2.72251 1.96717 2.33051 2.08612 1.92517 2.0027 1.78451 1.55247 1.65536 0.868487 1.05874 0.97025 1.00074 0.95472 0.842796 0.784691 0.854361 0.97616 0.401441 2.29783 1.7859 1.46384 1.46228 1.27318 1.17866 1.15243 1.20418 
RBFGaussian_iters5_phase_shifts6_Naive_full_pi_is_0
 1.2764 1.79206 1.6221 1.52285 1.3169 1.144 1.19016 1.18071 1.21917 0.651525 0.716224 0.733917 1.13619 1.17232 1.13645 1.09196 1.15521 1.1282 2.52927 1.71151 1.2293 1.31621 1.25652 0.880469 0.937314 0.93262 0.984228 3.19552 0.962582 1.63452 1.38877 1.76709 1.57952 1.57535 1.36025 1.41686 
RBFBell_iters5_phase_shifts6_Naive_full_pi_is_0
 1.2764 1.79206 1.6221 1.52285 1.3169 1.144 1.19016 1.18071 1.21917 0.651525 0.716224 0.733917 1.13619 1.17232 1.13645 1.09196 1.15521 1.1282 2.52927 1.71151 1.2293 1.31621 1.25652 0.880469 0.937314 0.93262 0.984228 3.19552 0.962582 1.63452 1.38877 1.76709 1.57952 1.57535 1.36025 1.41686 
RBFMultiquadricAuto_iters4_phase_shifts4_Naive_full_pi_is_0
 1.04631 1.37523 1.46774 1.47368 1.04119 1.27058 1.27169 1.10567 1.67935 1.09527 1.29522 1.51232 1.80571 1.48702 1.46818 1.40905 1.41586 1.2914 1.71765 1.57034 1.37527 1.38807 1.21875 1.14657 1.09886 1.24557 1.24757 0.788352 0.96992 1.85646 1.52018 1.67523 1.81734 1.71941 1.63508 1.68106 
RBFMultiquadricManual_iters6_phase_shifts1_Naive_full_pi_is_1
 0.852595 0.529352 0.516658 0.443752 0.878278 0.793321 0.800047 0.677253 0.782193 2.1796 5.28369 2.20963 1.35074 1.37942 1.34041 1.37121 1.24568 1.32171 0.82812 0.801443 0.990751 1.02264 0.979979 1.04334 1.01253 0.994357 1.0707 0.597805 1.93783 1.08593 1.16796 0.926042 0.953348 0.994883 0.931575 0.941037 
RBFMultiquadricManual_iters6_phase_shifts1_NaiveFTFracDir_full_pi_is_1
 0.852595 0.529352 0.516658 0.443752 0.878278 0.793321 0.800047 0.677253 0.782193 2.1796 5.28369 2.20963 1.35074 1.37942 1.34041 1.37121 1.24568 1.32171 0.82812 0.801443 0.990751 1.02264 0.979979 1.04334 1.01253 0.994357 1.0707 0.597805 1.93783 1.08593 1.16796 0.926042 0.953348 0.994883 0.931575 0.941037 
RBFMultiquadricManual_iters6_phase_shifts1_Naive_full_pi_is_0
 0.852595 0.529352 0.516658 0.443752 0.878278 0.793321 0.800047 0.677253 0.782193 2.1796 5.28369 2.20963 1.35074 1.37942 1.34041 1.37121 1.24568 1.32171 0.82812 0.801443 0.990751 1.02264 0.979979 1.04334 1.01253 0.994357 1.0707 0.597805 1.93783 1.08593 1.16796 0.926042 0.953348 0.994883 0.931575 0.941037 
RBFMultiquadricManual_iters6_phase_shifts1_NaiveFTFracDir_full_pi_is_0
 0.852595 0.529352 0.516658 0.443752 0.878278 0.793321 0.800047 0.677253 0.782193 2.1796 5.28369 2.20963 1.35074 1.37942 1.34041 1.37121 1.24568 1.32171 0.82812 0.801443 0.990751 1.02264 0.979979 1.04334 1.01253 0.994357 1.0707 0.597805 1.93783 1.08593 1.16796 0.926042 0.953348 0.994883 0.931575 0.941037 
RBFMultiquadricManual_iters6_phase_shifts8_NaiveFTFracDir_full_pi_is_0
 0.930438 0.871146 0.903162 0.892427 0.851872 0.764546 0.786413 0.790892 0.88672 1.97155 5.23001 1.50773 1.20541 1.49255 1.44621 1.36631 1.3015 1.49241 0.794991 1.11155 1.11978 1.17167 1.01339 1.01206 1.1853 1.04883 1.02471 0.685464 1.19627 1.2477 1.29571 1.05315 1.08225 1.06269 1.0721 1.1344 
RBFMultiquadricManual_iters9_phase_shifts7_NaiveFTFracDir_full_pi_is_1
 1.01491 1.39842 1.45197 1.2214 0.943272 0.844807 0.870184 1.00909 0.995571 2.54932 2.49689 2.70217 2.1543 2.21651 1.94263 1.86274 1.79876 1.76727 0.675845 0.604224 0.80593 0.688439 0.879294 1.3753 1.46774 1.29233 1.33638 0.539904 1.02804 0.994679 0.997934 0.772205 0.963273 1.08127 1.11503 1.11408 
RBFMultiquadricManual_iters2_phase_shifts1_NaiveFTFracDir_full_pi_is_0
 0.750895 0.462751 0.498266 0.463248 0.783639 0.775646 0.778155 0.951542 0.958486 3.95452 2.46594 2.66408 2.29497 2.22993 2.06479 1.96004 1.7544 1.71322 0.715535 1.0236 0.994497 1.0046 0.962674 0.902796 0.819206 0.916859 1.05219 1.06315 1.26238 0.847716 0.900235 0.79258 0.705417 0.752644 0.754009 0.758265 
RBFMultiquadricManual_iters2_phase_shifts1_NaiveFTFracDir_full_pi_is_1
 0.750895 0.462751 0.498266 0.463248 0.783639 0.775646 0.778155 0.951542 0.958486 3.95452 2.46594 2.66408 2.29497 2.22993 2.06479 1.96004 1.7544 1.71322 0.715535 1.0236 0.994497 1.0046 0.962674 0.902796 0.819206 0.916859 1.05219 1.06315 1.26238 0.847716 0.900235 0.79258 0.705417 0.752644 0.754009 0.758265 
RBFMultiquadricManual_iters2_phase_shifts1_Naive_full_pi_is_0
 0.750895 0.462751 0.498266 0.463248 0.783639 0.775646 0.778155 0.951542 0.958486 3.95452 2.46594 2.66408 2.29497 2.22993 2.06479 1.96004 1.7544 1.71322 0.715535 1.0236 0.994497 1.0046 0.962674 0.902796 0.819206 0.916859 1.05219 1.06315 1.26238 0.847716 0.900235 0.79258 0.705417 0.752644 0.754009 0.758265 
RBFMultiquadricManual_iters2_phase_shifts1_Naive_full_pi_is_1
 0.750895 0.462751 0.498266 0.463248 0.783639 0.775646 0.778155 0.951542 0.958486 3.95452 2.46594 2.66408 2.29497 2.22993 2.06479 1.96004 1.7544 1.71322 0.715535 1.0236 0.994497 1.0046 0.962674 0.902796 0.819206 0.916859 1.05219 1.06315 1.26238 0.847716 0.900235 0.79258 0.705417 0.752644 0.754009 0.758265 
RBFMultiquadricManual_iters5_phase_shifts1_Naive_full_pi_is_0
 0.832605 0.523263 0.501974 0.439973 0.869776 0.806435 0.809849 0.674724 0.795479 2.78505 4.74713 2.05683 1.76119 1.73085 1.6835 1.67888 1.56195 1.53329 0.885475 0.831182 1.00922 1.01356 0.976249 1.0276 1.00491 0.977688 1.04133 0.611263 1.65102 0.925822 1.07913 0.824165 0.878478 0.922922 0.874826 0.873102 
RBFMultiquadricManual_iters5_phase_shifts1_Naive_full_pi_is_1
 0.832605 0.523263 0.501974 0.439973 0.869776 0.806435 0.809849 0.674724 0.795479 2.78505 4.74713 2.05683 1.76119 1.73085 1.6835 1.67888 1.56195 1.53329 0.885475 0.831182 1.00922 1.01356 0.976249 1.0276 1.00491 0.977688 1.04133 0.611263 1.65102 0.925822 1.07913 0.824165 0.878478 0.922922 0.874826 0.873102 
RBFMultiquadricManual_iters5_phase_shifts1_NaiveFTFracDir_full_pi_is_0
 0.832605 0.523263 0.501974 0.439973 0.869776 0.806435 0.809849 0.674724 0.795479 2.78505 4.74713 2.05683 1.76119 1.73085 1.6835 1.67888 1.56195 1.53329 0.885475 0.831182 1.00922 1.01356 0.976249 1.0276 1.00491 0.977688 1.04133 0.611263 1.65102 0.925822 1.07913 0.824165 0.878478 0.922922 0.874826 0.873102 
RBFMultiquadricManual_iters5_phase_shifts1_NaiveFTFracDir_full_pi_is_1
 0.832605 0.523263 0.501974 0.439973 0.869776 0.806435 0.809849 0.674724 0.795479 2.78505 4.74713 2.05683 1.76119 1.73085 1.6835 1.67888 1.56195 1.53329 0.885475 0.831182 1.00922 1.01356 0.976249 1.0276 1.00491 0.977688 1.04133 0.611263 1.65102 0.925822 1.07913 0.824165 0.878478 0.922922 0.874826 0.873102 
RBFMultiquadricManual_iters8_phase_shifts7_NaiveFTFracDir_full_pi_is_0
 0.825295 0.961332 0.893013 1.09815 0.854629 0.788831 0.795439 0.782241 0.824103 2.57505 5.05003 1.75337 0.938348 1.19553 1.20466 1.19048 1.16988 1.24996 0.883866 1.22086 1.21014 1.23439 1.07456 1.14084 1.25202 1.15241 1.03092 0.95362 1.08515 1.31455 1.3245 1.02793 1.02233 1.04817 1.11782 1.16102 
Makima_iters7_phase_shifts7_Naive_full_pi_is_0
 1.22424 2.10689 2.34681 2.04698 1.59392 1.54917 1.54796 1.48139 1.75304 0.390137 0.596312 0.824169 0.862079 0.95135 0.982917 1.01125 0.886581 0.934618 1.16633 1.25576 1.09918 1.09479 1.08457 0.910946 0.783019 0.952252 0.99065 3.31691 1.51498 1.9888 1.58385 1.58211 1.35255 1.30943 1.19485 1.20671 
RBFMultiquadricManual_iters4_phase_shifts6_NaiveFTFracDir_full_pi_is_0
 1.06471 0.846337 0.881411 0.9201 0.878507 0.898416 0.763905 0.893327 0.853541 1.5264 5.83058 1.42858 1.29999 1.3606 1.33788 1.31829 1.21725 1.34683 1.01303 1.07548 1.08176 1.1122 1.00297 0.962022 1.04292 0.876681 0.986578 1.07598 0.978331 1.04459 1.13841 0.911884 0.91061 0.926137 0.962951 0.983756 
RBFMultiquadricAuto_iters9_phase_shifts2_Naive_full_pi_is_0
 2.2977 1.39157 1.49534 1.68825 1.03046 1.01816 1.02403 1.18298 1.59971 0.896133 1.16805 1.0999 1.35427 1.30411 1.34405 1.3255 1.27297 1.26939 1.46254 1.67523 1.41517 1.40327 1.30911 1.33531 1.31108 1.36003 1.12445 1.08367 1.0622 1.48987 1.31498 1.90011 1.99953 1.85536 1.87693 1.81922 
RBFMultiquadricManual_iters2_phase_shifts2_Naive_full_pi_is_0
 0.630411 0.599057 0.647481 0.719782 0.909336 0.836128 0.837907 0.918712 0.979531 3.34995 2.32715 2.66602 2.22695 2.12304 1.92709 1.89711 1.71818 1.70882 0.77733 1.03056 1.00725 1.03914 0.962916 0.895674 0.825975 0.903768 1.03099 0.916406 2.18106 1.36044 1.33186 1.15541 1.00886 0.98732 0.991532 1.00441 
RBFMultiquadricManual_iters7_phase_shifts9_NaiveFTFracDir_full_pi_is_0
 1.66316 1.05334 1.0424 1.0749 0.949495 0.823743 0.823419 0.810377 0.852167 2.45701 4.99949 1.44975 1.06325 1.17171 1.23769 1.192 1.16362 1.3487 0.875692 1.24543 1.23036 1.21824 1.08184 1.1712 1.27576 1.13207 1.01856 0.760031 1.14064 1.25131 1.2817 1.04584 1.10777 1.10121 1.15341 1.19973 
RBFMultiquadricAuto_iters5_phase_shifts3_Naive_full_pi_is_0
 1.19488 1.3633 1.32951 1.59575 1.04866 1.11963 1.13689 1.11072 1.95549 0.888658 1.32061 1.34795 1.69319 1.60308 1.56973 1.49112 1.50884 1.4777 1.55605 1.60297 1.47713 1.49378 1.29633 1.14541 1.19889 1.32301 1.2654 0.990692 1.05354 1.76858 1.48932 1.56893 1.84288 1.7552 1.7027 1.75216 
RBFMultiquadricManual_iters2_phase_shifts3_Naive_full_pi_is_0
 0.757264 0.601047 0.6099 0.669076 0.896689 0.842849 0.851826 0.94836 1.02102 3.09854 2.2012 2.56147 2.37202 2.00443 2.06096 1.86791 1.69468 1.67997 0.861105 1.02443 0.942235 0.983407 0.934157 0.895608 0.862891 0.880655 0.999359 0.889056 2.15667 1.68982 1.4152 1.34846 1.14822 1.08345 1.09351 1.10618 
RBFMultiquadricManual_iters8_phase_shifts6_NaiveFTFracDir_full_pi_is_0
 0.856037 1.05833 1.0681 1.08271 0.856981 0.820058 0.751523 0.813084 0.785284 2.80641 4.12422 1.9786 1.34157 1.51525 1.50751 1.45493 1.44171 1.49694 0.976731 1.24986 1.22231 1.23689 1.09509 1.10962 1.19756 1.13328 1.05122 1.19367 1.35945 1.45161 1.41433 1.14985 1.12954 1.14604 1.16845 1.1991 
RBFMultiquadricManual_iters7_phase_shifts6_NaiveFTFracDir_full_pi_is_0
 1.24062 1.053 0.947309 1.0434 0.941044 0.838099 0.742286 0.795871 0.85185 2.22777 4.61102 1.97894 1.34942 1.49898 1.44769 1.45441 1.36107 1.45541 0.893288 1.19951 1.1844 1.20556 1.07201 1.14339 1.28289 1.1174 1.07791 1.19044 1.26708 1.37265 1.37748 1.11638 1.10469 1.09897 1.12279 1.16737 
IDW_iters6_phase_shifts9_Naive_full_pi_is_0
 2.14763 1.89844 1.78314 1.7683 1.60799 1.5786 1.39673 1.30008 1.48316 0.467217 0.565394 0.563877 1.0774 1.06995 1.05141 1.09403 1.12288 1.13616 2.06287 1.79623 1.45935 1.48013 1.35248 1.13394 1.05731 1.20014 1.15357 1.19885 0.873855 1.83473 1.41691 2.01965 1.82421 1.71591 1.64132 1.53371 
RBFMultiquadricManual_iters5_phase_shifts6_NaiveFTFracDir_full_pi_is_0
 1.25756 0.783052 0.998715 0.909319 0.88825 0.865848 0.776136 0.791809 0.833658 1.82281 5.88434 1.32274 1.16806 1.22565 1.24244 1.22567 1.11847 1.30018 0.83253 1.12382 1.07359 1.10941 0.950776 1.10916 1.14323 1.00206 0.990407 1.11711 0.987411 1.11117 1.16861 0.925547 0.972662 0.968716 0.990356 1.02873 
RBFMultiquadricManual_iters9_phase_shifts8_NaiveFTFracDir_full_pi_is_1
 0.949004 1.26385 1.44551 1.17738 1.07343 0.970632 0.985273 1.04635 1.01299 2.99456 4.26837 1.81904 1.57591 1.75223 1.46731 1.4534 1.43838 1.45079 0.854226 0.733737 0.877653 0.744501 1.01711 1.25754 1.39098 1.31032 1.19726 0.704104 1.17929 1.11882 1.07927 0.899996 1.02636 1.08806 1.1472 1.12951 
RBFMultiquadricManual_iters5_phase_shifts7_NaiveFTFracDir_full_pi_is_0
 0.905707 0.734731 0.804345 0.947724 0.856346 0.815041 0.838205 0.780834 0.916692 1.64556 5.66973 1.64145 1.4662 1.51653 1.53403 1.46868 1.32745 1.47944 0.894846 1.09915 1.08301 1.13694 0.979845 0.863943 1.11406 0.938818 0.94463 1.0424 0.990065 1.16379 1.21518 0.982442 1.00393 0.997941 1.01963 1.07458 
RBFMultiquadricManual_iters7_phase_shifts8_NaiveFTFracDir_full_pi_is_0
 1.27438 0.969873 1.1366 0.943968 0.883551 0.724837 0.75253 0.745456 0.817071 2.24383 4.90288 2.07521 1.35924 1.47381 1.4772 1.4318 1.32321 1.50505 0.887258 1.20934 1.2123 1.20858 1.07997 1.1291 1.25252 1.12222 1.01501 0.760007 1.23639 1.25977 1.3253 1.06411 1.1293 1.10289 1.12261 1.16694 
RBFMultiquadricManual_iters7_phase_shifts7_NaiveFTFracDir_full_pi_is_0
 1.28354 0.841938 0.870187 1.05858 0.899733 0.782028 0.763308 0.743841 0.861533 2.22153 5.60045 1.55601 0.967572 1.08223 1.12432 1.14474 1.10413 1.20889 0.860111 1.1767 1.16996 1.20213 1.06563 1.10487 1.31664 1.10175 1.01759 1.12346 1.07993 1.32084 1.30476 1.06246 1.05883 1.06871 1.13048 1.17764 
RBFMultiquadricManual_iters2_phase_shifts4_Naive_full_pi_is_0
 0.935907 0.738221 0.750941 0.783398 0.950053 0.909706 0.91455 1.01423 1.10082 3.08137 2.15618 2.52076 2.22925 2.0518 2.00443 1.83969 1.66911 1.65508 0.853653 1.04844 0.955137 0.990086 0.948247 0.881357 0.815732 0.914624 1.00418 0.89837 2.29785 1.78885 1.4529 1.43567 1.25168 1.15965 1.16033 1.18233 
RBFMultiquadricManual_iters5_phase_shifts2_NaiveFTFracDir_full_pi_is_0
 1.03887 0.646407 0.73263 0.714907 0.820733 0.841875 0.866942 0.816095 0.816108 2.11678 6.08481 1.38185 1.17357 1.23129 1.24437 1.25718 1.15261 1.27216 0.716049 1.03326 1.04971 1.06615 0.940227 0.994598 1.03449 1.0288 1.10618 0.978576 1.65224 0.910119 1.03212 0.830704 0.840284 0.919104 0.961117 0.96002 
RBFMultiquadricManual_iters6_phase_shifts2_NaiveFTFracDir_full_pi_is_0
 1.35247 0.935935 0.842418 0.812797 0.936472 0.937758 0.930358 0.849475 0.78386 2.07583 5.6948 1.8386 1.11205 1.15019 1.16443 1.23 1.21965 1.28204 0.699766 1.0337 1.05605 1.06177 0.937518 1.07995 1.03533 1.02899 1.1148 0.984797 1.88208 0.987156 1.16739 0.905076 0.899733 0.975238 0.990791 1.03951 
Makima_iters7_phase_shifts6_Naive_full_pi_is_0
 1.22176 2.82049 2.30972 1.90074 1.558 1.49892 1.47301 1.38709 1.26854 0.386454 0.609137 0.75845 0.849411 0.86607 0.910959 0.920587 0.886101 0.871074 1.17415 1.26453 1.11166 1.11249 1.05651 0.862742 0.740445 0.909133 0.962216 3.89863 0.883193 1.78623 1.44131 1.93976 1.63061 1.50384 1.35475 1.36624 
RBFMultiquadricManual_iters3_phase_shifts7_NaiveFTFracDir_full_pi_is_0
 0.945632 0.6469 0.672602 0.843541 0.850089 0.806478 0.79883 1.04507 0.905596 3.4416 3.40175 2.93876 2.4093 2.09642 2.06918 1.91673 1.7116 1.75667 0.920748 1.01346 1.04168 1.04716 0.963967 0.746248 0.891308 0.771224 0.899049 1.00123 0.983027 0.961033 1.00923 0.870514 0.847009 0.839639 0.855974 0.87646 
RBFMultiquadricManual_iters7_phase_shifts5_NaiveFTFracDir_full_pi_is_0
 1.55404 0.78025 0.913069 0.945869 0.899999 0.884209 0.881972 0.828544 0.811044 2.49514 5.07515 1.85195 1.24799 1.48432 1.34281 1.30274 1.32997 1.45891 0.808192 1.18074 1.1602 1.19569 1.05312 1.12725 1.16098 1.12585 1.0468 0.944787 1.18299 1.29893 1.33097 1.00847 1.07776 1.13214 1.1701 1.21469 
RBFMultiquadricAuto_iters4_phase_shifts5_Naive_full_pi_is_0
 1.18382 1.38957 1.48406 1.50224 1.16022 1.39267 1.23902 1.43945 1.84952 0.993264 1.22641 1.37586 1.81626 1.49785 1.49488 1.50887 1.42177 1.44367 1.69369 1.55397 1.37697 1.39126 1.21478 1.16893 1.12427 1.27764 1.27535 0.853146 1.03575 1.9638 1.87862 1.66138 1.90203 1.82382 1.72953 1.76701 
RBFMultiquadricManual_iters9_phase_shifts4_NaiveFTFracDir_full_pi_is_0
 1.19227 1.00022 1.03605 1.0015 0.854505 0.82824 0.833184 0.826175 0.741728 2.59457 5.42648 1.59168 0.994482 1.24969 1.13912 1.21745 1.18426 1.13463 0.958747 1.17238 1.15917 1.1873 1.04959 1.07083 1.12668 1.10304 1.0483 0.919905 1.52133 1.46254 1.32317 1.03545 1.05154 1.08807 1.11675 1.17324 
RBFBell_iters7_phase_shifts4_Naive_full_pi_is_0
 2.04913 1.64855 1.66652 1.5675 1.31325 1.30084 1.30124 1.22497 1.29793 0.631738 0.951615 0.795683 1.14074 1.19052 1.17629 1.13131 1.19505 1.16433 1.95306 1.78026 1.40758 1.49842 1.42011 1.1196 1.36039 1.17005 1.02278 1.6545 1.22471 2.1672 1.84041 2.27552 1.84853 1.7878 1.68117 1.66497 
RBFGaussian_iters7_phase_shifts4_Naive_full_pi_is_0
 2.04913 1.64855 1.66652 1.5675 1.31325 1.30084 1.30124 1.22497 1.29793 0.631738 0.951615 0.795683 1.14074 1.19052 1.17629 1.13131 1.19505 1.16433 1.95306 1.78026 1.40758 1.49842 1.42011 1.1196 1.36039 1.17005 1.02278 1.6545 1.22471 2.1672 1.84041 2.27552 1.84853 1.7878 1.68117 1.66497 
RBFMultiquadricAuto_iters4_phase_shifts9_Naive_full_pi_is_0
 1.24746 1.0524 1.16961 1.30319 1.08723 1.13611 1.14129 1.11411 2.17876 1.06523 1.15398 1.37708 1.75672 1.44458 1.47997 1.51844 1.44442 1.43574 1.71269 1.56574 1.42331 1.43128 1.24032 1.19503 1.14747 1.30777 1.30034 0.694883 0.9878 2.20691 1.94714 1.72495 2.08968 1.97137 1.83173 1.88553 
IDW_iters7_phase_shifts4_Naive_full_pi_is_0
 2.64829 2.19614 1.95423 1.99902 1.48271 1.28649 1.3039 1.44632 1.52619 0.451758 0.631837 0.644388 1.14093 1.06329 1.14057 1.11509 1.24543 1.29035 2.15695 1.90928 1.53665 1.54992 1.34496 1.2917 1.13577 1.22341 1.20703 1.2775 0.93475 1.60804 1.26692 1.70972 1.67816 1.59161 1.52149 1.48344 
RBFBell_iters6_phase_shifts5_Naive_full_pi_is_0
 1.75784 2.03994 1.94245 1.55285 1.4428 1.25688 1.26072 1.15045 1.29395 0.689994 0.853274 0.751933 1.22487 1.24696 1.22228 1.205 1.21989 1.17719 2.15283 1.8299 1.42798 1.49292 1.40867 1.05215 1.07991 1.10263 1.01604 2.81423 1.01706 1.97447 1.57803 1.99366 1.65016 1.61181 1.50458 1.4993 
RBFGaussian_iters6_phase_shifts5_Naive_full_pi_is_0
 1.75784 2.03994 1.94245 1.55285 1.4428 1.25688 1.26072 1.15045 1.29395 0.689994 0.853274 0.751933 1.22487 1.24696 1.22228 1.205 1.21989 1.17719 2.15283 1.8299 1.42798 1.49292 1.40867 1.05215 1.07991 1.10263 1.01604 2.81423 1.01706 1.97447 1.57803 1.99366 1.65016 1.61181 1.50458 1.4993 
IDW_iters8_phase_shifts3_Naive_full_pi_is_0
 2.30129 2.15184 1.71176 1.98452 1.12083 1.20859 1.22204 1.19757 1.34105 0.463627 0.739906 0.884338 1.23451 1.14209 1.30691 1.1674 1.29452 1.30511 2.14158 2.01386 1.55995 1.57072 1.4372 1.31409 1.23648 1.28632 1.11376 1.12389 0.681441 1.93017 1.58358 2.00021 1.7791 1.68388 1.66126 1.64515 
IDW_iters7_phase_shifts5_Naive_full_pi_is_0
 2.23969 1.68578 1.74655 2.02597 1.32765 1.30116 1.30976 1.37137 1.54958 0.421891 0.637628 0.615137 1.1859 1.1221 1.17613 1.13517 1.26245 1.28866 2.24525 1.94158 1.54656 1.56295 1.37471 1.26981 1.17214 1.29308 1.27469 1.34197 0.910333 1.83744 1.48765 2.0651 1.91499 1.75827 1.67548 1.57779 
RBFMultiquadricManual_iters9_phase_shifts5_NaiveFTFracDir_full_pi_is_0
 1.33935 0.996589 1.02989 0.94614 0.885996 0.840082 0.838767 0.763435 0.85082 2.88479 4.78379 1.77582 1.33654 1.50757 1.46664 1.39123 1.43305 1.44431 0.867882 1.26503 1.23452 1.25976 1.07306 1.18579 1.20924 1.14923 1.01208 0.863586 1.37058 1.49639 1.42784 1.16501 1.10493 1.16228 1.21151 1.24403 
RBFMultiquadricManual_iters9_phase_shifts3_Naive_full_pi_is_1
 0.632391 1.15407 1.19233 1.16474 1.01984 0.972335 0.982075 0.886775 1.06796 2.94216 3.55969 2.46845 2.01105 1.90795 1.89762 1.91665 1.8244 1.87385 0.691386 0.740763 0.905138 0.81197 0.913664 1.17284 1.15314 1.18507 1.29529 0.853933 1.71049 1.40788 1.13279 1.10125 1.13466 1.16728 1.12073 1.12067 
RBFMultiquadricManual_iters6_phase_shifts5_NaiveFTFracDir_full_pi_is_0
 1.4633 0.700062 0.714657 0.926114 0.885581 0.88825 0.90192 0.799664 0.830147 2.27241 5.95265 1.4983 1.07864 1.28491 1.2656 1.19329 1.19214 1.32383 0.830977 1.10587 1.12322 1.17656 1.01522 1.11123 1.21448 1.07881 1.0282 1.06586 1.17494 1.19711 1.26519 1.01911 1.00986 1.1056 1.1288 1.15618 
RBFMultiquadricManual_iters5_phase_shifts5_NaiveFTFracDir_full_pi_is_0
 1.29315 0.652721 0.721819 0.887062 0.864466 0.870141 0.879018 0.792532 0.929325 1.90212 6.42472 1.23699 0.95318 1.19928 1.13275 1.10687 1.05142 1.23556 1.06069 1.26143 1.1196 1.17276 0.999647 1.12172 1.08842 1.02759 1.021 0.945046 1.07422 1.19001 1.25138 0.984909 1.01409 1.01136 1.03906 1.07797 
RBFMultiquadricManual_iters8_phase_shifts8_NaiveFTFracDir_full_pi_is_0
 0.773358 1.05754 1.04184 0.975923 0.920656 0.7415 0.80321 0.747204 0.789363 2.20752 5.11391 2.05159 1.42439 1.65986 1.6453 1.57806 1.48441 1.65169 0.934413 1.27196 1.26374 1.24747 1.10908 1.16226 1.24953 1.15446 1.05657 0.739596 1.29665 1.38325 1.40707 1.14608 1.19584 1.13336 1.15892 1.20027 
RBFMultiquadricManual_iters9_phase_shifts6_Naive_full_pi_is_1
 0.926049 1.61465 1.6321 1.49845 0.917241 0.944212 0.965993 0.890137 1.20537 2.67633 3.67426 2.25162 1.73114 1.80538 1.75802 1.75885 1.77719 1.82877 0.67328 0.48968 0.94343 0.858995 0.936519 1.43159 1.26689 1.45604 1.3664 0.73959 1.62617 1.4981 1.0037 1.1115 1.15444 1.20714 1.29597 1.19204 
RBFMultiquadricManual_iters7_phase_shifts5_NaiveFTFracDir_full_pi_is_1
 0.664151 0.989957 1.34436 0.991327 1.00595 0.956985 0.954974 1.06743 1.01729 3.24692 3.56916 2.62156 2.28083 2.23954 2.04509 1.91791 1.85054 1.83872 0.767318 0.795844 0.79748 0.762313 1.11266 1.18783 1.27554 1.12671 1.1257 0.469115 1.16305 1.03684 1.05295 1.0199 0.997735 0.996823 1.02062 1.04038 
RBFMultiquadricAuto_iters4_phase_shifts6_Naive_full_pi_is_0
 1.20531 1.57735 1.4973 1.50463 1.19593 1.25765 1.25951 1.47509 2.10915 1.00512 1.20974 1.39978 1.82307 1.46896 1.51788 1.53577 1.4595 1.45614 1.70824 1.56478 1.3876 1.40143 1.21226 1.18092 1.13506 1.29594 1.28834 0.862448 1.00959 2.13323 1.87432 1.8318 1.99306 1.89324 1.76862 1.82655 
RBFMultiquadricManual_iters8_phase_shifts4_Naive_full_pi_is_1
 0.90848 1.41058 1.40995 1.2444 1.01928 0.97233 0.987722 0.92901 1.10758 3.39176 3.0128 2.39927 2.09278 1.9589 1.94281 1.91505 1.88263 1.89507 0.833591 0.734366 0.936838 0.816671 0.933013 1.18761 1.17795 1.27143 1.21265 0.437303 1.65668 1.38003 1.1101 1.1439 1.24863 1.17859 1.0893 1.12636 
RBFMultiquadricManual_iters9_phase_shifts4_Naive_full_pi_is_1
 0.639322 1.1567 1.16729 1.19591 0.879529 0.852653 0.819069 0.830648 1.0467 2.93378 3.86454 2.42466 2.1579 1.98346 1.81594 1.94135 1.87456 1.86415 0.887106 0.753044 0.951807 0.81718 0.922752 1.20619 1.19224 1.29624 1.21352 0.498375 1.65225 1.42159 1.07908 1.16437 1.16411 1.18704 1.09374 1.13994 
RBFTPS_iters8_phase_shifts9_Naive_full_pi_is_0
 1.31433 1.73613 1.81212 1.6227 1.61974 1.74077 1.6775 1.67158 2.2302 0.46588 0.494385 0.541952 1.02266 1.10128 1.04 1.0329 1.0534 1.15194 1.52889 1.5013 1.17163 1.23399 1.12247 0.894619 0.996207 1.03068 0.985094 3.398 1.53957 1.82255 1.50164 2.00834 1.89354 1.79582 1.81096 1.64477 
RBFMultiquadricManual_iters8_phase_shifts9_NaiveFTFracDir_full_pi_is_0
 0.761464 1.0442 1.07768 1.01404 0.926246 0.787611 0.832346 0.776795 0.832511 2.55173 5.70732 1.56413 1.03721 1.18492 1.22176 1.20781 1.22687 1.37853 0.96704 1.26052 1.25486 1.23255 1.10541 1.194 1.25889 1.1633 1.02885 0.704659 1.30033 1.43347 1.4355 1.15323 1.16459 1.16104 1.22422 1.2629 
RBFMultiquadricAuto_iters4_phase_shifts7_Naive_full_pi_is_0
 1.23381 1.45716 1.54288 1.59196 1.19099 1.22679 1.28904 1.58719 2.24278 1.01854 1.14188 1.39106 1.7555 1.42752 1.48609 1.52016 1.43366 1.42784 1.715 1.57367 1.39653 1.4091 1.21612 1.18727 1.13504 1.28859 1.28933 0.887533 1.00065 2.16625 1.99458 1.8079 2.02935 1.92372 1.79617 1.85448 
RBFBell_iters6_phase_shifts7_Naive_full_pi_is_0
 1.79838 2.02458 2.08174 1.69845 1.53145 1.37696 1.39027 1.31144 1.34554 1.03597 1.12686 0.938264 1.33311 1.36667 1.35234 1.28781 1.28734 1.22886 1.90346 1.68375 1.4016 1.45319 1.39794 1.04951 1.31644 1.10011 1.02387 1.42462 1.16953 2.3089 1.76338 2.21068 1.87359 1.86473 1.61992 1.63046 
RBFGaussian_iters6_phase_shifts7_Naive_full_pi_is_0
 1.79838 2.02458 2.08174 1.69845 1.53145 1.37696 1.39027 1.31144 1.34554 1.03597 1.12686 0.938264 1.33311 1.36667 1.35234 1.28781 1.28734 1.22886 1.90346 1.68375 1.4016 1.45319 1.39794 1.04951 1.31644 1.10011 1.02387 1.42462 1.16953 2.3089 1.76338 2.21068 1.87359 1.86473 1.61992 1.63046 
RBFMultiquadricAuto_iters4_phase_shifts8_Naive_full_pi_is_0
 1.24195 1.46499 1.55811 1.59528 1.20134 1.26685 1.2744 1.63276 2.27504 1.06956 1.13026 1.37127 1.78132 1.42176 1.49081 1.52809 1.52172 1.44196 1.7132 1.56789 1.40536 1.4125 1.21532 1.19175 1.14039 1.29822 1.29705 0.883245 1.00058 2.1671 1.88917 1.7622 2.04743 1.9459 1.8195 1.87897 
RBFMultiquadricAuto_iters6_phase_shifts3_Naive_full_pi_is_0
 1.69963 1.45225 1.42867 1.85761 1.07937 1.12387 1.12613 1.18985 1.7131 0.865806 1.53356 1.39866 1.77298 1.64986 1.62513 1.53781 1.55525 1.53399 1.711 1.76713 1.54624 1.55267 1.37631 1.27141 1.20314 1.39231 1.22743 1.0734 0.987611 1.81245 1.48721 1.70198 2.08563 1.98518 1.96438 1.84609 
RBFMultiquadricManual_iters8_phase_shifts3_Naive_full_pi_is_1
 0.872687 1.33363 1.33145 1.25617 0.988058 0.962744 0.968679 1.04482 1.06048 3.3073 3.42306 2.58396 2.12238 2.07627 1.94746 1.99542 1.83214 1.89193 0.868906 0.617035 0.834315 0.810648 0.864234 1.12041 1.09998 1.15766 1.2974 0.516448 1.61447 1.33058 1.10046 1.09717 1.18603 1.12695 1.14605 1.08707 
RBFMultiquadricManual_iters8_phase_shifts5_NaiveFTFracDir_full_pi_is_0
 1.29219 0.94919 1.01749 0.94921 0.922292 0.879735 0.871664 0.790911 0.855415 2.57148 5.4079 1.90682 1.31778 1.47952 1.42034 1.3622 1.41145 1.45965 0.825218 1.22488 1.21933 1.24253 1.0894 1.16143 1.18021 1.1291 1.06798 0.829814 1.27077 1.43665 1.48971 1.17144 1.14162 1.20198 1.2289 1.26802 
RBFMultiquadricManual_iters9_phase_shifts5_Naive_full_pi_is_1
 0.73359 1.42171 1.41224 1.32979 0.933138 0.878343 0.894762 0.840918 1.14289 2.91347 3.62873 2.25785 2.12155 1.93429 1.88165 1.87977 1.88744 1.92001 0.689651 0.968196 0.899818 0.835098 0.936534 1.43585 1.26412 1.40305 1.23583 0.489557 1.72109 1.4592 1.12443 1.18453 1.23147 1.23469 1.24716 1.19644 
RBFTPS_iters8_phase_shifts7_Naive_full_pi_is_0
 1.3225 1.87656 1.93616 1.81177 1.52725 1.68158 1.67815 1.65749 2.18346 0.466735 0.509773 0.512523 1.00741 0.981157 1.02178 1.01612 1.02819 1.07776 1.54066 1.50382 1.18978 1.24906 1.15434 0.903443 0.976253 1.02109 0.979694 3.53399 1.53071 1.83398 1.58937 2.12435 1.89201 1.79638 1.7429 1.65235 
RBFMultiquadricManual_iters7_phase_shifts1_NaiveFTFracDir_full_pi_is_0
 0.8794 0.560686 0.531206 0.45419 0.883513 0.790096 0.794302 0.666892 0.735146 3.25048 5.62782 2.78171 1.25761 1.27298 1.29729 1.27619 1.23089 1.31482 0.842637 0.850853 1.02517 1.03921 1.1727 1.04076 1.01629 1.01774 1.08335 0.590067 2.01475 1.12545 1.21458 0.97101 0.952153 0.990847 0.926087 0.955954 
RBFMultiquadricManual_iters7_phase_shifts1_NaiveFTFracDir_full_pi_is_1
 0.8794 0.560686 0.531206 0.45419 0.883513 0.790096 0.794302 0.666892 0.735146 3.25048 5.62782 2.78171 1.25761 1.27298 1.29729 1.27619 1.23089 1.31482 0.842637 0.850853 1.02517 1.03921 1.1727 1.04076 1.01629 1.01774 1.08335 0.590067 2.01475 1.12545 1.21458 0.97101 0.952153 0.990847 0.926087 0.955954 
RBFMultiquadricManual_iters7_phase_shifts1_Naive_full_pi_is_1
 0.8794 0.560686 0.531206 0.45419 0.883513 0.790096 0.794302 0.666892 0.735146 3.25048 5.62782 2.78171 1.25761 1.27298 1.29729 1.27619 1.23089 1.31482 0.842637 0.850853 1.02517 1.03921 1.1727 1.04076 1.01629 1.01774 1.08335 0.590067 2.01475 1.12545 1.21458 0.97101 0.952153 0.990847 0.926087 0.955954 
RBFMultiquadricManual_iters7_phase_shifts1_Naive_full_pi_is_0
 0.8794 0.560686 0.531206 0.45419 0.883513 0.790096 0.794302 0.666892 0.735146 3.25048 5.62782 2.78171 1.25761 1.27298 1.29729 1.27619 1.23089 1.31482 0.842637 0.850853 1.02517 1.03921 1.1727 1.04076 1.01629 1.01774 1.08335 0.590067 2.01475 1.12545 1.21458 0.97101 0.952153 0.990847 0.926087 0.955954 
RBFMultiquadricManual_iters9_phase_shifts9_NaiveFTFracDir_full_pi_is_0
 0.803909 1.1457 1.08524 1.03518 0.982545 0.805607 0.863279 0.76233 0.804548 2.88142 5.50503 1.65953 0.988561 1.18457 1.15194 1.19158 1.22467 1.36053 1.28653 1.39603 1.57463 1.28848 1.14153 1.20296 1.23892 1.19307 1.01345 0.768848 1.24367 1.43718 1.38358 1.12298 1.20664 1.15351 1.21456 1.26353 
RBFGaussian_iters6_phase_shifts9_Naive_full_pi_is_0
 1.84801 2.17719 2.20846 1.72794 1.60103 1.44028 1.43869 1.41538 1.44063 0.656397 0.938684 0.82826 1.2976 1.3139 1.29142 1.23955 1.21971 1.16025 2.01755 1.77393 1.30198 1.36287 1.29311 0.976007 0.981516 1.04438 0.963803 2.86322 1.18184 1.98722 1.6769 2.09578 1.76148 1.75052 1.48975 1.51444 
RBFBell_iters6_phase_shifts9_Naive_full_pi_is_0
 1.84801 2.17719 2.20846 1.72794 1.60103 1.44028 1.43869 1.41538 1.44063 0.656397 0.938684 0.82826 1.2976 1.3139 1.29142 1.23955 1.21971 1.16025 2.01755 1.77393 1.30198 1.36287 1.29311 0.976007 0.981516 1.04438 0.963803 2.86322 1.18184 1.98722 1.6769 2.09578 1.76148 1.75052 1.48975 1.51444 
RBFMultiquadricManual_iters9_phase_shifts7_NaiveFTFracDir_full_pi_is_0
 0.868136 1.02271 1.05476 1.02952 0.960956 0.892635 0.848826 0.832153 0.842962 2.86311 5.73908 1.86274 0.979294 1.22646 1.25008 1.25642 1.24619 1.24843 0.911268 1.24926 1.21776 1.23458 1.08085 1.09702 1.23918 1.16141 1.05363 0.947331 1.27743 1.42109 1.42919 1.09227 1.11318 1.11552 1.18507 1.22911 
RBFMultiquadricManual_iters7_phase_shifts2_NaiveFTFracDir_full_pi_is_0
 1.34756 0.836993 0.917944 0.844532 0.908979 0.942675 0.915657 0.838236 0.81429 2.87928 5.82707 2.34591 1.00818 1.06804 1.06187 1.14818 1.16096 1.1935 0.692644 1.07498 1.06351 1.08955 0.977661 1.12315 1.06158 1.03812 1.12996 0.97287 2.04556 1.1146 1.3066 0.984917 0.969065 1.02472 1.04513 1.08992 
RBFTPS_iters8_phase_shifts8_Naive_full_pi_is_0
 1.33583 1.89826 1.94192 1.78819 1.6495 1.70548 1.70191 1.68684 2.21039 0.46985 0.52039 0.534116 1.02923 1.1094 1.04258 1.03757 1.04793 1.07738 1.54484 1.50795 1.22684 1.28534 1.1491 0.920312 0.991987 1.04527 0.99471 3.56819 1.5424 1.81454 1.51694 1.99403 1.93654 1.82403 1.76149 1.65781 
RBFGaussian_iters8_phase_shifts3_Naive_full_pi_is_0
 2.70072 1.69173 1.78134 1.89104 1.21271 1.19786 1.19311 1.15509 1.18979 0.7381 0.95088 0.927026 1.22201 1.16445 1.27033 1.20973 1.22182 1.28006 2.24706 1.73081 1.36319 1.46184 1.49434 1.14274 1.19216 1.19079 1.00996 1.59932 1.28736 2.28931 2.0712 2.35033 1.8936 1.83194 1.75497 1.64777 
RBFBell_iters8_phase_shifts3_Naive_full_pi_is_0
 2.70072 1.69173 1.78134 1.89104 1.21271 1.19786 1.19311 1.15509 1.18979 0.7381 0.95088 0.927026 1.22201 1.16445 1.27033 1.20973 1.22182 1.28006 2.24706 1.73081 1.36319 1.46184 1.49434 1.14274 1.19216 1.19079 1.00996 1.59932 1.28736 2.28931 2.0712 2.35033 1.8936 1.83194 1.75497 1.64777 
RBFMultiquadricManual_iters9_phase_shifts8_NaiveFTFracDir_full_pi_is_0
 0.82752 0.995339 0.977948 1.02101 0.881232 0.757219 0.825668 0.781469 0.838736 2.52623 5.25539 2.02475 1.46906 1.67126 1.56798 1.54953 1.48358 1.64145 0.917465 1.29456 1.2548 1.23125 1.10151 1.18292 1.29413 1.17282 1.03042 0.706348 1.42803 1.55513 1.54077 1.23664 1.21471 1.19038 1.20288 1.24239 
RBFMultiquadricManual_iters7_phase_shifts3_Naive_full_pi_is_1
 0.840926 1.32802 1.32042 1.24342 1.04682 0.973968 1.01229 0.952255 0.988467 3.9516 2.46805 3.13824 2.24207 2.1453 2.03265 2.06014 1.89252 1.95602 0.680236 0.708397 0.766226 0.771333 0.820544 1.05983 1.07126 1.1581 1.26425 0.569744 1.63208 1.25463 1.31617 0.997867 1.16426 1.09246 1.11502 1.13362 
RBFMultiquadricManual_iters9_phase_shifts6_NaiveFTFracDir_full_pi_is_0
 0.958226 1.19172 1.12918 1.10748 0.9606 0.838182 0.76807 0.793886 0.791669 2.93174 4.53892 2.41091 1.77203 1.89324 1.7568 1.7092 1.71115 1.63677 1.04289 1.27683 1.23364 1.24109 1.09476 1.08779 1.19476 1.1378 1.02582 1.30928 1.27445 1.49416 1.41737 1.1761 1.14315 1.16108 1.18049 1.22669 
RBFMultiquadricManual_iters4_phase_shifts2_Naive_full_pi_is_1
 0.686203 0.909666 0.907714 0.953578 0.957037 0.920933 0.926023 0.925631 0.966141 4.63307 2.26456 3.20545 2.67508 2.2463 2.00327 2.06566 1.87423 1.86956 0.714928 0.896869 0.864597 0.849504 0.884548 0.877053 0.913632 0.926022 1.1109 0.802295 1.43873 1.1063 1.1502 0.807259 0.92036 0.935902 0.936465 0.941491 
RBFMultiquadricManual_iters9_phase_shifts7_Naive_full_pi_is_1
 0.895434 1.67269 1.65764 1.52316 0.934767 0.959073 0.969736 0.887367 1.28139 2.73082 3.88575 2.49366 1.7529 1.78403 1.79519 1.77654 1.8226 1.84813 0.691908 0.531044 1.21128 0.874549 0.947636 1.48635 1.32442 1.42452 1.44405 0.74971 1.72283 1.55624 1.03836 1.15408 1.18856 1.24338 1.32971 1.23033 
RBFTPS_iters9_phase_shifts7_Naive_full_pi_is_0
 1.42053 1.4231 1.45136 1.7102 1.7049 1.6789 1.68035 1.67279 2.19383 0.535392 0.559824 0.809794 1.12696 1.15134 1.13705 1.10197 1.24489 1.20785 1.50923 1.53122 1.19573 1.34642 1.14847 0.924343 1.01557 1.0611 1.00368 3.92561 1.74317 1.94892 1.57271 2.02965 2.00826 1.83361 1.68301 1.62785 
RBFMultiquadricManual_iters4_phase_shifts7_NaiveFTFracDir_full_pi_is_0
 1.0739 0.68657 0.715476 0.891316 0.82976 0.781782 0.759727 0.971757 0.922001 3.02822 5.07102 2.52587 2.26986 2.14055 2.06795 1.93901 1.77737 1.86596 1.00831 1.09351 1.12263 1.15504 1.0028 0.896277 1.01057 0.86032 0.949186 1.00853 0.989543 1.04248 1.07888 0.897037 0.918268 0.910683 0.911752 0.959127 
RBFMultiquadricManual_iters3_phase_shifts3_Naive_full_pi_is_1
 0.427748 0.815355 0.814906 0.850105 0.93345 0.906052 0.910643 1.03497 0.980419 4.6859 2.68873 3.28485 2.63701 2.25074 2.13651 2.0621 1.90026 1.87528 0.734703 0.715687 0.798462 0.772851 0.842312 1.22825 1.02809 0.958722 1.11713 0.607774 1.04087 0.9572 1.09264 0.823179 0.892171 0.924539 0.9164 0.923284 
RBFMultiquadricManual_iters8_phase_shifts5_Naive_full_pi_is_1
 0.893354 1.2269 1.23946 1.22034 1.08951 1.0335 1.03078 1.10992 1.18575 4.21549 2.46273 2.64929 1.94001 2.02194 1.88309 1.89508 1.9227 1.91629 1.06139 0.798737 0.950561 0.833346 0.928961 1.3739 1.23192 1.35856 1.23585 1.05813 1.67001 1.45962 1.12359 1.20529 1.31603 1.22913 1.14424 1.17862 
RBFMultiquadricManual_iters8_phase_shifts2_NaiveFTFracDir_full_pi_is_0
 1.20381 0.86007 0.91983 0.897023 0.917153 0.956978 0.962802 0.862137 0.848537 3.50287 5.6284 2.84498 0.956108 1.09053 1.11283 1.14861 1.207 1.1052 0.634199 1.13154 1.08536 1.1428 1.00602 1.10932 0.972083 1.05713 1.13046 0.974196 1.9867 1.26923 1.26592 0.993125 0.944552 1.0279 1.07753 1.1032 
RBFMultiquadricAuto_iters5_phase_shifts4_Naive_full_pi_is_0
 1.26318 1.81674 1.80213 1.67054 1.24592 1.35865 1.29597 1.25707 1.8249 1.02115 1.33309 1.4772 1.86627 1.67769 1.64837 1.57106 1.60873 1.58024 1.70933 1.66006 1.49046 1.49832 1.30047 1.15153 1.11593 1.34499 1.26486 1.81764 1.07303 2.07803 1.89349 1.68649 2.07132 1.97128 1.87989 1.83757 
RBFGaussian_iters6_phase_shifts6_Naive_full_pi_is_0
 1.80821 2.18734 1.98304 1.62142 1.46307 1.35296 1.33973 1.29677 1.34751 0.719856 0.800108 0.790581 1.19728 1.21748 1.22153 1.16049 1.20717 1.15291 2.20345 1.88899 1.43644 1.48933 1.41431 1.07093 1.16773 1.12069 1.0278 3.295 1.376 2.30388 1.76339 2.13096 1.79705 1.81321 1.5592 1.59375 
RBFBell_iters6_phase_shifts6_Naive_full_pi_is_0
 1.80821 2.18734 1.98304 1.62142 1.46307 1.35296 1.33973 1.29677 1.34751 0.719856 0.800108 0.790581 1.19728 1.21748 1.22153 1.16049 1.20717 1.15291 2.20345 1.88899 1.43644 1.48933 1.41431 1.07093 1.16773 1.12069 1.0278 3.295 1.376 2.30388 1.76339 2.13096 1.79705 1.81321 1.5592 1.59375 
RBFMultiquadricManual_iters8_phase_shifts6_Naive_full_pi_is_1
 1.10779 1.39158 1.38766 1.33599 1.14022 1.07467 1.08407 1.16569 1.29827 4.17423 2.63602 2.59809 1.94087 2.0359 1.95296 1.92351 1.93687 1.92735 0.82964 0.767825 0.889656 0.825407 0.931546 1.37148 1.23754 1.39581 1.21828 0.548061 1.52487 1.41162 1.07375 1.17144 1.30558 1.21108 1.22248 1.17927 
RBFBell_iters6_phase_shifts8_Naive_full_pi_is_0
 1.86091 2.04969 1.84414 1.69695 1.576 1.41127 1.42207 1.33155 1.40331 0.518089 0.809668 0.730083 1.18283 1.2289 1.21949 1.15557 1.17318 1.13852 2.05987 1.80486 1.4476 1.49769 1.41245 1.08773 1.08403 1.11534 1.06377 4.1719 1.1509 1.94102 1.53473 2.04795 1.72603 1.76228 1.50532 1.50986 
RBFGaussian_iters6_phase_shifts8_Naive_full_pi_is_0
 1.86091 2.04969 1.84414 1.69695 1.576 1.41127 1.42207 1.33155 1.40331 0.518089 0.809668 0.730083 1.18283 1.2289 1.21949 1.15557 1.17318 1.13852 2.05987 1.80486 1.4476 1.49769 1.41245 1.08773 1.08403 1.11534 1.06377 4.1719 1.1509 1.94102 1.53473 2.04795 1.72603 1.76228 1.50532 1.50986 
RBFMultiquadricManual_iters3_phase_shifts7_Naive_full_pi_is_1
 0.563949 0.974984 0.980192 1.03179 0.945519 0.913145 0.919186 1.06459 1.06494 4.49991 2.73544 3.26856 2.83142 2.28363 2.25709 2.15518 1.93126 1.95865 0.772031 0.665999 0.796438 0.736472 0.852353 0.983477 1.00617 0.946475 1.14771 0.427401 1.0508 1.02542 1.1173 0.877258 0.972829 0.989994 0.990499 0.993191 
RBFMultiquadricManual_iters9_phase_shifts8_Naive_full_pi_is_1
 0.899129 1.72145 1.77136 1.54377 1.14024 1.0963 1.10586 1.01325 1.41493 2.84201 3.80989 2.5224 1.77736 1.77966 1.85159 1.79664 1.85792 1.88391 0.683429 0.50552 1.21255 0.864753 0.949774 1.5051 1.35691 1.44807 1.39434 0.773536 1.81451 1.5289 1.0467 1.16841 1.2825 1.31815 1.28753 1.34838 
RBFMultiquadricManual_iters3_phase_shifts8_Naive_full_pi_is_1
 0.586847 0.997965 0.996695 1.04054 0.945934 0.921937 0.921971 1.07137 1.0572 4.57877 2.60069 3.22197 2.84013 2.27123 2.26247 2.1846 1.95251 1.9603 0.772814 0.666976 0.795629 0.725936 0.849792 0.983804 1.01335 0.950924 1.15568 0.477637 1.04914 1.03786 1.12884 0.890016 0.983239 0.996697 1.00525 1.00849 
IDW_iters7_phase_shifts6_Naive_full_pi_is_0
 2.93685 2.05574 2.14038 2.05322 1.53346 1.45477 1.53785 1.68502 1.73513 0.463874 0.643677 0.66926 1.20426 1.13599 1.18117 1.15393 1.26458 1.2878 2.30519 1.97745 1.53519 1.5514 1.34181 1.23477 1.17402 1.32597 1.2173 1.17337 1.01884 1.93385 1.53608 2.2245 2.05661 1.85206 1.78025 1.65327 
RBFMultiquadricManual_iters3_phase_shifts4_Naive_full_pi_is_1
 0.488703 0.915687 0.918143 0.936487 0.931814 0.838106 0.866029 1.06307 1.0071 4.71968 2.71182 3.38454 2.71719 2.27725 2.18163 2.13161 1.97591 1.90925 0.738467 0.669445 0.781656 0.729752 0.850251 1.34665 0.934258 0.97104 1.15587 0.732731 1.02639 1.00166 1.11706 0.83732 0.924676 0.948823 0.945693 0.945112 
RBFMultiquadricManual_iters9_phase_shifts9_Naive_full_pi_is_1
 0.991713 1.79758 1.71824 1.61131 1.2045 1.14035 1.14805 1.04304 1.45587 2.97673 3.83537 2.33512 1.77085 1.77435 1.90385 1.8108 1.88117 1.89204 0.686094 0.485727 1.23125 0.881941 0.959664 1.43936 1.33278 1.53578 1.40928 0.895694 1.76878 1.58242 1.02886 1.18061 1.29971 1.31686 1.30802 1.37989 
RBFMultiquadricManual_iters7_phase_shifts4_Naive_full_pi_is_1
 0.829551 1.4463 1.2499 1.20275 1.01978 1.02605 1.03118 1.06983 1.05314 4.25331 2.50493 3.17507 2.43135 2.09688 2.04434 2.02728 1.9308 1.98372 0.639313 0.721234 0.959949 0.89135 0.948407 1.18479 1.18634 1.24801 1.3825 0.74308 1.5896 1.31385 1.11717 1.21891 1.21173 1.14851 1.16352 1.12584 
RBFMultiquadricManual_iters9_phase_shifts2_NaiveFTFracDir_full_pi_is_0
 1.1467 0.787777 0.717787 0.923107 0.925754 0.94453 0.962648 0.836145 0.837747 4.05018 5.3813 3.27016 1.06724 1.08862 1.17793 1.17091 1.21869 1.08751 0.698595 1.14506 1.10295 1.15152 1.01376 1.10624 0.912256 1.10487 1.11185 1.09916 1.91731 1.36608 1.26879 0.959989 0.966728 1.02272 1.07757 1.10775 
RBFMultiquadricManual_iters3_phase_shifts9_Naive_full_pi_is_1
 0.57679 1.00026 1.0227 1.04819 0.945896 0.926282 0.925619 1.07106 1.1115 4.59799 2.61424 3.22443 2.84704 2.29996 2.2654 2.19317 1.96036 1.95877 0.767761 0.668033 0.805578 0.725017 0.866619 1.20596 1.10505 1.05127 1.30027 0.462739 1.04633 1.03271 1.11966 0.893323 0.994899 1.00528 1.01132 1.01673 
RBFMultiquadricManual_iters6_phase_shifts3_NaiveFTFracDir_full_pi_is_1
 0.680271 1.28052 1.13288 1.20353 1.03942 0.999632 1.03048 1.06717 1.12234 4.78666 5.68868 1.32225 1.02184 1.09729 1.0816 1.10608 1.10922 1.1842 0.749961 0.7743 0.959059 0.917822 1.068 1.02759 1.06926 1.03612 1.13351 0.773242 1.25796 1.16864 1.45752 1.21981 1.17266 1.10158 1.11356 1.07656 
RBFTPS_iters9_phase_shifts8_Naive_full_pi_is_0
 1.41207 1.86783 1.79512 2.05056 1.72809 1.80807 1.79675 1.79914 2.38106 0.504677 0.566721 0.602463 1.03889 1.12429 1.0777 1.04907 1.17853 1.1579 1.57258 1.53193 1.19954 1.25637 1.18932 0.930185 1.0069 1.08764 1.0152 3.89584 1.74607 1.95164 1.66287 2.05391 2.07024 1.89888 1.73656 1.63277 
RBFBell_iters9_phase_shifts3_Naive_full_pi_is_0
 1.1439 1.83378 1.80395 1.92286 1.36786 1.17981 1.17332 1.1775 1.33064 0.770125 0.999345 1.00739 1.27269 1.30037 1.30266 1.27127 1.26522 1.31269 2.57209 2.01818 1.55844 1.57304 1.56126 1.29257 1.37365 1.32739 1.05875 2.06429 1.50839 2.45578 2.20894 2.62919 2.15198 2.07775 1.80116 1.85069 
RBFGaussian_iters9_phase_shifts3_Naive_full_pi_is_0
 1.1439 1.83378 1.80395 1.92286 1.36786 1.17981 1.17332 1.1775 1.33064 0.770125 0.999345 1.00739 1.27269 1.30037 1.30266 1.27127 1.26522 1.31269 2.57209 2.01818 1.55844 1.57304 1.56126 1.29257 1.37365 1.32739 1.05875 2.06429 1.50839 2.45578 2.20894 2.62919 2.15198 2.07775 1.80116 1.85069 
RBFMultiquadricManual_iters8_phase_shifts7_Naive_full_pi_is_1
 1.10933 1.54414 1.43938 1.37754 1.07111 1.11094 1.11609 1.19493 1.28802 4.34623 2.72202 2.76139 1.96684 1.97935 1.9458 1.94062 1.93021 1.94062 0.777944 0.872538 0.918873 0.831453 0.946684 1.42805 1.29173 1.34673 1.25681 0.765799 1.66247 1.48875 1.10334 1.21298 1.3251 1.23161 1.25289 1.21761 
RBFMultiquadricManual_iters7_phase_shifts5_Naive_full_pi_is_1
 0.860922 1.28631 1.2786 1.25746 1.0439 1.0248 0.969736 1.09097 1.15313 4.50227 2.57978 3.14306 2.25876 2.08929 2.04914 2.03823 1.93337 1.98606 0.628948 0.699242 0.889624 0.815626 0.912021 1.26247 1.24381 1.27317 1.2879 0.903166 1.70312 1.38108 1.09375 1.16245 1.26366 1.1981 1.117 1.1577 
RBFMultiquadricManual_iters4_phase_shifts1_NaiveFTFracDir_full_pi_is_0
 0.794705 0.502167 0.484007 0.438935 0.858624 0.802762 0.804495 0.722468 0.796321 5.05896 3.26082 2.858 2.65529 2.4507 2.39708 2.24426 1.97702 1.90879 0.92004 0.821525 1.02353 1.03103 1.00408 0.973732 0.967262 0.924389 1.08835 0.587129 1.46181 0.946368 1.04777 0.857622 0.850581 0.885636 0.842254 0.843658 
RBFMultiquadricManual_iters4_phase_shifts1_NaiveFTFracDir_full_pi_is_1
 0.794705 0.502167 0.484007 0.438935 0.858624 0.802762 0.804495 0.722468 0.796321 5.05896 3.26082 2.858 2.65529 2.4507 2.39708 2.24426 1.97702 1.90879 0.92004 0.821525 1.02353 1.03103 1.00408 0.973732 0.967262 0.924389 1.08835 0.587129 1.46181 0.946368 1.04777 0.857622 0.850581 0.885636 0.842254 0.843658 
RBFMultiquadricManual_iters4_phase_shifts1_Naive_full_pi_is_0
 0.794705 0.502167 0.484007 0.438935 0.858624 0.802762 0.804495 0.722468 0.796321 5.05896 3.26082 2.858 2.65529 2.4507 2.39708 2.24426 1.97702 1.90879 0.92004 0.821525 1.02353 1.03103 1.00408 0.973732 0.967262 0.924389 1.08835 0.587129 1.46181 0.946368 1.04777 0.857622 0.850581 0.885636 0.842254 0.843658 
RBFMultiquadricManual_iters4_phase_shifts1_Naive_full_pi_is_1
 0.794705 0.502167 0.484007 0.438935 0.858624 0.802762 0.804495 0.722468 0.796321 5.05896 3.26082 2.858 2.65529 2.4507 2.39708 2.24426 1.97702 1.90879 0.92004 0.821525 1.02353 1.03103 1.00408 0.973732 0.967262 0.924389 1.08835 0.587129 1.46181 0.946368 1.04777 0.857622 0.850581 0.885636 0.842254 0.843658 
IDW_iters7_phase_shifts7_Naive_full_pi_is_0
 2.97943 2.71745 2.43959 2.41502 1.83557 1.63545 1.57248 1.52695 1.7451 0.476111 0.672928 0.64592 1.21339 1.19221 1.16251 1.15831 1.24933 1.29415 1.59568 1.52131 1.29928 1.33703 1.16829 1.12213 1.06208 1.20378 1.12493 1.42676 0.766044 2.23455 1.61318 2.50023 2.09708 1.89915 1.80192 1.70408 
RBFMultiquadricManual_iters8_phase_shifts8_Naive_full_pi_is_1
 1.0932 1.46389 1.48094 1.42259 1.0732 1.10438 1.11047 1.19513 1.29867 4.37062 2.88319 2.76725 1.94354 1.98656 1.95714 1.98016 1.92242 1.95534 0.821436 0.805846 0.914983 0.822782 0.90829 1.43117 1.36536 1.35114 1.24241 0.762377 1.67086 1.48384 1.03382 1.15917 1.29592 1.1992 1.28897 1.19719 
RBFMultiquadricAuto_iters7_phase_shifts3_Naive_full_pi_is_0
 2.43293 1.50511 1.59997 2.14159 1.22425 1.2382 1.22904 1.43595 1.91829 0.952805 1.68649 1.48665 1.82478 1.5818 1.57925 1.48122 1.53378 1.50042 1.90809 1.91918 1.55397 1.56615 1.43931 1.28308 1.27906 1.41013 1.1969 1.1728 1.08048 2.01488 1.46212 2.15014 2.26259 2.12673 2.04236 1.99043 
RBFMultiquadricManual_iters3_phase_shifts5_Naive_full_pi_is_1
 0.47549 0.94863 0.947319 0.9622 0.941444 0.878235 0.890197 1.07746 1.02955 4.78758 2.96367 3.44179 2.88583 2.41115 2.31396 2.20119 2.04389 2.00968 0.743317 0.702748 0.786447 0.736583 0.850631 1.03482 0.972038 0.997647 1.16519 0.381352 1.03997 1.0155 1.1253 0.862906 0.95325 0.968742 0.9698 0.969556 
RBFMultiquadricAuto_iters5_phase_shifts5_Naive_full_pi_is_0
 1.31752 1.60806 1.32048 1.80737 1.27535 1.39658 1.40289 1.39161 2.03892 1.18388 1.50278 1.58174 2.02962 1.80983 1.81295 1.74502 1.77693 1.71265 1.81014 1.65069 1.4722 1.4823 1.28244 1.1244 1.15548 1.33139 1.27273 1.97757 1.07812 2.20567 1.84452 1.75039 2.23346 2.15657 2.02457 1.98489 
RBFMultiquadricManual_iters4_phase_shifts3_Naive_full_pi_is_1
 0.648497 0.836325 0.867407 0.914569 0.885456 0.822751 0.827398 0.925631 0.909625 4.91072 3.26526 3.59017 2.80548 2.35001 2.0978 2.16213 1.93496 1.926 0.748375 0.645491 0.756984 0.745073 0.825767 0.785078 0.97195 0.929677 1.13273 0.533161 1.13181 1.02536 1.1007 0.874675 0.963876 0.975542 0.981206 0.990656 
RBFMultiquadricAuto_iters6_phase_shifts4_Naive_full_pi_is_0
 1.40356 1.20309 1.42283 1.77652 1.10443 1.2734 1.2536 1.39537 2.07066 0.87087 1.60317 1.5536 1.93421 1.68542 1.737 1.62624 1.66853 1.62773 2.04685 1.86897 1.61801 1.61604 1.36857 1.32835 1.24819 1.43249 1.25577 1.88578 1.08152 2.08942 1.79336 1.86206 2.36023 2.26608 2.14269 2.06267 
Makima_iters9_phase_shifts9_Naive_full_pi_is_0
 1.15695 2.46114 2.08928 1.76039 1.37764 1.69946 1.81644 1.52428 1.50856 0.528069 0.684784 0.965735 1.18132 1.24618 1.11411 1.18959 1.06565 1.09114 1.11585 1.2851 1.0033 1.05441 0.944224 0.850658 0.738215 0.947332 0.983196 6.47075 1.1653 1.29429 0.838564 1.37159 1.41622 1.29577 1.23843 1.24948 
RBFBell_iters8_phase_shifts4_Naive_full_pi_is_0
 2.71007 2.04628 2.29265 2.01466 1.51881 1.36573 1.36363 1.33501 1.36762 0.739639 1.10367 0.856572 1.24025 1.24476 1.22973 1.16865 1.2617 1.27113 2.207 1.80209 1.4417 1.47383 1.66539 1.18045 1.24718 1.22857 0.975456 1.34149 1.17625 2.48142 2.20806 2.75742 2.15232 2.06961 1.93833 1.84988 
RBFGaussian_iters8_phase_shifts4_Naive_full_pi_is_0
 2.71007 2.04628 2.29265 2.01466 1.51881 1.36573 1.36363 1.33501 1.36762 0.739639 1.10367 0.856572 1.24025 1.24476 1.22973 1.16865 1.2617 1.27113 2.207 1.80209 1.4417 1.47383 1.66539 1.18045 1.24718 1.22857 0.975456 1.34149 1.17625 2.48142 2.20806 2.75742 2.15232 2.06961 1.93833 1.84988 
RBFTPS_iters9_phase_shifts9_Naive_full_pi_is_0
 1.41781 1.78872 1.78711 2.0435 1.72747 1.82013 1.8082 1.79556 2.39348 0.535555 0.549098 0.685533 1.10669 1.21362 1.1345 1.1042 1.22627 1.20231 1.58185 1.499 1.23432 1.28556 1.18797 0.953176 1.00189 1.09336 1.02259 3.83218 1.74454 2.21123 1.84047 2.31544 2.23374 2.00144 1.82194 1.78555 
RBFMultiquadricManual_iters7_phase_shifts6_Naive_full_pi_is_1
 0.886545 1.39329 1.38794 1.34513 1.1587 1.07387 1.08236 1.16855 1.24028 4.52684 2.73116 3.12313 2.08987 2.15228 2.12552 2.09541 2.01959 2.04503 0.905758 0.830927 0.931333 0.85439 0.931476 1.32124 1.25736 1.33683 1.208 0.954518 1.64909 1.38717 1.09728 1.17822 1.28669 1.21497 1.13518 1.16994 
RBFMultiquadricManual_iters3_phase_shifts6_Naive_full_pi_is_1
 0.563332 0.947388 0.905102 0.980237 0.94906 0.893599 0.901975 1.08547 1.05789 4.8299 2.97893 3.46769 2.96268 2.40197 2.36349 2.24316 2.07609 2.04219 0.758044 0.675724 0.796758 0.735511 0.853985 1.05417 1.08112 1.02834 1.18324 0.427834 1.05117 1.02604 1.12818 0.872927 0.953929 0.970669 0.973834 0.975158 
RBFMultiquadricManual_iters9_phase_shifts2_Naive_full_pi_is_1
 0.639994 0.965453 1.00018 0.997143 0.947145 0.93446 0.937285 0.915242 0.992355 4.32987 4.1169 3.09298 2.58221 2.20673 2.0278 2.08808 1.99835 2.01173 0.606611 0.758378 0.839784 0.847714 0.879331 1.02516 1.05552 1.08954 1.12286 0.425925 1.83654 1.2719 1.2965 0.980019 1.1264 1.12871 1.07753 1.10082 
RBFMultiquadricManual_iters8_phase_shifts1_Naive_full_pi_is_1
 0.902472 0.555295 0.552561 0.461736 0.898477 0.805484 0.811082 0.678261 0.729849 4.29321 6.22294 3.26517 1.21995 1.1791 1.17841 1.19891 1.1702 1.22131 0.614232 0.849747 1.03597 1.04242 1.02466 1.03948 1.01612 1.04345 1.07404 0.595243 2.02283 1.28711 1.26179 1.01621 0.986629 1.01477 0.949852 0.986116 
RBFMultiquadricManual_iters8_phase_shifts1_Naive_full_pi_is_0
 0.902472 0.555295 0.552561 0.461736 0.898477 0.805484 0.811082 0.678261 0.729849 4.29321 6.22294 3.26517 1.21995 1.1791 1.17841 1.19891 1.1702 1.22131 0.614232 0.849747 1.03597 1.04242 1.02466 1.03948 1.01612 1.04345 1.07404 0.595243 2.02283 1.28711 1.26179 1.01621 0.986629 1.01477 0.949852 0.986116 
RBFMultiquadricManual_iters8_phase_shifts1_NaiveFTFracDir_full_pi_is_0
 0.902472 0.555295 0.552561 0.461736 0.898477 0.805484 0.811082 0.678261 0.729849 4.29321 6.22294 3.26517 1.21995 1.1791 1.17841 1.19891 1.1702 1.22131 0.614232 0.849747 1.03597 1.04242 1.02466 1.03948 1.01612 1.04345 1.07404 0.595243 2.02283 1.28711 1.26179 1.01621 0.986629 1.01477 0.949852 0.986116 
RBFMultiquadricManual_iters8_phase_shifts1_NaiveFTFracDir_full_pi_is_1
 0.902472 0.555295 0.552561 0.461736 0.898477 0.805484 0.811082 0.678261 0.729849 4.29321 6.22294 3.26517 1.21995 1.1791 1.17841 1.19891 1.1702 1.22131 0.614232 0.849747 1.03597 1.04242 1.02466 1.03948 1.01612 1.04345 1.07404 0.595243 2.02283 1.28711 1.26179 1.01621 0.986629 1.01477 0.949852 0.986116 
IDW_iters7_phase_shifts9_Naive_full_pi_is_0
 3.05579 2.44524 2.55313 2.14822 1.74122 1.62563 1.67323 1.60575 1.93058 0.440473 0.626902 0.709296 1.23419 1.20814 1.18642 1.12708 1.23381 1.26207 2.34735 2.00059 1.53909 1.54552 1.46762 1.21464 1.15202 1.29627 1.09715 1.18776 0.905866 2.20696 1.53643 2.38766 2.15562 1.92424 1.79898 1.73104 
RBFBell_iters7_phase_shifts8_Naive_full_pi_is_0
 2.52053 2.07209 2.37466 2.03281 1.50863 1.41121 1.41838 1.46434 1.46165 0.689106 0.959978 0.716108 1.2611 1.33131 1.25635 1.2451 1.27927 1.2361 2.37764 1.93001 1.53155 1.55864 1.48076 1.13573 1.1812 1.22023 1.15687 1.42076 1.20412 2.69348 2.01686 2.9054 2.13653 2.1505 1.84461 1.85329 
RBFGaussian_iters7_phase_shifts8_Naive_full_pi_is_0
 2.52053 2.07209 2.37466 2.03281 1.50863 1.41121 1.41838 1.46434 1.46165 0.689106 0.959978 0.716108 1.2611 1.33131 1.25635 1.2451 1.27927 1.2361 2.37764 1.93001 1.53155 1.55864 1.48076 1.13573 1.1812 1.22023 1.15687 1.42076 1.20412 2.69348 2.01686 2.9054 2.13653 2.1505 1.84461 1.85329 
RBFMultiquadricManual_iters4_phase_shifts4_Naive_full_pi_is_1
 0.506692 0.960509 0.93294 0.982142 0.875131 0.831063 0.837005 0.966985 0.930164 5.02443 3.29705 3.66957 2.80755 2.35774 2.19661 2.2527 1.97092 1.94695 0.71978 0.660278 0.81148 0.793005 0.886099 0.891132 1.02641 0.984959 1.17293 0.643973 1.10243 1.09375 1.137 0.90602 1.0096 0.998907 1.02912 1.03807 
RBFMultiquadricManual_iters8_phase_shifts9_Naive_full_pi_is_1
 1.40733 1.6658 1.6523 1.55356 1.12481 1.13528 1.14218 1.22564 1.33366 4.45897 2.88155 3.13921 1.93893 1.97349 1.98247 1.97934 1.9382 1.9671 0.820363 0.537479 0.914293 0.818438 0.9083 1.59011 1.3855 1.47495 1.26121 0.871115 1.69236 1.50625 1.01905 1.47043 1.02973 1.24224 1.32572 1.24434 
IDW_iters8_phase_shifts4_Naive_full_pi_is_0
 2.46742 2.57192 2.08026 2.41333 1.37808 1.22876 1.26318 1.25703 1.61008 0.529819 0.804814 0.845718 1.3975 1.32036 1.49795 1.34681 1.47392 1.48268 2.33298 2.17955 1.55012 1.64027 1.39385 1.35154 1.25501 1.37065 1.20601 1.36012 0.9926 2.30832 1.67205 2.52949 2.37465 2.07269 2.02828 1.93041 
RBFMultiquadricAuto_iters5_phase_shifts6_Naive_full_pi_is_0
 1.35631 2.12827 1.32845 1.94057 1.37449 1.48524 1.49686 1.49766 2.1403 1.20408 1.49852 1.59776 2.04095 1.81511 1.7972 1.71131 1.8022 1.75964 1.86089 1.68544 1.52443 1.52622 1.30035 1.15051 1.17863 1.36599 1.29188 2.03523 1.06425 2.24008 1.82184 1.7869 2.28307 2.19044 2.05424 1.99335 
RBFBell_iters7_phase_shifts9_Naive_full_pi_is_0
 2.56413 1.98683 2.46432 1.76765 1.65491 1.41037 1.42199 1.43166 1.45844 0.745148 1.13222 0.829179 1.34172 1.44078 1.36781 1.33976 1.34729 1.33133 2.3507 1.88604 1.512 1.54853 1.46563 1.11136 1.15199 1.21133 1.07929 1.69195 1.21868 2.69258 2.05979 2.91923 2.19491 2.07631 1.84215 1.82863 
RBFGaussian_iters7_phase_shifts9_Naive_full_pi_is_0
 2.56413 1.98683 2.46432 1.76765 1.65491 1.41037 1.42199 1.43166 1.45844 0.745148 1.13222 0.829179 1.34172 1.44078 1.36781 1.33976 1.34729 1.33133 2.3507 1.88604 1.512 1.54853 1.46563 1.11136 1.15199 1.21133 1.07929 1.69195 1.21868 2.69258 2.05979 2.91923 2.19491 2.07631 1.84215 1.82863 
RBFMultiquadricManual_iters7_phase_shifts7_Naive_full_pi_is_1
 1.09272 1.37567 1.37143 1.32767 1.05859 1.07187 1.07955 1.17031 1.32425 4.76176 2.7356 3.29841 2.17929 2.2082 2.16544 2.15364 2.05538 2.07172 0.636878 0.834481 0.933993 0.804741 0.935336 1.4106 1.34263 1.31338 1.2386 0.936919 1.56235 1.36037 1.07429 1.15759 1.29084 1.21722 1.14256 1.17882 
RBFMultiquadricManual_iters6_phase_shifts4_Naive_full_pi_is_1
 0.796609 1.3793 1.3611 1.16865 1.02461 0.988638 0.992613 1.06952 1.05661 5.16549 2.87718 3.18204 2.57208 2.31709 2.16169 2.20032 2.0267 1.99804 0.68816 0.499284 0.794815 0.767791 0.859485 1.0613 1.16096 1.15863 1.28561 0.425594 1.53573 1.25484 1.27405 1.06488 1.17157 1.09472 1.11652 1.1491 
RBFBell_iters7_phase_shifts5_Naive_full_pi_is_0
 2.8997 2.08497 2.18787 1.85733 1.49437 1.36924 1.37411 1.32206 1.54478 0.703957 0.964511 0.776585 1.28802 1.34373 1.33233 1.2399 1.30521 1.31086 2.1296 1.77196 1.49887 1.53374 1.50527 1.15115 1.45853 1.22336 1.05444 2.78534 1.47044 2.62388 2.18486 2.56252 2.02276 1.924 1.77676 1.79042 
RBFGaussian_iters7_phase_shifts5_Naive_full_pi_is_0
 2.8997 2.08497 2.18787 1.85733 1.49437 1.36924 1.37411 1.32206 1.54478 0.703957 0.964511 0.776585 1.28802 1.34373 1.33233 1.2399 1.30521 1.31086 2.1296 1.77196 1.49887 1.53374 1.50527 1.15115 1.45853 1.22336 1.05444 2.78534 1.47044 2.62388 2.18486 2.56252 2.02276 1.924 1.77676 1.79042 
RBFMultiquadricManual_iters6_phase_shifts3_Naive_full_pi_is_1
 0.48953 1.25489 1.24616 1.54959 1.0404 0.960952 0.961142 0.989279 1.01204 5.19946 3.01826 3.25865 2.59997 2.34198 2.1456 2.19597 1.99105 2.0285 0.670166 0.705081 0.811352 0.809514 0.868264 1.08578 1.10867 1.15839 1.24765 0.39871 1.50468 1.11766 1.25493 0.953397 1.0916 1.04055 1.07345 1.08372 
IDW_iters7_phase_shifts8_Naive_full_pi_is_0
 3.04408 2.92374 2.63362 2.18407 1.93583 1.65865 1.63926 1.68213 1.84195 0.50046 0.612626 0.597161 1.23327 1.15503 1.19347 1.16725 1.26482 1.30322 2.32546 2.00785 1.53815 1.54835 1.37184 1.19695 1.15536 1.28873 1.08925 1.23078 1.10419 2.21055 1.65814 2.44397 2.05289 1.87593 1.77583 1.7156 
RBFMultiquadricManual_iters3_phase_shifts1_NaiveFTFracDir_full_pi_is_0
 0.901478 0.510417 0.494648 0.463714 0.770147 0.718652 0.725023 0.672413 0.767998 5.52962 2.34121 3.07817 3.03236 2.91407 2.69904 2.49645 2.36719 2.15097 0.762919 0.880677 1.01401 1.03833 0.983032 0.8957 0.854726 0.839083 1.06116 1.2428 1.27449 0.897156 0.949373 0.882585 0.785564 0.818151 0.814291 0.785924 
RBFMultiquadricManual_iters3_phase_shifts1_NaiveFTFracDir_full_pi_is_1
 0.901478 0.510417 0.494648 0.463714 0.770147 0.718652 0.725023 0.672413 0.767998 5.52962 2.34121 3.07817 3.03236 2.91407 2.69904 2.49645 2.36719 2.15097 0.762919 0.880677 1.01401 1.03833 0.983032 0.8957 0.854726 0.839083 1.06116 1.2428 1.27449 0.897156 0.949373 0.882585 0.785564 0.818151 0.814291 0.785924 
RBFMultiquadricManual_iters3_phase_shifts1_Naive_full_pi_is_1
 0.901478 0.510417 0.494648 0.463714 0.770147 0.718652 0.725023 0.672413 0.767998 5.52962 2.34121 3.07817 3.03236 2.91407 2.69904 2.49645 2.36719 2.15097 0.762919 0.880677 1.01401 1.03833 0.983032 0.8957 0.854726 0.839083 1.06116 1.2428 1.27449 0.897156 0.949373 0.882585 0.785564 0.818151 0.814291 0.785924 
RBFMultiquadricManual_iters3_phase_shifts1_Naive_full_pi_is_0
 0.901478 0.510417 0.494648 0.463714 0.770147 0.718652 0.725023 0.672413 0.767998 5.52962 2.34121 3.07817 3.03236 2.91407 2.69904 2.49645 2.36719 2.15097 0.762919 0.880677 1.01401 1.03833 0.983032 0.8957 0.854726 0.839083 1.06116 1.2428 1.27449 0.897156 0.949373 0.882585 0.785564 0.818151 0.814291 0.785924 
RBFMultiquadricManual_iters6_phase_shifts5_NaiveFTFracDir_full_pi_is_1
 0.68747 1.04268 1.07433 0.931559 0.978617 0.930748 0.950743 0.921849 1.09461 4.96169 2.83143 3.65613 2.7704 2.62411 2.41146 2.26691 2.06729 2.0903 0.84648 0.891017 1.02402 1.02864 1.11844 1.12146 1.2547 1.12532 1.07126 0.586264 1.11604 0.942428 1.13478 1.01667 0.980463 0.955594 0.967737 0.995911 
RBFMultiquadricAuto_iters5_phase_shifts7_Naive_full_pi_is_0
 1.3897 1.87935 1.27073 1.92408 1.41454 1.52465 1.54009 1.53139 2.20153 1.21811 1.58618 1.63344 2.02294 1.811 1.76382 1.7079 1.81333 1.76165 1.89019 1.70009 1.53871 1.54655 1.35418 1.15421 1.18769 1.38556 1.30786 2.13108 1.23573 2.36053 1.75563 1.81382 2.32991 2.23287 2.07879 2.0215 
RBFMultiquadricAuto_iters5_phase_shifts8_Naive_full_pi_is_0
 1.38882 2.06783 1.14509 1.93939 1.44081 1.57692 1.58835 1.52181 2.2652 1.15353 1.51861 1.58945 2.02485 1.75855 1.76316 1.6581 1.78196 1.70322 1.89014 1.70965 1.54055 1.54641 1.34845 1.16164 1.19522 1.3971 1.31457 2.1373 1.18281 2.44049 1.60065 1.80973 2.28215 2.27146 2.11643 2.05222 
RBFGaussian_iters7_phase_shifts7_Naive_full_pi_is_0
 2.46496 1.84766 2.28151 1.72169 1.49034 1.37626 1.56341 1.33727 1.56019 0.981232 1.09662 1.01897 1.3818 1.42282 1.36502 1.32592 1.35931 1.31999 2.37138 1.92162 1.54339 1.56196 1.5095 1.16466 1.47861 1.25904 1.11631 2.45759 1.2659 2.64689 2.17337 2.67937 2.17116 2.09054 1.79555 1.82985 
RBFBell_iters7_phase_shifts7_Naive_full_pi_is_0
 2.46496 1.84766 2.28151 1.72169 1.49034 1.37626 1.56341 1.33727 1.56019 0.981232 1.09662 1.01897 1.3818 1.42282 1.36502 1.32592 1.35931 1.31999 2.37138 1.92162 1.54339 1.56196 1.5095 1.16466 1.47861 1.25904 1.11631 2.45759 1.2659 2.64689 2.17337 2.67937 2.17116 2.09054 1.79555 1.82985 
RBFMultiquadricManual_iters7_phase_shifts9_Naive_full_pi_is_1
 0.816028 1.33346 1.33813 1.30933 0.97032 1.05588 1.06495 1.12617 1.2998 4.82104 3.04398 3.42606 2.20308 2.19155 2.16984 2.20499 2.10129 2.10303 0.639665 0.849873 1.00403 0.860315 0.977239 1.4067 1.21772 1.29405 1.18822 0.924554 1.52413 1.44953 1.01494 1.14939 1.26255 1.20655 1.19554 1.17953 
RBFMultiquadricAuto_iters5_phase_shifts9_Naive_full_pi_is_0
 1.43735 1.87259 1.14986 1.97039 1.4675 1.62286 1.61741 1.53745 2.41576 1.14692 1.49098 1.58679 2.03847 1.7617 1.74203 1.68516 1.80768 1.7195 1.86027 1.70861 1.42908 1.55156 1.3513 1.16268 1.1993 1.39924 1.32124 2.18238 1.17973 2.4864 1.62928 1.72396 2.39094 2.30291 2.13428 2.07179 
IDW_iters9_phase_shifts3_Naive_full_pi_is_0
 4.09505 2.42769 2.13352 2.22985 1.26908 1.18694 1.23122 1.32665 1.3886 0.486197 0.785081 1.03355 1.30443 1.2592 1.23071 1.2366 1.37877 1.35853 2.6857 2.3706 1.72331 1.73747 1.52975 1.4491 1.34424 1.43371 1.18234 1.2598 0.79696 1.88866 1.66427 2.21184 2.01045 1.85714 1.94355 1.78323 
Makima_iters8_phase_shifts8_Naive_full_pi_is_0
 1.21611 2.21959 1.58478 1.83887 1.50069 1.63895 1.58927 1.58178 1.35535 0.439578 0.718118 0.606802 0.908112 0.98318 0.883621 0.989992 0.891774 0.929207 1.18412 1.25902 1.01297 1.06332 1.03978 0.827108 0.740265 0.948848 0.990487 7.23183 1.78074 2.08679 0.954031 1.44984 1.37813 1.32794 1.24803 1.27102 
RBFMultiquadricManual_iters3_phase_shifts9_Naive_full_pi_is_0
 0.712109 0.762741 0.776971 0.829926 1.07353 1.08721 1.09898 1.1332 1.48569 3.77294 2.45294 2.97257 2.66095 2.22385 2.21443 2.06099 1.89922 2.01106 1.20705 1.13958 1.04696 1.0778 1.03711 0.963888 0.88336 0.892038 1.03635 1.01832 3.13051 2.38986 1.85463 1.80708 1.74298 1.55474 1.54401 1.58095 
RBFMultiquadricManual_iters8_phase_shifts2_Naive_full_pi_is_1
 0.625201 0.946358 0.977972 0.968691 0.946757 0.94392 0.950496 0.926879 0.976341 4.87347 4.1061 3.35029 2.7534 2.36025 2.12725 2.17456 2.07219 2.1249 0.812007 0.692575 0.841901 0.8481 0.935136 0.907332 1.04385 1.07012 1.14948 0.443459 1.75237 1.28189 1.28505 0.960592 1.10043 1.09606 1.05333 1.07369 
RBFMultiquadricManual_iters4_phase_shifts5_Naive_full_pi_is_1
 0.607901 1.00415 0.972546 1.25082 0.947032 0.898555 0.901908 0.997973 0.964607 5.09246 3.26512 3.71323 2.95672 2.4833 2.34642 2.31977 2.07284 2.07093 0.717897 0.657158 0.779702 0.775529 0.844297 1.18931 1.11056 1.08744 1.24258 0.628848 1.12577 1.13995 1.15122 0.93849 1.05618 1.02517 1.05062 1.06083 
RBFMultiquadricManual_iters5_phase_shifts2_Naive_full_pi_is_1
 0.790706 0.929056 0.94463 0.996511 0.951423 0.907689 0.913622 1.03605 0.952132 5.20718 3.09796 3.65609 2.90441 2.51809 2.31192 2.3025 2.10095 2.1452 0.770612 0.787006 0.883335 0.859325 0.899446 1.15074 1.01781 0.999305 1.13533 0.603021 1.63096 1.17524 1.23364 0.83694 0.970153 0.978278 0.98538 0.989589 
RBFMultiquadricManual_iters5_phase_shifts3_Naive_full_pi_is_1
 0.78611 1.08469 1.08518 1.09109 1.00235 0.926405 0.956366 1.10078 1.04564 5.26827 3.02824 3.76474 2.89247 2.48174 2.28358 2.28495 2.07294 2.06636 0.697275 0.656665 0.797559 0.791634 0.844829 0.97698 1.01746 1.03882 1.18419 0.678045 1.38419 1.09294 1.20626 0.932038 1.02868 0.998859 1.03206 1.04623 
RBFMultiquadricManual_iters3_phase_shifts8_Naive_full_pi_is_0
 0.71698 0.745109 0.79261 0.849296 1.06593 1.07902 1.08971 1.11923 1.45278 3.83336 2.82027 3.01799 2.75709 2.23722 2.32652 2.05181 1.88839 2.00449 1.2042 1.13906 1.0456 1.07683 1.01787 0.961057 0.881545 0.871912 1.02001 0.794668 3.00215 2.29479 1.80803 1.76168 1.6962 1.52291 1.51614 1.55467 
RBFBell_iters7_phase_shifts6_Naive_full_pi_is_0
 2.4273 2.00747 2.32499 1.74576 1.43053 1.32822 1.30153 1.39761 1.4158 0.720896 0.862543 0.804473 1.27955 1.31075 1.29455 1.22879 1.32433 1.3214 2.26056 1.90533 1.52862 1.55157 1.52034 1.16139 1.45748 1.24621 1.11067 3.72578 1.46214 2.66143 2.20937 2.60412 2.10984 2.03868 1.77498 1.81441 
RBFGaussian_iters7_phase_shifts6_Naive_full_pi_is_0
 2.4273 2.00747 2.32499 1.74576 1.43053 1.32822 1.30153 1.39761 1.4158 0.720896 0.862543 0.804473 1.27955 1.31075 1.29455 1.22879 1.32433 1.3214 2.26056 1.90533 1.52862 1.55157 1.52034 1.16139 1.45748 1.24621 1.11067 3.72578 1.46214 2.66143 2.20937 2.60412 2.10984 2.03868 1.77498 1.81441 
RBFMultiquadricManual_iters7_phase_shifts8_Naive_full_pi_is_1
 1.09317 1.4009 1.39575 1.34871 1.0484 1.11154 1.11988 1.17282 1.33934 4.87863 2.88054 3.50612 2.24518 2.24016 2.20282 2.22414 2.11705 2.13083 0.629451 0.851877 1.00823 0.869462 0.981815 1.4358 1.37114 1.32958 1.24958 0.934984 1.55409 1.35295 1.04632 1.16673 1.27172 1.22148 1.21461 1.19153 
Makima_iters9_phase_shifts7_Naive_full_pi_is_0
 1.17357 1.25669 0.97889 0.839283 0.811528 1.20569 1.25288 1.03877 1.07762 0.520458 0.717139 0.632112 1.13543 1.23278 1.2599 1.25004 1.09584 1.16201 1.01826 1.23052 1.00161 1.07505 0.927021 0.852977 0.756624 0.966595 0.987515 7.71573 2.04494 2.21396 1.37393 1.82642 1.72899 1.50448 1.42617 1.45867 
RBFMultiquadricManual_iters9_phase_shifts1_NaiveFTFracDir_full_pi_is_1
 0.845043 0.5496 0.547365 0.439316 0.892411 0.804324 0.810996 0.664441 0.716407 4.93029 6.22216 3.84817 1.1935 1.15067 1.20727 1.24355 1.1431 1.1692 0.606369 0.77777 1.03982 1.04124 0.916056 1.02894 1.00072 1.07616 1.08294 0.334812 2.13125 1.32259 1.27401 1.04479 0.97736 1.06912 0.961525 1.00051 
RBFMultiquadricManual_iters9_phase_shifts1_Naive_full_pi_is_0
 0.845043 0.5496 0.547365 0.439316 0.892411 0.804324 0.810996 0.664441 0.716407 4.93029 6.22216 3.84817 1.1935 1.15067 1.20727 1.24355 1.1431 1.1692 0.606369 0.77777 1.03982 1.04124 0.916056 1.02894 1.00072 1.07616 1.08294 0.334812 2.13125 1.32259 1.27401 1.04479 0.97736 1.06912 0.961525 1.00051 
RBFMultiquadricManual_iters9_phase_shifts1_Naive_full_pi_is_1
 0.845043 0.5496 0.547365 0.439316 0.892411 0.804324 0.810996 0.664441 0.716407 4.93029 6.22216 3.84817 1.1935 1.15067 1.20727 1.24355 1.1431 1.1692 0.606369 0.77777 1.03982 1.04124 0.916056 1.02894 1.00072 1.07616 1.08294 0.334812 2.13125 1.32259 1.27401 1.04479 0.97736 1.06912 0.961525 1.00051 
RBFMultiquadricManual_iters9_phase_shifts1_NaiveFTFracDir_full_pi_is_0
 0.845043 0.5496 0.547365 0.439316 0.892411 0.804324 0.810996 0.664441 0.716407 4.93029 6.22216 3.84817 1.1935 1.15067 1.20727 1.24355 1.1431 1.1692 0.606369 0.77777 1.03982 1.04124 0.916056 1.02894 1.00072 1.07616 1.08294 0.334812 2.13125 1.32259 1.27401 1.04479 0.97736 1.06912 0.961525 1.00051 
RBFMultiquadricManual_iters4_phase_shifts6_Naive_full_pi_is_1
 0.620163 1.05125 1.0652 0.96487 1.00216 0.919013 0.925269 1.10753 0.984462 5.10202 3.30852 3.73348 3.00145 2.48513 2.32838 2.32278 2.09126 2.08787 0.701723 0.662303 0.785246 0.776503 0.846365 1.20729 1.13517 1.0914 1.33635 0.54568 1.1186 1.16329 1.17685 0.964395 1.10355 1.07769 1.08858 1.10411 
RBFMultiquadricManual_iters3_phase_shifts7_Naive_full_pi_is_0
 0.707691 0.729765 0.782633 1.22342 1.04002 1.06212 1.06827 1.2414 1.40226 3.77112 2.86978 3.05858 2.79672 2.2626 2.39911 2.0804 1.91718 2.02443 1.19732 1.15254 1.05789 1.08911 1.02459 0.958549 0.883183 0.896924 1.03305 0.690303 2.97267 2.28395 1.84691 1.74166 1.66034 1.49563 1.47426 1.5345 
RBFMultiquadricManual_iters5_phase_shifts4_Naive_full_pi_is_1
 0.491753 1.22136 1.20849 1.04948 1.00622 0.979065 0.983628 0.980462 1.0664 5.37616 3.05147 3.89575 2.84428 2.47288 2.26328 2.3496 2.10116 2.06443 0.657763 0.631695 0.760374 0.766139 0.845118 0.909751 1.0343 1.04277 1.21041 0.458136 1.23519 1.01277 1.14961 0.95228 1.06964 1.02181 1.05827 1.08256 
RBFMultiquadricAuto_iters7_phase_shifts4_Naive_full_pi_is_0
 2.60349 1.57923 1.63172 2.22848 1.34577 1.42782 1.41901 1.53874 2.20423 0.901914 1.60327 1.64982 1.97125 1.59416 1.5997 1.60189 1.65973 1.59411 2.25603 2.03565 1.68578 1.68539 1.45105 1.25426 1.20088 1.49126 1.2433 0.924256 0.980729 2.12017 1.63636 2.37993 2.52963 2.37201 2.22196 2.18196 
RBFMultiquadricAuto_iters8_phase_shifts3_Naive_full_pi_is_0
 2.59079 1.61919 1.68018 2.6276 1.07321 1.10484 1.10694 1.25455 2.08512 1.03725 2.00635 1.5776 1.88676 1.71177 1.77615 1.63887 1.68573 1.64731 2.0694 2.0424 1.63647 1.64185 1.50248 1.36999 1.33162 1.50283 1.23669 1.25153 1.05863 2.1694 1.68606 2.32836 2.48379 2.31651 2.1869 2.15665 
RBFBell_iters8_phase_shifts9_Naive_full_pi_is_0
 1.16374 1.96691 2.26932 1.82852 1.66859 1.54793 1.59865 1.49215 1.62865 0.629493 1.08712 0.85773 1.43437 1.4474 1.41671 1.3168 1.43605 1.40694 3.17868 2.42098 1.8169 1.8231 1.70317 1.32696 1.54394 1.48121 1.14956 1.7108 1.4312 2.88328 1.77719 2.80978 2.1974 2.07971 1.87812 1.91754 
RBFGaussian_iters8_phase_shifts9_Naive_full_pi_is_0
 1.16374 1.96691 2.26932 1.82852 1.66859 1.54793 1.59865 1.49215 1.62865 0.629493 1.08712 0.85773 1.43437 1.4474 1.41671 1.3168 1.43605 1.40694 3.17868 2.42098 1.8169 1.8231 1.70317 1.32696 1.54394 1.48121 1.14956 1.7108 1.4312 2.88328 1.77719 2.80978 2.1974 2.07971 1.87812 1.91754 
RBFMultiquadricManual_iters6_phase_shifts5_Naive_full_pi_is_1
 0.777215 1.44308 1.4458 1.20776 1.0476 1.00849 1.01346 1.11511 1.13397 5.12898 2.91613 3.13308 2.89162 2.61489 2.44958 2.44709 2.2632 2.28592 0.655721 0.500904 0.850414 0.826461 0.89442 1.23923 1.21364 1.22729 1.26 0.597161 1.48023 1.27633 1.09745 1.09595 1.22015 1.15695 1.17862 1.12221 
RBFMultiquadricManual_iters3_phase_shifts6_Naive_full_pi_is_0
 0.686555 0.678366 0.780751 0.990122 0.8981 0.948581 0.962063 1.20867 1.50537 3.84706 2.85314 3.11741 2.89587 2.36192 2.36697 2.15447 2.00464 2.07926 1.18926 1.16255 1.05473 1.08946 1.03886 0.934731 0.877009 0.879254 1.02749 0.73924 3.15071 2.34904 1.8696 1.74068 1.64771 1.49408 1.47003 1.52586 
RBFMultiquadricManual_iters4_phase_shifts3_NaiveFTFracDir_full_pi_is_0
 1.14252 0.740679 0.685219 0.788526 0.804856 0.810757 0.855115 0.803927 0.791997 4.99149 3.98136 3.99775 2.96552 2.69034 2.52233 2.30658 2.08586 2.05023 0.696863 0.878634 0.976786 1.03677 0.877385 0.848631 1.01363 0.917626 1.00526 1.18916 1.20632 0.96913 1.1151 0.914055 0.899429 0.948262 0.966872 0.969973 
RBFMultiquadricManual_iters3_phase_shifts5_Naive_full_pi_is_0
 0.927144 0.677459 0.740354 0.941403 0.929815 0.957111 0.971332 1.18062 1.4114 3.98469 2.94973 3.28615 2.93614 2.41903 2.42468 2.28147 2.0213 2.09214 1.17702 1.15514 1.06195 1.10151 1.03628 0.985721 0.934956 0.950792 1.07756 0.799839 2.75238 2.25218 1.82238 1.69555 1.6194 1.46463 1.44141 1.49698 
RBFGaussian_iters8_phase_shifts6_Naive_full_pi_is_0
 2.6018 1.62025 1.94328 1.57854 1.4954 1.45324 1.48044 1.50082 1.56346 0.722845 1.15316 0.942047 1.39353 1.34811 1.36481 1.23993 1.35035 1.39232 3.00375 2.33608 1.78072 1.77066 1.67023 1.28249 1.41127 1.37675 1.10563 3.56148 1.37338 2.75888 1.75587 2.65501 2.0299 1.9798 1.81548 1.85388 
RBFBell_iters8_phase_shifts6_Naive_full_pi_is_0
 2.6018 1.62025 1.94328 1.57854 1.4954 1.45324 1.48044 1.50082 1.56346 0.722845 1.15316 0.942047 1.39353 1.34811 1.36481 1.23993 1.35035 1.39232 3.00375 2.33608 1.78072 1.77066 1.67023 1.28249 1.41127 1.37675 1.10563 3.56148 1.37338 2.75888 1.75587 2.65501 2.0299 1.9798 1.81548 1.85388 
Makima_iters9_phase_shifts8_Naive_full_pi_is_0
 1.13793 2.46441 2.11596 1.96943 1.43346 1.74977 1.82493 1.52322 1.49482 0.518961 0.626533 0.607738 1.08893 1.21008 1.09006 1.20791 1.07339 1.11013 1.02561 1.23491 0.978885 1.04936 0.925339 0.854651 0.745321 0.955867 0.979905 7.13883 1.95742 2.07202 1.29557 1.73961 1.66372 1.47644 1.39715 1.44183 
RBFBell_iters9_phase_shifts4_Naive_full_pi_is_0
 1.38006 2.30047 2.59647 2.34084 1.52727 1.53432 1.52245 1.46438 1.58898 0.902161 1.3161 0.936067 1.38316 1.33505 1.45546 1.26754 1.34198 1.38403 2.82824 2.20608 1.64523 1.62828 1.67376 1.26895 1.39114 1.35805 0.97876 0.699529 1.26251 2.53358 2.32491 3.11179 2.68191 2.40914 2.30945 2.17731 
RBFGaussian_iters9_phase_shifts4_Naive_full_pi_is_0
 1.38006 2.30047 2.59647 2.34084 1.52727 1.53432 1.52245 1.46438 1.58898 0.902161 1.3161 0.936067 1.38316 1.33505 1.45546 1.26754 1.34198 1.38403 2.82824 2.20608 1.64523 1.62828 1.67376 1.26895 1.39114 1.35805 0.97876 0.699529 1.26251 2.53358 2.32491 3.11179 2.68191 2.40914 2.30945 2.17731 
RBFMultiquadricAuto_iters6_phase_shifts5_Naive_full_pi_is_0
 2.26544 1.55125 1.74445 1.92816 1.36848 1.40832 1.41732 1.57304 2.30535 1.06268 1.68895 1.68066 2.10806 1.81479 1.81116 1.73592 1.79104 1.74937 2.13509 1.90402 1.64532 1.64593 1.42156 1.32207 1.15536 1.46462 1.28246 2.14861 1.10873 2.39221 1.94926 2.03871 2.55723 2.42558 2.30676 2.20785 
RBFBell_iters8_phase_shifts5_Naive_full_pi_is_0
 1.48803 2.53535 2.66315 2.28647 1.74299 1.56002 1.59378 1.56072 1.65857 0.740534 1.05147 0.902237 1.31082 1.30554 1.32031 1.26787 1.29827 1.33058 2.72713 2.00186 1.61986 1.6337 1.76962 1.18165 1.31685 1.3021 1.05447 3.29527 1.37878 2.84741 1.81724 2.70973 2.06398 2.00438 1.90008 1.91013 
RBFGaussian_iters8_phase_shifts5_Naive_full_pi_is_0
 1.48803 2.53535 2.66315 2.28647 1.74299 1.56002 1.59378 1.56072 1.65857 0.740534 1.05147 0.902237 1.31082 1.30554 1.32031 1.26787 1.29827 1.33058 2.72713 2.00186 1.61986 1.6337 1.76962 1.18165 1.31685 1.3021 1.05447 3.29527 1.37878 2.84741 1.81724 2.70973 2.06398 2.00438 1.90008 1.91013 
RBFMultiquadricManual_iters4_phase_shifts7_Naive_full_pi_is_1
 0.591527 1.09399 1.12122 0.974488 1.02982 0.940315 0.946279 1.13597 1.02542 5.41162 3.53598 3.89386 3.09105 2.53704 2.42376 2.41756 2.20052 2.1581 0.705002 0.668754 0.786175 0.773006 0.851263 1.19051 1.13294 1.06079 1.29589 0.443152 1.06611 1.15349 1.16304 0.969429 1.10439 1.08006 1.08112 1.10283 
RBFMultiquadricManual_iters6_phase_shifts6_Naive_full_pi_is_1
 0.779163 1.5492 1.51703 1.26071 1.06697 1.03122 1.02761 1.10542 1.1391 5.23332 2.97652 3.29122 2.97179 2.73828 2.54059 2.51194 2.30573 2.34105 0.639504 0.509677 0.951419 0.904619 0.963307 1.22279 1.19621 1.2193 1.19178 0.683957 1.45525 1.27805 1.08562 1.10687 1.22618 1.18131 1.18242 1.2228 
RBFMultiquadricAuto_iters6_phase_shifts6_Naive_full_pi_is_0
 1.58936 1.3536 1.4951 1.694 1.32943 1.51589 1.36733 1.54661 2.33331 1.19659 1.92985 1.82745 2.27177 1.86168 1.84834 1.80564 1.90507 1.84371 2.19607 1.94889 1.55086 1.67493 1.43592 1.34184 1.17632 1.49904 1.30793 2.20597 1.09971 2.43706 2.00445 2.1338 2.67773 2.5252 2.3593 2.28989 
RBFMultiquadricManual_iters4_phase_shifts8_Naive_full_pi_is_1
 0.579598 1.109 1.10492 0.973888 1.02735 0.936407 0.940173 1.13763 1.03119 5.42562 3.56974 3.90552 3.10852 2.6257 2.45109 2.4395 2.22586 2.18065 0.714623 0.663446 0.787495 0.769965 0.85081 1.19778 1.13868 1.06544 1.35035 0.469585 1.08243 1.16088 1.1762 1.02601 1.1221 1.09074 1.09234 1.11158 
IDW_iters8_phase_shifts5_Naive_full_pi_is_0
 3.62814 2.49849 2.2627 2.19132 1.7233 1.38798 1.36049 1.54614 2.05968 0.502999 0.748777 0.813344 1.42917 1.34018 1.5904 1.38033 1.46392 1.49398 2.41719 2.17908 1.61919 1.68401 1.44529 1.37414 1.27456 1.40342 1.19806 2.80575 0.79136 2.41863 1.59463 2.41309 2.44224 2.16733 2.0667 1.92179 
RBFMultiquadricManual_iters7_phase_shifts3_NaiveFTFracDir_full_pi_is_1
 0.647962 1.26771 1.19811 1.11474 1.03861 0.973228 0.975354 1.0718 1.22747 6.13031 6.76898 1.98824 0.91999 0.87954 0.973394 0.968315 0.976454 1.04608 0.736208 0.739261 0.970942 0.932804 0.954643 1.0516 1.15489 1.06771 1.13046 0.618606 1.15801 1.21357 1.36483 1.2214 1.1807 1.08892 1.11541 1.07371 
RBFMultiquadricManual_iters6_phase_shifts2_Naive_full_pi_is_1
 0.907182 0.944786 0.963332 1.0264 0.943263 0.900065 0.903781 0.943334 0.909952 5.90034 2.49067 3.93846 3.13748 2.74702 2.33033 2.42724 2.23647 2.33091 0.792672 0.703877 0.860027 0.847469 0.902228 0.968955 1.03704 1.05202 1.15615 0.833655 1.81693 1.23989 1.29558 0.872064 1.03342 1.01124 1.03165 1.05156 
RBFMultiquadricManual_iters6_phase_shifts9_Naive_full_pi_is_1
 0.915148 1.56806 1.53783 1.30548 1.04142 1.02337 1.02657 1.09375 1.19589 5.28058 2.97726 3.38536 2.93314 2.73899 2.57834 2.56734 2.37103 2.39444 0.885053 0.696411 0.860483 0.78925 0.880554 1.33933 1.12359 1.21856 1.16139 0.481623 1.39797 1.30383 1.05247 1.35178 1.27473 1.20748 1.21595 1.16967 
RBFMultiquadricManual_iters3_phase_shifts2_Naive_full_pi_is_0
 1.0902 0.801808 0.848548 0.806626 0.85528 0.943197 0.944299 0.924306 0.904599 5.17152 3.28902 3.81042 2.93015 2.81594 2.43616 2.25814 2.1589 2.10515 0.944747 0.916152 0.982908 1.03975 0.952409 0.988668 0.942547 0.9495 1.04757 0.924282 2.59216 1.67619 1.59577 1.41625 1.26372 1.18087 1.18262 1.21514 
RBFMultiquadricManual_iters6_phase_shifts7_Naive_full_pi_is_1
 0.787937 1.48489 1.47015 1.2261 1.03484 0.991778 1.00001 1.11054 1.13029 5.42932 2.99828 3.39851 2.99997 2.74089 2.61066 2.57332 2.37154 2.37811 0.851642 0.67811 0.834956 0.781586 0.875885 1.33695 1.25498 1.2484 1.21865 0.68298 1.46441 1.31613 1.10268 1.12342 1.2512 1.19614 1.20637 1.15883 
RBFMultiquadricManual_iters4_phase_shifts9_Naive_full_pi_is_1
 0.576921 1.1307 1.12493 0.985312 1.05368 0.957972 0.961342 1.08778 1.05383 5.47418 3.63241 3.99587 3.12588 2.60188 2.47404 2.45057 2.24988 2.19635 0.715546 0.566636 0.793274 0.77598 0.861701 1.3978 1.14868 1.15263 1.18454 0.502245 1.08029 1.16754 1.16989 1.03308 1.13334 1.09931 1.10876 1.1242 
RBFMultiquadricManual_iters3_phase_shifts3_Naive_full_pi_is_0
 0.919394 0.814768 0.805643 0.909926 0.869495 1.03756 1.03631 1.11012 0.992448 4.71361 3.05889 3.65752 3.17712 2.59022 2.55251 2.28791 2.09814 2.08102 1.13441 1.10493 1.02477 1.07096 0.994062 1.03904 0.970854 0.963428 1.04619 0.83237 2.77474 2.11863 1.7471 1.57775 1.49749 1.34068 1.29114 1.3852 
RBFMultiquadricManual_iters3_phase_shifts4_Naive_full_pi_is_0
 0.905904 0.730425 0.775788 0.982617 0.907874 0.901441 0.926486 1.11602 1.1256 4.54946 3.02184 3.49619 3.14279 2.67389 2.72577 2.33911 2.10609 2.11298 1.15071 1.14116 1.05718 1.09581 1.03631 1.01646 0.966321 0.984113 1.09417 0.595422 2.76366 2.22148 1.82011 1.64129 1.59537 1.4361 1.3995 1.47009 
RBFMultiquadricManual_iters5_phase_shifts5_Naive_full_pi_is_1
 0.767839 1.26091 1.27312 1.10667 1.02509 1.01736 1.02066 1.02398 1.11878 5.5352 3.20462 4.01848 3.09689 2.67083 2.57003 2.48867 2.28084 2.23055 0.648054 0.508643 0.816589 0.802234 0.88439 1.18258 1.11908 1.13585 1.33162 0.604085 1.27286 1.21797 1.24762 1.05513 1.17993 1.10902 1.13093 1.14611 
RBFMultiquadricManual_iters6_phase_shifts8_Naive_full_pi_is_1
 0.883486 1.51748 1.50585 1.26549 1.09876 1.00776 1.01951 1.12549 1.18466 5.41057 3.02147 3.46456 2.99001 2.74776 2.63244 2.58115 2.39189 2.40395 0.887412 0.696315 0.854051 0.812523 0.886138 1.3598 1.27277 1.26285 1.21262 0.539331 1.39476 1.30118 1.09182 1.33672 1.25909 1.19878 1.20508 1.15965 
RBFMultiquadricAuto_iters6_phase_shifts8_Naive_full_pi_is_0
 1.62651 1.39593 1.32624 1.69783 1.41401 1.55332 1.55514 1.54043 2.45959 1.31122 2.04382 1.97395 2.35884 1.85591 1.87906 1.84239 1.93741 1.92329 2.25678 1.97968 1.57154 1.69775 1.4426 1.34002 1.168 1.51963 1.32223 2.44056 1.0933 2.54576 1.79039 2.04563 2.76924 2.6525 2.42492 2.36163 
RBFMultiquadricManual_iters7_phase_shifts2_Naive_full_pi_is_1
 0.61751 1.06836 1.08447 1.1266 0.979172 0.95398 0.959449 0.946894 0.955301 6.0602 3.31807 3.85666 3.03388 2.74705 2.31577 2.35386 2.21362 2.29202 0.810741 0.711449 0.864228 0.856775 0.912849 0.986988 1.05047 1.07873 1.16622 0.756369 1.66534 1.22984 1.25264 0.899464 1.04911 1.02462 1.04845 1.05945 
RBFMultiquadricAuto_iters6_phase_shifts7_Naive_full_pi_is_0
 2.37546 1.52244 1.56155 1.78109 1.3682 1.57911 1.4506 1.54111 2.4792 1.22559 1.97425 1.89559 2.30303 1.83159 1.82636 1.78464 1.8778 1.86236 2.23525 1.96172 1.55939 1.68544 1.44202 1.34708 1.18279 1.51391 1.32151 2.39272 1.11683 2.41564 1.91028 2.00521 2.72418 2.59868 2.38453 2.31798 
RBFGaussian_iters8_phase_shifts8_Naive_full_pi_is_0
 1.76477 2.75696 2.88988 2.28085 1.88993 1.82639 1.82366 1.61622 1.79508 0.674002 1.01012 0.869852 1.36265 1.38627 1.35639 1.27033 1.32624 1.33237 3.36593 2.5531 1.90574 1.90422 1.71932 1.30421 1.3445 1.38353 1.1947 2.07978 1.52996 2.87179 1.7142 2.70584 2.22558 2.07093 1.89717 1.90552 
RBFBell_iters8_phase_shifts8_Naive_full_pi_is_0
 1.76477 2.75696 2.88988 2.28085 1.88993 1.82639 1.82366 1.61622 1.79508 0.674002 1.01012 0.869852 1.36265 1.38627 1.35639 1.27033 1.32624 1.33237 3.36593 2.5531 1.90574 1.90422 1.71932 1.30421 1.3445 1.38353 1.1947 2.07978 1.52996 2.87179 1.7142 2.70584 2.22558 2.07093 1.89717 1.90552 
RBFMultiquadricManual_iters8_phase_shifts3_NaiveFTFracDir_full_pi_is_1
 0.739133 1.18573 1.17988 1.08 1.06109 0.977027 0.968388 1.09809 1.31206 5.60789 7.38873 2.76001 0.982304 0.910876 1.02477 1.07279 1.03214 1.1378 0.772562 0.757656 0.790851 0.926382 0.909456 1.10289 1.26714 1.11 1.13245 0.553707 1.21108 1.2827 1.29676 1.25364 1.12613 1.09628 1.07671 1.09517 
IDW_iters9_phase_shifts4_Naive_full_pi_is_0
 4.11504 2.35155 2.37524 2.48487 2.05144 1.15031 1.18957 1.40863 1.71684 0.537205 0.74458 0.983702 1.5342 1.41607 1.59912 1.42102 1.52586 1.50281 2.7498 2.46565 1.71998 1.78105 1.51878 1.4709 1.43061 1.53876 1.32049 2.74713 0.738793 2.6353 1.66052 2.25765 2.15754 1.97893 1.93337 1.94728 
RBFMultiquadricAuto_iters6_phase_shifts9_Naive_full_pi_is_0
 1.64213 1.44567 1.40924 2.107 1.48174 1.6101 1.61395 1.55985 2.55719 1.32105 2.0213 1.96687 2.37171 1.90359 1.93426 1.85624 1.96838 1.95278 2.25161 1.99232 1.58492 1.70817 1.44891 1.34336 1.17291 1.52686 1.3244 2.17626 1.0923 2.56877 1.81813 2.05341 2.79786 2.68024 2.38677 2.38207 
RBFBell_iters8_phase_shifts7_Naive_full_pi_is_0
 2.62583 2.7104 2.83003 2.24807 1.8172 1.76297 1.75985 1.587 1.76757 1.02254 1.2944 0.993348 1.42295 1.47098 1.41487 1.30212 1.38184 1.3937 3.04054 2.34417 1.787 1.77645 1.68289 1.28741 1.52902 1.38414 1.12308 2.23676 1.67543 2.93311 1.78387 2.7126 2.2314 2.08832 1.9033 1.91743 
RBFGaussian_iters8_phase_shifts7_Naive_full_pi_is_0
 2.62583 2.7104 2.83003 2.24807 1.8172 1.76297 1.75985 1.587 1.76757 1.02254 1.2944 0.993348 1.42295 1.47098 1.41487 1.30212 1.38184 1.3937 3.04054 2.34417 1.787 1.77645 1.68289 1.28741 1.52902 1.38414 1.12308 2.23676 1.67543 2.93311 1.78387 2.7126 2.2314 2.08832 1.9033 1.91743 
IDW_iters8_phase_shifts9_Naive_full_pi_is_0
 4.00142 2.87609 2.50734 2.55684 1.72927 1.83815 1.81549 1.63671 2.3671 0.555447 0.683025 0.733857 1.45081 1.42606 1.35848 1.39698 1.44124 1.47007 3.00404 2.3964 1.7107 1.72508 1.58078 1.52685 1.37538 1.50835 1.23211 1.07018 1.31126 2.31704 1.43197 2.55022 2.29133 2.076 2.00853 1.84222 
RBFMultiquadricManual_iters9_phase_shifts3_NaiveFTFracDir_full_pi_is_1
 0.690426 1.14991 1.16296 1.06338 1.0644 0.935533 0.966984 0.97529 1.21063 7.08746 5.92943 3.41754 0.8568 0.931008 0.935449 1.06724 1.05258 1.14129 0.77885 0.739798 0.796441 0.920949 0.885455 0.966036 1.33362 1.19713 1.24062 0.56284 1.16889 1.31391 1.27391 1.27368 1.13022 1.12122 1.11599 1.12878 
RBFMultiquadricAuto_iters7_phase_shifts5_Naive_full_pi_is_0
 2.74625 1.7946 1.84388 2.39873 1.58233 1.56524 1.55387 1.72201 2.99246 1.16901 1.82586 1.84045 2.22579 1.68204 1.73195 1.72519 1.77534 1.71727 2.34446 2.04505 1.5888 1.71151 1.51953 1.28979 1.22969 1.55194 1.34027 1.11269 1.07296 2.22326 1.73703 2.66847 2.68511 2.51807 2.32613 2.27926 
RBFMultiquadricManual_iters5_phase_shifts6_Naive_full_pi_is_1
 0.726515 1.33795 1.35336 1.14352 1.0849 1.00386 1.00787 1.11527 1.1236 5.73927 3.42875 4.22019 3.18374 2.73105 2.6636 2.57864 2.33956 2.29135 0.650627 0.496042 0.816282 0.794463 0.878511 1.197 1.15755 1.14644 1.22694 0.690591 1.26986 1.27373 1.24652 1.0857 1.19943 1.1289 1.13713 1.16175 
RBFMultiquadricManual_iters5_phase_shifts8_Naive_full_pi_is_1
 0.734564 1.40947 1.40119 1.19048 1.10732 1.01647 1.02404 1.14636 1.16856 5.73643 3.4312 4.24212 3.15689 2.75344 2.71778 2.60247 2.40728 2.40714 0.652375 0.481515 0.822073 0.78774 0.878878 1.20184 1.17801 1.14928 1.18024 0.423384 1.23038 1.25588 1.2282 1.10269 1.21417 1.17288 1.17549 1.21622 
IDW_iters8_phase_shifts8_Naive_full_pi_is_0
 3.84005 3.60246 2.64503 2.67734 1.82278 1.84819 1.86273 1.62046 2.0669 0.545827 0.783792 0.759782 1.46882 1.45445 1.38395 1.40988 1.43698 1.42945 2.93813 2.46506 1.72269 1.73228 1.54563 1.43249 1.35339 1.48494 1.22454 1.3284 1.09677 2.35181 1.45759 2.50276 2.32483 2.09517 1.98643 2.0001 
RBFMultiquadricManual_iters5_phase_shifts9_Naive_full_pi_is_1
 0.75143 1.43411 1.42857 1.21025 1.1138 1.02137 1.0271 1.14942 1.17576 5.78025 3.42864 4.26767 3.17138 2.74258 2.71807 2.58047 2.4192 2.40118 0.636017 0.482734 0.819504 0.780085 0.879293 1.12952 1.12606 1.20242 1.16216 0.419001 1.22629 1.25992 1.07043 1.10342 1.2227 1.17765 1.18108 1.22461 
RBFMultiquadricAuto_iters9_phase_shifts3_Naive_full_pi_is_0
 2.71313 2.36071 2.69301 2.79412 1.67909 1.75815 1.71964 1.76342 2.64876 0.930742 1.82433 1.57916 1.94146 1.65234 1.80621 1.60723 1.67324 1.64568 2.14408 2.07148 1.53475 1.66923 1.50704 1.33052 1.32084 1.54295 1.2642 1.2326 1.63 2.53434 1.80387 2.54734 2.68855 2.48096 2.30351 2.27121 
IDW_iters8_phase_shifts6_Naive_full_pi_is_0
 3.98577 3.08413 2.77853 2.76208 1.82585 1.63765 1.60525 1.6333 2.04922 0.554214 0.752819 0.74836 1.41483 1.40459 1.36994 1.38257 1.47721 1.50867 2.90773 2.41954 1.74398 1.77249 1.51461 1.4607 1.36056 1.46814 1.19975 1.46823 1.36218 2.28668 1.78334 2.70343 2.53335 2.20172 2.11691 1.98933 
RBFMultiquadricAuto_iters8_phase_shifts4_Naive_full_pi_is_0
 2.77348 2.1579 2.06295 3.0345 1.51256 1.59395 1.58801 1.67542 2.74964 1.12755 2.01752 1.77546 2.10724 1.81932 1.82767 1.78826 1.85142 1.75845 2.22456 2.12446 1.61017 1.7316 1.50974 1.32633 1.23436 1.57024 1.22987 0.934339 0.985734 2.41636 1.79076 2.57374 2.73488 2.56599 2.35247 2.31032 
RBFMultiquadricManual_iters5_phase_shifts7_Naive_full_pi_is_1
 0.738441 1.39975 1.38782 1.17608 1.11476 1.02211 1.02924 1.14719 1.14704 5.89659 3.53271 4.30285 3.17894 2.78909 2.7271 2.65609 2.42592 2.4077 0.652926 0.490947 0.823087 0.788139 0.888437 1.20014 1.16888 1.14463 1.19234 0.550263 1.23119 1.25158 1.22919 1.0893 1.20326 1.14434 1.13557 1.16845 
IDW_iters8_phase_shifts7_Naive_full_pi_is_0
 4.21084 3.28773 2.75684 2.70509 1.81714 1.63893 1.614 1.61268 1.94837 0.555601 0.707551 0.707095 1.39919 1.37095 1.37949 1.36216 1.44883 1.48347 3.03951 2.54699 1.7687 1.82075 1.57693 1.46016 1.37714 1.52261 1.22541 1.45453 1.1048 2.36636 1.64444 2.59496 2.55594 2.26963 2.14839 2.00815 
RBFMultiquadricAuto_iters7_phase_shifts6_Naive_full_pi_is_0
 2.855 1.91867 2.01982 2.66546 1.64474 1.64769 1.66356 1.72277 2.75862 1.35529 2.09255 1.80965 2.32483 1.89219 1.95754 1.90899 1.94545 1.89743 2.41078 2.079 1.60755 1.73882 1.50733 1.30149 1.31559 1.58344 1.34564 2.27812 0.950442 2.19766 1.6292 2.6558 2.71565 2.54922 2.34912 2.30609 
IDW_iters9_phase_shifts7_Naive_full_pi_is_0
 2.07397 2.81109 2.74032 3.10824 1.97759 1.76806 1.77405 1.82245 2.06226 0.541314 0.703934 0.920181 1.65249 1.52905 1.5418 1.5288 1.61094 1.55604 2.78633 2.4397 1.72707 1.73715 1.58455 1.54265 1.45085 1.56512 1.28967 1.07964 1.24518 2.84571 2.00022 3.2518 3.06672 2.69161 2.40911 2.29661 
RBFMultiquadricManual_iters4_phase_shifts9_Naive_full_pi_is_0
 1.30096 0.97669 1.03249 1.17406 0.9619 0.834673 0.843661 1.09528 1.70184 5.00135 2.41302 3.62769 3.03829 2.80951 2.56351 2.3767 2.32429 2.34306 1.36327 1.29858 1.17036 1.19786 1.08501 1.04448 0.998842 1.02642 1.0692 0.792742 2.91568 2.75999 2.18736 2.19717 2.04471 1.84683 1.75118 1.85474 
RBFMultiquadricManual_iters4_phase_shifts7_Naive_full_pi_is_0
 1.30343 0.935435 0.945684 1.55122 0.959535 0.98621 0.991039 1.0352 1.37411 5.01327 2.50373 3.67741 3.08553 2.8295 2.50176 2.38945 2.16562 2.35249 1.33366 1.29367 1.16405 1.19225 1.08545 1.03225 0.98709 1.01249 1.06361 0.8579 3.06757 2.749 2.18238 2.15557 2.01583 1.82522 1.72652 1.83275 
IDW_iters9_phase_shifts5_Naive_full_pi_is_0
 4.31922 2.65685 2.82876 2.45854 1.73008 1.47648 1.87673 1.71067 1.96586 0.49728 0.712171 0.850956 1.57664 1.41745 1.47087 1.46483 1.52012 1.51909 3.13264 2.67354 1.85235 1.90511 1.63552 1.58537 1.47855 1.6138 1.48599 1.86573 0.848538 2.20446 1.7258 2.70934 2.6642 2.38179 2.36359 2.24058 
RBFBell_iters9_phase_shifts5_Naive_full_pi_is_0
 1.87301 2.32609 2.6938 2.36452 1.84048 1.67942 1.68988 1.61043 1.76061 0.902268 1.29604 0.9992 1.50508 1.43048 1.41339 1.32347 1.41198 1.46708 3.07019 2.33086 1.76419 1.76488 1.81181 1.4773 1.33401 1.44344 1.03647 3.4817 1.89827 3.07874 2.65421 3.37023 2.61686 2.44596 2.2881 2.28073 
RBFGaussian_iters9_phase_shifts5_Naive_full_pi_is_0
 1.87301 2.32609 2.6938 2.36452 1.84048 1.67942 1.68988 1.61043 1.76061 0.902268 1.29604 0.9992 1.50508 1.43048 1.41339 1.32347 1.41198 1.46708 3.07019 2.33086 1.76419 1.76488 1.81181 1.4773 1.33401 1.44344 1.03647 3.4817 1.89827 3.07874 2.65421 3.37023 2.61686 2.44596 2.2881 2.28073 
RBFMultiquadricManual_iters4_phase_shifts8_Naive_full_pi_is_0
 1.30604 0.978681 1.04917 1.13456 0.9743 0.993683 0.83768 1.09316 1.90749 5.0415 2.37327 3.63909 3.11615 2.82547 2.6498 2.39014 2.35727 2.36932 1.33757 1.2857 1.16079 1.19027 1.07989 1.0334 0.985633 1.01372 1.05893 0.783901 3.0397 2.75119 2.18028 2.17382 2.03453 1.83594 1.741 1.84693 
IDW_iters9_phase_shifts9_Naive_full_pi_is_0
 1.86626 2.88864 2.67501 2.69402 1.94082 1.91891 1.64895 1.91578 2.50184 0.606602 0.68761 0.695222 1.54013 1.37399 1.43169 1.41257 1.50601 1.45945 3.01259 2.47495 1.82636 1.83831 1.64035 1.57063 1.44094 1.56575 1.20834 1.67393 1.8659 2.86616 2.08552 3.19421 3.10665 2.74519 2.46344 2.32242 
RBFMultiquadricAuto_iters7_phase_shifts7_Naive_full_pi_is_0
 2.90237 2.02776 2.11807 2.60917 1.88261 1.74623 1.77604 1.57097 3.33575 1.39237 2.15378 1.84062 2.29143 1.8464 1.86583 1.843 1.95848 1.88461 2.48499 2.12431 1.63164 1.76288 1.53945 1.31817 1.33128 1.59756 1.34843 2.38165 0.974255 2.15298 1.62573 2.65369 2.74159 2.61227 2.39581 2.3659 
IDW_iters9_phase_shifts8_Naive_full_pi_is_0
 2.09314 3.53633 2.81702 3.31694 1.97767 2.02808 1.61028 1.8572 2.23565 0.574562 0.729354 0.804485 1.58478 1.56892 1.44852 1.45868 1.53821 1.47873 2.87917 2.38742 1.75914 1.76871 1.65939 1.4912 1.45002 1.52511 1.25543 1.2657 1.42552 2.68902 2.14793 3.10914 3.00909 2.67294 2.54369 2.28525 
RBFMultiquadricManual_iters4_phase_shifts6_Naive_full_pi_is_0
 1.3074 0.910758 0.925396 1.25639 0.935275 1.19663 0.970682 1.01132 1.36676 5.20572 2.5482 3.84441 3.26946 2.97922 2.75633 2.50139 2.41523 2.43651 1.28999 1.26215 1.1451 1.17811 1.06238 1.02047 0.974104 0.989905 1.06603 0.892583 3.15018 2.67062 2.12497 2.10664 1.98359 1.79338 1.68078 1.783 
RBFMultiquadricAuto_iters9_phase_shifts4_Naive_full_pi_is_0
 2.91653 1.58383 1.79218 3.46225 1.28562 1.74779 1.69896 1.67217 3.59148 1.08051 1.91091 1.57621 2.15148 1.87555 1.90527 1.85512 1.94257 1.9083 2.30791 2.21273 1.61113 1.74245 1.5178 1.31812 1.23163 1.6 1.22808 1.39776 1.47475 2.58823 1.88782 2.72401 3.09155 2.86783 2.55525 2.50062 
RBFMultiquadricManual_iters5_phase_shifts3_NaiveFTFracDir_full_pi_is_0
 1.29462 0.600814 0.684706 0.79662 0.863484 0.852275 0.880299 0.827876 0.848197 6.26219 4.72561 4.32722 3.57558 3.22317 3.07692 2.79864 2.52273 2.49613 0.868062 0.982072 0.981785 1.05389 0.890764 0.945081 1.07248 0.964104 0.991631 0.950656 1.21317 1.05844 1.14521 0.903396 0.952457 0.993616 1.02531 1.01193 
RBFMultiquadricManual_iters9_phase_shifts3_NaiveFTFracDir_full_pi_is_0
 1.32816 0.82784 0.83947 0.835544 0.833276 0.882418 0.881817 0.758878 0.714905 6.55926 3.43707 4.20727 3.62473 3.2292 3.14435 2.86556 2.68499 2.62646 0.642021 0.954877 1.05719 1.10918 0.999447 1.02614 1.14666 1.05037 0.961063 0.454256 1.47422 1.60597 1.45389 1.11262 1.05899 1.13498 1.23329 1.23713 
IDW_iters9_phase_shifts6_Naive_full_pi_is_0
 4.48252 2.89784 2.89232 3.00994 2.0043 1.58144 1.50941 1.8511 2.21477 0.523123 0.719184 0.901738 1.62385 1.49211 1.51301 1.50028 1.59007 1.59816 2.86871 2.51489 1.8129 1.79356 1.59227 1.54127 1.45782 1.60523 1.28332 1.20043 1.38318 2.38429 1.74291 3.10215 2.91012 2.49241 2.48103 2.21399 
RBFMultiquadricManual_iters7_phase_shifts3_NaiveFTFracDir_full_pi_is_0
 1.45053 0.646831 0.709077 0.871715 0.836512 0.877423 0.867037 0.757224 0.740689 6.56898 3.63972 4.44446 3.6144 3.34135 3.09174 2.81158 2.56803 2.5408 0.616941 0.932215 1.0191 1.06942 0.948486 1.02026 1.10083 1.04343 0.996031 0.973174 1.56216 1.20568 1.31069 1.01099 1.03859 1.10388 1.16685 1.16074 
RBFMultiquadricManual_iters8_phase_shifts3_NaiveFTFracDir_full_pi_is_0
 1.52586 0.77307 0.686748 0.756993 0.815491 0.864611 0.865825 0.740246 0.721843 6.62433 3.42263 4.30769 3.63535 3.26506 3.26297 2.91866 2.72885 2.61457 0.577938 0.930707 1.04941 1.09035 0.977307 1.03462 1.06144 1.05104 0.97365 0.431324 1.51313 1.2341 1.3866 1.06007 1.01805 1.11382 1.20632 1.21223 
RBFBell_iters9_phase_shifts7_Naive_full_pi_is_0
 2.12527 2.99687 3.32728 2.42723 1.91836 1.9022 1.83476 1.75835 1.99318 0.901101 1.17311 1.03478 1.52156 1.42941 1.4623 1.38386 1.46976 1.50402 3.19842 2.42887 1.79101 1.81395 1.8822 1.33471 1.32444 1.4296 1.01836 2.41583 1.47844 3.19293 2.69888 3.66218 2.76016 2.44207 2.27705 2.24151 
RBFGaussian_iters9_phase_shifts7_Naive_full_pi_is_0
 2.12527 2.99687 3.32728 2.42723 1.91836 1.9022 1.83476 1.75835 1.99318 0.901101 1.17311 1.03478 1.52156 1.42941 1.4623 1.38386 1.46976 1.50402 3.19842 2.42887 1.79101 1.81395 1.8822 1.33471 1.32444 1.4296 1.01836 2.41583 1.47844 3.19293 2.69888 3.66218 2.76016 2.44207 2.27705 2.24151 
RBFGaussian_iters9_phase_shifts6_Naive_full_pi_is_0
 1.79744 2.83775 2.79068 2.30886 1.84927 1.8336 1.82845 1.67018 1.88871 0.709052 1.21436 1.03318 1.53187 1.44412 1.42498 1.31913 1.44871 1.47616 3.09094 2.36188 1.78113 1.80049 1.89016 1.32116 1.32492 1.45527 1.03959 4.10736 1.48135 3.12465 2.65644 3.44718 2.7281 2.45125 2.27913 2.28851 
RBFBell_iters9_phase_shifts6_Naive_full_pi_is_0
 1.79744 2.83775 2.79068 2.30886 1.84927 1.8336 1.82845 1.67018 1.88871 0.709052 1.21436 1.03318 1.53187 1.44412 1.42498 1.31913 1.44871 1.47616 3.09094 2.36188 1.78113 1.80049 1.89016 1.32116 1.32492 1.45527 1.03959 4.10736 1.48135 3.12465 2.65644 3.44718 2.7281 2.45125 2.27913 2.28851 
RBFMultiquadricAuto_iters7_phase_shifts8_Naive_full_pi_is_0
 3.05859 2.13432 2.16603 2.65122 1.93794 1.81936 1.87108 1.6465 2.94832 1.40123 2.16479 1.8366 2.33035 1.88923 1.90276 1.87599 1.98292 1.92672 2.52353 2.15322 1.64648 1.78141 1.54457 1.33121 1.35061 1.62144 1.35656 2.02355 1.2057 2.36736 1.81735 2.86805 3.01075 2.81593 2.55808 2.5164 
RBFMultiquadricAuto_iters7_phase_shifts9_Naive_full_pi_is_0
 3.07677 2.24098 2.18163 2.67191 1.9858 1.90937 1.83001 1.66012 3.52507 1.41322 2.14176 1.8444 2.31613 1.79954 1.84418 1.82427 1.94845 1.88608 2.58523 2.19785 1.66565 1.73496 1.5689 1.33665 1.34365 1.63376 1.36291 2.04312 1.10574 2.39147 1.82225 1.95283 3.06563 2.86014 2.5972 2.55325 
RBFMultiquadricManual_iters4_phase_shifts5_Naive_full_pi_is_0
 1.30193 0.942165 0.926279 1.19622 0.898171 1.15964 1.0448 0.943592 1.20943 5.40851 2.64096 3.93863 3.30824 3.04779 2.87823 2.61285 2.43621 2.45429 1.26353 1.24887 1.14889 1.18222 1.08456 1.07956 1.01791 1.04737 1.04695 0.900825 3.31818 2.62366 2.28389 2.10719 1.96724 1.77143 1.66476 1.85516 
RBFMultiquadricAuto_iters8_phase_shifts5_Naive_full_pi_is_0
 2.97056 2.71172 2.52913 3.42419 1.35979 1.81671 1.81757 1.71273 3.4206 1.35811 2.07148 1.93238 2.31367 1.93853 1.98674 1.91688 1.96845 1.88329 2.48276 2.16777 1.65361 1.77822 1.53269 1.33047 1.25128 1.63265 1.27421 1.00069 1.10817 2.5911 1.88121 2.70728 3.08892 2.86002 2.59031 2.55242 
RBFGaussian_iters9_phase_shifts9_Naive_full_pi_is_0
 1.94097 3.36909 3.52549 2.66305 2.10023 2.03702 2.03962 1.90809 2.09792 0.539451 0.955553 0.761914 1.44532 1.45095 1.46102 1.34878 1.46711 1.48234 3.18679 2.43033 1.83688 1.83876 1.72293 1.35371 1.43199 1.50842 1.06062 2.55194 1.9195 3.25464 2.61008 3.74051 2.84298 2.58955 2.2086 2.23686 
RBFBell_iters9_phase_shifts9_Naive_full_pi_is_0
 1.94097 3.36909 3.52549 2.66305 2.10023 2.03702 2.03962 1.90809 2.09792 0.539451 0.955553 0.761914 1.44532 1.45095 1.46102 1.34878 1.46711 1.48234 3.18679 2.43033 1.83688 1.83876 1.72293 1.35371 1.43199 1.50842 1.06062 2.55194 1.9195 3.25464 2.61008 3.74051 2.84298 2.58955 2.2086 2.23686 
RBFGaussian_iters9_phase_shifts8_Naive_full_pi_is_0
 2.03832 3.30401 3.44989 2.65395 2.03779 1.95438 1.95686 1.87906 2.07064 0.739453 1.0799 0.962296 1.52482 1.50236 1.50797 1.43126 1.48601 1.5511 3.16919 2.40722 1.7811 1.80323 1.88434 1.31822 1.32514 1.46348 1.13105 3.3715 1.69745 3.21934 2.6158 3.65328 2.85091 2.43584 2.29085 2.29305 
RBFBell_iters9_phase_shifts8_Naive_full_pi_is_0
 2.03832 3.30401 3.44989 2.65395 2.03779 1.95438 1.95686 1.87906 2.07064 0.739453 1.0799 0.962296 1.52482 1.50236 1.50797 1.43126 1.48601 1.5511 3.16919 2.40722 1.7811 1.80323 1.88434 1.31822 1.32514 1.46348 1.13105 3.3715 1.69745 3.21934 2.6158 3.65328 2.85091 2.43584 2.29085 2.29305 
RBFMultiquadricAuto_iters8_phase_shifts6_Naive_full_pi_is_0
 3.03161 2.58383 2.53803 3.46281 1.89892 1.8798 1.83641 1.72949 3.65389 1.42098 2.23074 1.94737 2.38903 1.92097 2.05378 1.96898 2.0145 1.93438 2.51917 2.19141 1.65444 1.79729 1.53983 1.33917 1.17432 1.65771 1.28322 0.977658 1.14573 2.63356 1.88207 2.76475 3.12577 2.91953 2.62183 2.585 
RBFMultiquadricAuto_iters8_phase_shifts7_Naive_full_pi_is_0
 3.04765 2.68083 2.70564 3.63448 2.00322 1.92343 1.90054 1.83022 3.74964 1.44108 2.27334 1.90238 2.42207 1.94059 2.06329 1.99645 2.04667 1.99189 2.60755 2.23573 1.688 1.8267 1.56032 1.32713 1.19661 1.70234 1.3177 1.19971 1.09136 2.67694 1.93705 3.08259 3.21249 3.00849 2.69705 2.64259 
RBFMultiquadricManual_iters4_phase_shifts3_Naive_full_pi_is_0
 1.32542 0.962891 1.0379 1.06673 0.77722 1.11623 1.12655 1.03762 0.983841 6.79905 3.20758 4.84897 3.98911 3.36214 2.97959 2.7951 2.59093 2.54281 0.937455 1.04281 1.01712 1.06999 1.03271 0.969279 0.99515 0.994416 1.06457 0.903687 3.05232 2.35526 2.00781 1.88414 1.71914 1.56604 1.46124 1.62646 
RBFMultiquadricManual_iters4_phase_shifts2_Naive_full_pi_is_0
 1.03386 0.940913 0.983981 0.930111 0.893496 0.926156 0.927256 0.86869 0.809876 7.26382 3.1066 5.10201 4.0387 3.50563 2.96923 2.7467 2.67133 2.5554 0.762554 0.935711 1.00293 1.06018 0.988081 1.05309 1.0073 1.00371 1.05682 0.888382 2.86284 1.96483 1.77664 1.59704 1.46336 1.39241 1.3643 1.41684 
RBFMultiquadricManual_iters4_phase_shifts4_Naive_full_pi_is_0
 1.28012 0.90353 1.02168 1.10883 0.842016 0.978771 0.998306 0.874923 1.16121 6.509 3.28962 4.55637 3.78672 3.42226 3.30873 2.87701 2.64454 2.57062 0.990154 1.07458 1.04187 1.08791 1.02427 1.01506 0.98697 1.03008 1.03224 0.50296 3.27805 2.51102 2.19265 2.01677 1.8587 1.69048 1.59524 1.78072 
RBFMultiquadricAuto_iters9_phase_shifts5_Naive_full_pi_is_0
 3.10862 1.99668 2.15465 3.8215 2.00404 1.99212 1.96629 1.87562 4.24181 1.26966 2.01406 1.7677 2.45149 2.09315 2.10993 2.07445 2.10043 2.02088 2.54884 2.20964 1.63699 1.77864 1.5154 1.29137 1.24825 1.64099 1.28429 1.3636 1.29478 2.91313 2.06597 3.1283 3.46268 3.15285 2.79812 2.73717 
RBFMultiquadricAuto_iters8_phase_shifts8_Naive_full_pi_is_0
 3.1354 2.77318 2.70067 3.70726 1.72051 1.95349 1.95185 1.81721 4.42882 1.45025 2.2564 1.78366 2.40655 1.87805 2.03842 1.98211 2.11255 2.01348 2.63387 2.29044 1.71833 1.78135 1.59086 1.32966 1.2034 1.72658 1.32878 1.41788 1.12704 2.70602 1.95802 3.10349 3.28625 3.06933 2.75455 2.69655 
RBFMultiquadricManual_iters5_phase_shifts9_Naive_full_pi_is_0
 1.46474 1.0735 1.17682 1.2872 1.02143 1.17622 1.08654 1.1138 1.9328 6.40689 2.85938 4.55057 3.65525 3.40602 2.99928 2.80602 2.83658 2.77624 1.41373 1.39198 1.13123 1.25557 1.13889 1.08247 1.02335 1.11511 1.10473 1.63515 2.76201 2.79071 2.08533 2.2929 2.11578 1.93268 1.80789 1.91865 
RBFMultiquadricAuto_iters9_phase_shifts6_Naive_full_pi_is_0
 3.26909 2.06426 2.25177 3.77958 2.01202 1.95349 1.99676 1.88311 4.45855 1.37907 2.35609 1.76092 2.47913 2.00766 2.05332 2.01853 2.1488 2.01978 2.60219 2.2443 1.68038 1.7499 1.56272 1.26174 1.19873 1.7108 1.30688 1.27557 1.09849 2.97212 2.07867 3.20254 3.58649 3.3056 2.91374 2.86094 
RBFMultiquadricAuto_iters9_phase_shifts9_Naive_full_pi_is_0
 3.24597 1.67192 1.60952 3.24019 1.29878 1.70649 1.76891 1.70548 4.35898 1.43737 2.45093 2.01049 2.71295 2.23533 2.37061 2.22962 2.34818 2.23254 2.75057 2.3184 1.72727 1.7886 1.56673 1.28196 1.22385 1.76876 1.32799 1.27261 1.22599 2.99224 2.11402 3.54196 3.7105 3.39545 3.01446 2.90247 
RBFMultiquadricAuto_iters8_phase_shifts9_Naive_full_pi_is_0
 3.18196 2.44528 2.93125 3.78444 1.76794 2.01221 1.98142 1.82344 3.97156 1.43444 2.27667 1.86555 2.45809 1.92095 2.14235 2.00931 2.13979 2.02559 2.69057 2.31963 1.73857 1.79388 1.6026 1.33923 1.2119 1.73687 1.36901 2.79033 1.50215 2.75587 2.04558 3.16802 3.35981 3.15327 2.82442 2.76567 
RBFMultiquadricManual_iters5_phase_shifts2_Naive_full_pi_is_0
 1.07792 1.00173 1.04929 1.03499 0.939026 1.18365 1.17714 1.08414 0.977094 7.88726 3.0527 5.26853 4.23576 3.81833 3.18739 2.89959 2.88903 2.69784 0.763838 1.04935 1.08714 1.1383 1.04853 1.07068 1.01926 1.06638 1.10327 0.95208 2.83901 1.92353 1.7573 1.70301 1.52457 1.43093 1.38159 1.48004 
RBFMultiquadricManual_iters5_phase_shifts3_Naive_full_pi_is_0
 1.49165 1.37082 1.39962 1.23713 1.13986 1.41559 1.41816 1.32223 1.33951 7.45874 2.98861 4.90787 4.14621 3.59963 3.25115 2.9904 2.88791 2.66661 1.01577 1.17215 1.09722 1.14171 1.03589 1.03225 0.996972 1.07509 1.10501 0.925161 2.52314 2.4073 1.92114 2.07557 1.87168 1.68753 1.59896 1.80192 
RBFMultiquadricAuto_iters9_phase_shifts7_Naive_full_pi_is_0
 3.15728 2.29715 2.4151 4.00701 2.11832 2.0272 2.0924 1.92595 4.60775 1.41231 2.39799 1.86498 2.59024 2.18468 2.21089 2.14447 2.2856 2.14863 2.67346 2.28233 1.7084 1.77194 1.55932 1.26986 1.21863 1.74732 1.3549 1.30338 1.14786 2.97578 2.08403 3.22748 3.64885 3.47201 2.93331 2.85096 
RBFMultiquadricAuto_iters9_phase_shifts8_Naive_full_pi_is_0
 3.21504 2.27374 2.28265 3.98682 1.67102 1.99798 2.0784 1.93472 4.61196 1.43017 2.40382 1.94666 2.6304 2.17511 2.2336 2.19036 2.30387 2.15311 2.70312 2.29582 1.7146 1.77891 1.54751 1.26335 1.21248 1.75833 1.31196 1.2872 1.17666 2.97878 2.12082 3.52111 3.67201 3.35647 2.9814 2.86613 
RBFMultiquadricManual_iters5_phase_shifts4_Naive_full_pi_is_0
 1.46302 1.16208 1.27602 1.28929 1.21753 1.28081 1.27967 1.18801 1.49512 7.06804 3.03867 4.89497 3.76218 3.71629 3.42821 3.16304 2.93394 2.75015 1.29796 1.33339 1.16012 1.19676 1.0796 1.03249 0.986668 1.12163 1.1039 1.66922 2.71485 2.66246 2.05487 2.22916 2.01111 1.83289 1.73308 1.84615 
RBFMultiquadricManual_iters5_phase_shifts8_Naive_full_pi_is_0
 1.46398 1.37354 1.07329 1.39542 1.0169 1.16805 1.1694 1.07508 1.8661 6.73392 3.04508 4.75075 3.81311 3.52526 3.08744 2.87687 2.86584 2.84315 1.40902 1.38868 1.12826 1.24797 1.13762 1.08306 1.02408 1.10897 1.10164 1.59384 3.49767 3.00539 2.22227 2.37885 2.15752 1.96964 1.84052 1.94998 
RBFMultiquadricManual_iters5_phase_shifts7_Naive_full_pi_is_0
 1.45217 1.18285 1.06071 1.3554 1.33959 1.42214 1.42729 1.27669 1.97989 6.73947 3.01556 4.76652 3.88101 3.58452 3.16413 2.91923 2.84945 2.88946 1.39076 1.38493 1.12781 1.24413 1.15377 1.08007 1.01527 1.10208 1.10115 1.61024 3.53667 3.01808 2.23165 2.37789 2.16739 1.97113 1.8437 1.94803 
RBFMultiquadricManual_iters6_phase_shifts3_NaiveFTFracDir_full_pi_is_0
 1.00762 0.569004 0.69327 0.854068 0.885444 0.839796 0.836471 0.774005 0.729802 8.20232 4.67771 5.35572 4.32686 4.00205 3.77816 3.34696 3.02756 3.01627 0.685184 0.919881 1.02136 1.07265 0.937429 1.05998 1.12834 1.02555 1.02921 0.944255 1.40476 1.04067 1.15288 0.905016 0.953165 1.01668 1.06551 1.06226 
RBFMultiquadricManual_iters6_phase_shifts3_Naive_full_pi_is_0
 1.5778 1.20162 1.24829 1.24803 1.075 1.42579 1.42329 1.02493 1.26356 7.19075 3.14705 4.98811 4.36778 3.58527 3.4485 3.08907 3.02425 2.75381 1.29259 1.43025 1.17555 1.23049 1.09852 1.06963 1.04136 1.14666 1.06412 1.01728 3.11489 2.66125 2.02179 2.2066 2.05355 1.84792 1.75279 1.84308 
RBFMultiquadricManual_iters5_phase_shifts6_Naive_full_pi_is_0
 1.45475 1.05834 1.15029 1.2848 1.3045 1.38582 1.38083 1.25139 1.91278 6.95961 3.08876 4.85202 3.93511 3.62451 3.38511 2.93515 2.84918 2.9058 1.50645 1.36467 1.1134 1.23058 1.13724 1.0717 1.00996 1.08898 1.0971 1.6518 3.18712 2.96752 2.33431 2.41795 2.17086 1.97924 1.85291 1.92664 
RBFMultiquadricManual_iters6_phase_shifts9_Naive_full_pi_is_0
 1.60628 1.10138 1.01727 1.13401 1.12062 1.4205 1.39334 1.48723 2.23686 6.47427 3.08087 4.79689 3.83552 3.59261 3.1946 2.91129 2.98015 2.94935 1.52496 1.43411 1.13635 1.28538 1.11803 1.07302 1.00793 1.15856 1.07121 1.62146 4.03303 2.91528 2.06283 2.24098 2.37498 2.1885 2.05581 2.10829 
RBFMultiquadricManual_iters6_phase_shifts6_Naive_full_pi_is_0
 1.6314 1.05004 1.05982 1.25695 1.2358 1.25989 1.26463 1.44639 2.05618 6.59682 3.12421 4.65687 3.85681 3.57458 3.5114 2.97253 2.98199 2.91646 1.47287 1.4228 1.17745 1.32486 1.17685 1.10452 1.01105 1.16522 1.07678 1.50538 3.71328 3.02019 2.32138 2.60512 2.35921 2.15305 2.02223 1.97139 
RBFMultiquadricManual_iters5_phase_shifts5_Naive_full_pi_is_0
 1.46377 1.1819 0.92885 1.38363 1.28758 1.33329 1.34431 1.25474 1.72901 7.042 3.14336 4.93321 4.03198 3.67577 3.41195 3.13855 2.95095 2.92178 1.33839 1.36326 1.1943 1.22283 1.11154 1.09832 1.04306 1.12013 1.11199 1.5784 3.38001 2.85166 2.1141 2.34889 2.12095 1.91118 1.79666 1.9243 
RBFMultiquadricManual_iters6_phase_shifts7_Naive_full_pi_is_0
 1.62677 0.971498 1.02407 1.22531 1.1209 1.27385 1.36427 1.45603 2.12753 6.62094 3.15992 4.61449 3.90184 3.64537 3.24315 2.94123 3.0458 3.02314 1.4891 1.41572 1.1807 1.32709 1.16201 1.09695 1.02112 1.17092 1.07779 1.62564 4.43551 3.06259 2.12577 2.51379 2.38589 2.17437 2.0439 2.02042 
RBFMultiquadricManual_iters6_phase_shifts5_Naive_full_pi_is_0
 1.57693 0.972751 0.979435 1.16706 1.15028 1.17045 1.17764 1.33852 1.86365 7.01369 3.47035 4.87365 4.04503 3.72568 3.62864 3.2684 3.10577 3.01004 1.42338 1.39946 1.14864 1.29071 1.13442 1.10364 1.0274 1.17724 1.08046 1.25459 3.63641 2.90615 2.19518 2.53032 2.31678 2.13178 1.98643 2.05821 
RBFMultiquadricManual_iters8_phase_shifts2_Naive_full_pi_is_0
 1.6105 1.07521 1.08925 1.1919 0.870071 0.865657 0.864865 0.884715 1.09371 7.67395 3.81255 5.58951 4.60764 4.31666 3.91096 3.22075 3.28958 3.18814 1.12829 1.35561 1.20478 1.24657 1.17337 1.21319 1.18652 1.18174 1.07264 1.01572 1.88464 1.89701 1.69852 1.82313 1.70113 1.56427 1.50211 1.6887 
RBFMultiquadricManual_iters6_phase_shifts8_Naive_full_pi_is_0
 1.61885 1.07605 1.03477 1.24122 1.10513 1.38206 1.38898 1.47703 2.18154 6.82582 3.1904 4.98101 3.95361 3.66841 3.26915 3.01919 3.05525 3.0523 1.51609 1.44854 1.13888 1.28645 1.14144 1.07367 1.00682 1.15573 1.0702 1.65012 4.43316 3.07453 2.15832 2.29942 2.41983 2.20622 2.10755 2.15629 
RBFMultiquadricManual_iters6_phase_shifts4_Naive_full_pi_is_0
 1.59201 1.14558 1.17781 1.19121 1.26037 1.28222 1.28294 1.29037 1.73058 7.12816 3.4689 4.94896 4.10232 3.85912 3.72691 3.34194 3.1755 2.98957 1.37237 1.4239 1.17891 1.31431 1.14245 1.05848 1.00539 1.18855 1.08504 1.66741 3.53098 2.91857 2.34389 2.41984 2.23453 2.0188 1.92521 1.90616 
RBFMultiquadricManual_iters7_phase_shifts2_Naive_full_pi_is_0
 1.55508 1.08652 1.16564 1.2167 0.91377 0.895313 0.899669 0.873873 1.03068 8.55744 4.18685 5.40939 4.63832 4.17232 3.65934 3.18764 3.26307 3.05731 1.05127 1.30579 1.19102 1.23734 1.16699 1.18285 1.17421 1.16893 1.09802 1.18678 2.37659 1.99743 1.72482 1.86268 1.71179 1.5563 1.49871 1.68521 
RBFMultiquadricManual_iters6_phase_shifts2_Naive_full_pi_is_0
 1.40342 1.13779 1.17425 1.23776 0.976419 0.937119 0.947101 0.866934 1.09488 8.79902 4.05969 5.77492 4.7221 4.36854 3.79012 3.28482 3.27105 2.99275 1.05334 1.23212 1.18159 1.239 1.1657 1.16608 1.1255 1.12831 1.13085 1.06163 2.65804 2.00115 1.72173 1.8352 1.65772 1.52401 1.44191 1.59843 
RBFMultiquadricManual_iters7_phase_shifts6_Naive_full_pi_is_0
 1.65685 1.13294 1.12765 1.3211 1.22678 1.33172 1.31858 1.5093 2.27328 7.02277 3.38176 4.98222 4.22294 4.01801 3.75544 3.19546 3.19808 3.29049 1.88331 1.76919 1.35888 1.50738 1.29083 1.16425 1.09016 1.28117 1.13201 2.54694 3.82041 3.54959 2.45736 2.89747 2.65187 2.36013 2.16161 2.19616 
RBFMultiquadricManual_iters7_phase_shifts9_Naive_full_pi_is_0
 1.66787 1.29366 1.18152 1.45299 1.17929 1.49555 1.51826 1.64441 2.54346 6.73854 3.40893 5.3341 4.05709 3.88884 3.44181 3.14796 3.13568 3.22238 1.94515 1.68335 1.32897 1.45106 1.21673 1.1387 1.08025 1.27381 1.12099 2.8897 3.84072 3.66821 2.5479 2.52058 2.70571 2.49019 2.2496 2.2959 
RBFMultiquadricManual_iters7_phase_shifts8_Naive_full_pi_is_0
 1.66142 1.24061 1.05353 1.22836 1.16387 1.24216 1.49784 1.63194 2.4723 6.6805 3.48768 5.34117 4.08068 3.85447 3.40839 3.13096 3.28367 3.19149 1.92991 1.69805 1.32997 1.45473 1.25262 1.13848 1.07926 1.26519 1.11558 2.84206 4.01387 3.7322 2.62785 2.5382 2.72061 2.48831 2.25295 2.29614 
RBFMultiquadricManual_iters7_phase_shifts7_Naive_full_pi_is_0
 1.6564 1.238 1.16019 1.77461 1.28864 1.22579 1.22183 1.59951 2.37395 6.95948 3.62475 5.00352 4.20349 4.00256 3.58087 3.2464 3.18932 3.29292 1.90281 1.76904 1.3664 1.48404 1.25689 1.15906 1.08302 1.27183 1.14778 2.78483 4.00546 3.43584 2.37197 2.37591 2.64345 2.38079 2.16046 2.20954 
RBFMultiquadricManual_iters8_phase_shifts3_Naive_full_pi_is_0
 2.41243 1.34063 1.2557 1.52039 1.27824 1.13552 1.14185 1.18181 1.8382 7.72004 4.29839 5.36522 4.86358 3.86703 3.73011 3.31454 3.38379 3.36774 1.58726 1.63645 1.34039 1.37501 1.22517 1.07415 1.04613 1.12249 1.03999 1.39655 2.89348 2.92259 2.38651 2.66836 2.37449 2.1296 1.99382 2.03427 
RBFMultiquadricManual_iters7_phase_shifts3_Naive_full_pi_is_0
 1.58409 0.849874 1.10435 1.11961 1.06219 1.00759 1.01762 1.04521 1.54913 8.27336 4.14538 5.67658 4.9062 4.03097 3.78674 3.39598 3.38469 3.32569 1.28948 1.45637 1.24416 1.32464 1.17392 1.1818 1.16845 1.21915 1.11308 1.45206 3.57387 2.773 2.2167 2.35714 2.17509 1.95025 1.83049 1.88085 
RBFMultiquadricManual_iters9_phase_shifts2_Naive_full_pi_is_0
 1.36593 1.3576 1.07647 1.19296 0.905351 0.846931 0.854505 0.88206 1.128 8.7245 5.01448 5.91056 4.96493 4.60807 4.18886 3.41051 3.46178 3.45255 1.3092 1.51673 1.2821 1.32034 1.22943 1.22827 1.20267 1.18736 1.06795 1.0642 1.89736 1.99163 1.77122 1.96881 1.77283 1.63706 1.56205 1.64894 
RBFMultiquadricManual_iters7_phase_shifts5_Naive_full_pi_is_0
 1.68268 1.02298 1.05366 0.997474 1.2212 1.30551 1.3064 1.47901 2.11955 7.93282 3.9941 5.62112 4.72994 4.31955 3.95152 3.71873 3.40356 3.386 1.4791 1.516 1.22655 1.38629 1.2056 1.12961 1.05186 1.25126 1.117 0.814569 3.32006 3.25096 2.37638 2.74805 2.52815 2.25914 2.09385 2.20442 
RBFMultiquadricManual_iters8_phase_shifts4_Naive_full_pi_is_0
 2.6675 1.08546 1.06887 1.25662 1.44213 1.41212 1.45167 1.58028 2.2582 7.84258 3.98808 5.52483 4.57797 4.50984 4.14218 3.73905 3.45387 3.49544 1.74537 1.73404 1.30764 1.46475 1.24695 1.18952 1.15465 1.30788 1.13824 0.723001 2.99698 2.98059 2.28682 2.22633 2.49796 2.24826 2.0768 2.06482 
RBFMultiquadricManual_iters9_phase_shifts4_Naive_full_pi_is_0
 2.30863 1.96362 1.41725 1.85255 1.64971 1.61612 1.60185 1.38641 2.25203 7.10703 3.69539 5.33804 4.40996 4.43355 4.13395 3.61606 3.48323 3.44956 1.7735 1.741 1.30016 1.41685 1.23754 1.07132 1.01967 1.25971 1.08874 1.19108 3.04991 3.05926 2.67784 3.32104 2.87879 2.60184 2.33023 2.25738 
RBFMultiquadricManual_iters8_phase_shifts7_Naive_full_pi_is_0
 1.74053 1.7122 1.196 1.73056 1.51184 1.43669 1.48876 1.82064 2.90384 7.30329 3.99727 5.08029 4.62811 4.2761 3.89053 3.41784 3.39134 3.44987 1.92289 1.80381 1.37493 1.52105 1.26401 1.18282 1.11798 1.36941 1.07967 0.746596 3.68513 3.52425 2.65329 2.46892 2.82078 2.54283 2.28395 2.25822 
RBFMultiquadricManual_iters8_phase_shifts6_Naive_full_pi_is_0
 1.75154 1.14313 1.16204 1.62138 1.51816 1.35508 1.41729 1.74885 2.76824 7.58418 4.04007 5.32453 4.83306 4.43513 4.26469 3.57523 3.54946 3.58754 1.87778 1.78973 1.36514 1.51265 1.25514 1.16404 1.10323 1.3733 1.15529 0.772723 3.35204 3.38719 2.57081 2.40278 2.68481 2.47453 2.19767 2.22074 
RBFMultiquadricManual_iters8_phase_shifts5_Naive_full_pi_is_0
 1.70042 1.17624 1.16101 1.48335 1.49151 1.50542 1.50887 1.69835 2.50541 7.51019 3.84211 5.25923 4.36503 4.36301 4.08506 3.78167 3.44565 3.48026 1.83671 1.75775 1.35311 1.49935 1.25483 1.17267 1.10107 1.34555 1.13348 3.13059 3.81183 3.55355 2.62517 2.45066 2.69134 2.43912 2.2019 2.23219 
RBFMultiquadricManual_iters7_phase_shifts4_Naive_full_pi_is_0
 1.60312 0.911891 0.922662 1.23995 1.34992 1.35466 1.21326 1.35551 2.03683 8.11967 3.78357 5.76209 4.85683 4.37364 4.22393 3.75012 3.49685 3.41112 1.38485 1.49103 1.20246 1.36781 1.21235 1.08668 1.00929 1.24375 1.1208 2.74788 4.10064 3.02129 2.2611 2.6797 2.42381 2.15017 2.0007 2.00438 
RBFMultiquadricManual_iters8_phase_shifts8_Naive_full_pi_is_0
 1.75848 1.59785 1.21623 1.55459 1.56015 1.45894 1.66855 1.846 2.78647 7.5754 4.14232 5.33073 4.68507 4.31873 3.93756 3.45048 3.4436 3.49861 1.95355 1.79056 1.36747 1.51998 1.24867 1.18273 1.09788 1.36856 1.08509 0.789414 3.76704 3.58033 2.61304 2.44175 2.80112 2.58638 2.32706 2.30627 
RBFMultiquadricManual_iters9_phase_shifts3_Naive_full_pi_is_0
 1.46788 1.8726 1.3193 1.54776 1.41054 1.27735 1.28189 1.07493 1.94186 7.34392 3.7255 5.97084 5.18676 4.36413 3.97517 3.68626 3.64659 3.57039 1.61963 1.69268 1.36603 1.392 1.23759 1.08247 1.05268 1.19783 1.08739 3.6177 3.14873 2.95325 2.50917 2.97325 2.59325 2.30167 2.10757 2.13228 
RBFMultiquadricManual_iters9_phase_shifts5_Naive_full_pi_is_0
 2.34252 2.28439 2.06179 1.83891 1.79177 1.57235 1.57483 1.69773 2.55059 7.67621 3.98316 5.23287 4.82854 4.42064 4.1668 3.71235 3.49063 3.51424 1.8577 1.75617 1.33669 1.44596 1.30547 1.1864 1.11729 1.36781 1.07486 2.19553 3.26189 3.348 2.52437 2.71094 2.95778 2.65272 2.35442 2.37803 
RBFMultiquadricManual_iters8_phase_shifts9_Naive_full_pi_is_0
 1.77332 1.73169 1.22078 1.51424 1.55338 1.35778 1.4714 1.84079 2.85875 7.63606 4.20341 5.38187 4.71384 4.30831 3.92748 3.45887 3.61912 3.50883 1.95684 1.7905 1.37069 1.52028 1.26384 1.16241 1.09835 1.39806 1.10258 2.83117 4.15214 3.78096 2.71782 2.46905 2.90757 2.6144 2.3513 2.32553 
RBFMultiquadricManual_iters9_phase_shifts7_Naive_full_pi_is_0
 2.40559 1.8562 1.90581 1.67922 1.8195 1.67974 1.76571 1.86083 3.15735 7.63292 4.08885 5.35956 4.95115 4.52551 4.12829 3.58698 3.65428 3.6436 1.94355 1.81224 1.37383 1.44969 1.30083 1.15232 1.11497 1.40532 1.09617 2.29899 3.01317 3.55858 2.57098 2.74744 3.13389 2.85051 2.47324 2.54608 
RBFMultiquadricManual_iters9_phase_shifts8_Naive_full_pi_is_0
 2.29719 1.66463 1.92373 1.6951 1.83329 1.62922 1.62388 1.85239 3.02006 7.18507 3.80314 5.13474 4.8307 4.42301 3.96932 3.57545 3.60689 3.59237 1.96345 1.81464 1.36895 1.44366 1.29685 1.15485 1.11193 1.41168 1.10057 2.70199 4.36431 4.20062 2.97714 3.07087 3.32116 3.02928 2.63116 2.69109 
RBFMultiquadricManual_iters9_phase_shifts6_Naive_full_pi_is_0
 2.31016 2.14767 2.32536 1.64701 1.7687 1.60753 1.80254 1.74124 2.8327 7.5775 4.11878 5.33998 4.94331 4.51957 4.34573 3.6162 3.65281 3.643 2.01292 1.86258 1.39668 1.47445 1.32451 1.16845 1.12125 1.43155 1.11823 2.58463 4.18519 4.02491 2.87548 2.88924 3.12312 2.8136 2.46738 2.48333 
RBFMultiquadricManual_iters9_phase_shifts9_Naive_full_pi_is_0
 2.45263 1.72997 1.18673 1.74002 1.75486 1.65022 1.66532 1.72116 3.22603 7.35646 3.99907 5.21302 4.90917 4.45334 4.02885 3.6238 3.6516 3.62886 1.96988 1.82868 1.37731 1.44884 1.29871 1.16203 1.12716 1.42075 1.1143 2.87832 4.34272 4.20429 2.98371 3.19495 3.40005 3.10372 2.69639 2.74777 
